file	verdict	status	note
nova_tests/any_is/box_is_downcast.nv	MIGRATE	PASS	compiles+passes; target spec_tests/conformance (language-feature test) unless std-module-shaped
nova_tests/any_is/neg/is_on_primitive.nv	MIGRATE	PASS	compiles+passes; target spec_tests/conformance (language-feature test) unless std-module-shaped
nova_tests/any_is/neg/is_on_record.nv	MIGRATE	PASS	compiles+passes; target spec_tests/conformance (language-feature test) unless std-module-shaped
nova_tests/atomics/neg/plan103_1_ordering_construct_with_payload_neg.nv	MIGRATE	PASS	compiles+passes; target spec_tests/conformance (language-feature test) unless std-module-shaped
nova_tests/atomics/neg/plan103_1_ordering_invalid_variant_neg.nv	MIGRATE	PASS	compiles+passes; target spec_tests/conformance (language-feature test) unless std-module-shaped
nova_tests/atomics/neg/plan103_2_atomic_i32_no_such_static_neg.nv	MIGRATE	PASS	compiles+passes; target spec_tests/conformance (language-feature test) unless std-module-shaped
nova_tests/atomics/neg/plan103_2_atomic_i64_no_such_method_neg.nv	MIGRATE	PASS	compiles+passes; target spec_tests/conformance (language-feature test) unless std-module-shaped
nova_tests/atomics/neg/plan103_2_atomic_i64_ordering_bad_variant_neg.nv	MIGRATE	PASS	compiles+passes; target spec_tests/conformance (language-feature test) unless std-module-shaped
nova_tests/atomics/neg/plan103_2_atomic_isize_no_such_method_neg.nv	MIGRATE	PASS	compiles+passes; target spec_tests/conformance (language-feature test) unless std-module-shaped
nova_tests/atomics/neg/plan103_2_atomic_ptr_no_such_op_neg.nv	MIGRATE	PASS	compiles+passes; target spec_tests/conformance (language-feature test) unless std-module-shaped
nova_tests/atomics/neg/plan103_2_atomic_u64_no_such_op_neg.nv	MIGRATE	PASS	compiles+passes; target spec_tests/conformance (language-feature test) unless std-module-shaped
nova_tests/atomics/plan103_1_fence_each_ordering.nv	MIGRATE	PASS	compiles+passes; target spec_tests/conformance (language-feature test) unless std-module-shaped
nova_tests/atomics/plan103_1_fence_in_supervised.nv	MIGRATE	PASS	compiles+passes; target spec_tests/conformance (language-feature test) unless std-module-shaped
nova_tests/atomics/plan103_1_fence_smoke_no_crash.nv	MIGRATE	PASS	compiles+passes; target spec_tests/conformance (language-feature test) unless std-module-shaped
nova_tests/atomics/plan103_1_ordering_enum_match.nv	MIGRATE	PASS	compiles+passes; target spec_tests/conformance (language-feature test) unless std-module-shaped
nova_tests/atomics/plan103_1_ordering_passed_as_param.nv	MIGRATE	PASS	compiles+passes; target spec_tests/conformance (language-feature test) unless std-module-shaped
nova_tests/atomics/plan103_2_atomic_bitwise_maxmin.nv	MIGRATE	PASS	compiles+passes; target spec_tests/conformance (language-feature test) unless std-module-shaped
nova_tests/atomics/plan103_2_atomic_bool_expanded.nv	MIGRATE	PASS	compiles+passes; target spec_tests/conformance (language-feature test) unless std-module-shaped
nova_tests/atomics/plan103_2_atomic_explicit_ordering.nv	MIGRATE	PASS	compiles+passes; target spec_tests/conformance (language-feature test) unless std-module-shaped
nova_tests/atomics/plan103_2_atomic_i32_i16_i8.nv	MIGRATE	PASS	compiles+passes; target spec_tests/conformance (language-feature test) unless std-module-shaped
nova_tests/atomics/plan103_2_atomic_i64_basic.nv	MIGRATE	PASS	compiles+passes; target spec_tests/conformance (language-feature test) unless std-module-shaped
nova_tests/atomics/plan103_2_atomic_isize_usize.nv	MIGRATE	PASS	compiles+passes; target spec_tests/conformance (language-feature test) unless std-module-shaped
nova_tests/atomics/plan103_2_atomic_property_additive.nv	MIGRATE	PASS	compiles+passes; target spec_tests/conformance (language-feature test) unless std-module-shaped
nova_tests/atomics/plan103_2_atomic_property_bitwise.nv	MIGRATE	PASS	compiles+passes; target spec_tests/conformance (language-feature test) unless std-module-shaped
nova_tests/atomics/plan103_2_atomic_ptr_basic.nv	MIGRATE	PASS	compiles+passes; target spec_tests/conformance (language-feature test) unless std-module-shaped
nova_tests/atomics/plan103_2_atomic_stress_sequential.nv	MIGRATE	PASS	compiles+passes; target spec_tests/conformance (language-feature test) unless std-module-shaped
nova_tests/atomics/plan103_2_atomic_u64_u32_u16_u8.nv	MIGRATE	PASS	compiles+passes; target spec_tests/conformance (language-feature test) unless std-module-shaped
nova_tests/basics/control_flow.nv	STALE	CC-FAIL	CC-FAIL: D:\Sources\nv-lang\nova-198\nova_tests/basics\control_flow.c:7580:6: error: use of undeclared identifier 'apply' | D:\Sources\nv-lang\nova-198\nova_tests/basics\control_flow.c:7581:42: error: use of undeclare...
nova_tests/basics/functions.nv	STALE	CC-FAIL	CC-FAIL: D:\Sources\nv-lang\nova-198\nova_tests/basics\control_flow.c:7580:6: error: use of undeclared identifier 'apply' | D:\Sources\nv-lang\nova-198\nova_tests/basics\control_flow.c:7581:42: error: use of undeclare...
nova_tests/basics/let_const.nv	STALE	CC-FAIL	CC-FAIL: D:\Sources\nv-lang\nova-198\nova_tests/basics\control_flow.c:7580:6: error: use of undeclared identifier 'apply' | D:\Sources\nv-lang\nova-198\nova_tests/basics\control_flow.c:7581:42: error: use of undeclare...
nova_tests/basics/literals.nv	STALE	CC-FAIL	CC-FAIL: D:\Sources\nv-lang\nova-198\nova_tests/basics\control_flow.c:7580:6: error: use of undeclared identifier 'apply' | D:\Sources\nv-lang\nova-198\nova_tests/basics\control_flow.c:7581:42: error: use of undeclare...
nova_tests/basics/operators.nv	STALE	CC-FAIL	CC-FAIL: D:\Sources\nv-lang\nova-198\nova_tests/basics\control_flow.c:7580:6: error: use of undeclared identifier 'apply' | D:\Sources\nv-lang\nova-198\nova_tests/basics\control_flow.c:7581:42: error: use of undeclare...
nova_tests/basics/recursion.nv	STALE	CC-FAIL	CC-FAIL: D:\Sources\nv-lang\nova-198\nova_tests/basics\control_flow.c:7580:6: error: use of undeclared identifier 'apply' | D:\Sources\nv-lang\nova-198\nova_tests/basics\control_flow.c:7581:42: error: use of undeclare...
nova_tests/basics/trailing_block.nv	STALE	CC-FAIL	CC-FAIL: D:\Sources\nv-lang\nova-198\nova_tests/basics\control_flow.c:7580:6: error: use of undeclared identifier 'apply' | D:\Sources\nv-lang\nova-198\nova_tests/basics\control_flow.c:7581:42: error: use of undeclare...
nova_tests/basics/tuples.nv	STALE	CC-FAIL	CC-FAIL: D:\Sources\nv-lang\nova-198\nova_tests/basics\control_flow.c:7580:6: error: use of undeclared identifier 'apply' | D:\Sources\nv-lang\nova-198\nova_tests/basics\control_flow.c:7581:42: error: use of undeclare...
nova_tests/buffers/neg/neg_read_oob.nv	MIGRATE	PASS	compiles+passes; target spec_tests/conformance (language-feature test) unless std-module-shaped
nova_tests/buffers/read_char_str.nv	MIGRATE	PASS	compiles+passes; target spec_tests/conformance (language-feature test) unless std-module-shaped
nova_tests/buffers/read_floats.nv	MIGRATE	PASS	compiles+passes; target spec_tests/conformance (language-feature test) unless std-module-shaped
nova_tests/buffers/read_integers.nv	MIGRATE	PASS	compiles+passes; target spec_tests/conformance (language-feature test) unless std-module-shaped
nova_tests/buffers/read_nav.nv	MIGRATE	PASS	compiles+passes; target spec_tests/conformance (language-feature test) unless std-module-shaped
nova_tests/buffers/read_oob.nv	MIGRATE	PASS	compiles+passes; target spec_tests/conformance (language-feature test) unless std-module-shaped
nova_tests/buffers/roundtrip.nv	MIGRATE	PASS	compiles+passes; target spec_tests/conformance (language-feature test) unless std-module-shaped
nova_tests/buffers/write_constructors.nv	MIGRATE	PASS	compiles+passes; target spec_tests/conformance (language-feature test) unless std-module-shaped
nova_tests/buffers/write_floats.nv	MIGRATE	PASS	compiles+passes; target spec_tests/conformance (language-feature test) unless std-module-shaped
nova_tests/buffers/write_integers.nv	MIGRATE	PASS	compiles+passes; target spec_tests/conformance (language-feature test) unless std-module-shaped
nova_tests/buffers/write_misc.nv	MIGRATE	PASS	compiles+passes; target spec_tests/conformance (language-feature test) unless std-module-shaped
nova_tests/cfg/feature_gate/core.nv	N/A-support	NORESULT	support/library file — no independent test unit (imported by sibling test in same dir tree)
nova_tests/cfg/feature_gate/experimental.nv	N/A-support	NORESULT	support/library file — no independent test unit (imported by sibling test in same dir tree)
nova_tests/cfg/feature_gate/stable.nv	N/A-support	NORESULT	support/library file — no independent test unit (imported by sibling test in same dir tree)
nova_tests/cfg/feature_gate_use.nv	MIGRATE	PASS	compiles+passes; target spec_tests/conformance (language-feature test) unless std-module-shaped
nova_tests/cfg/item_level_use.nv	MIGRATE	PASS	compiles+passes; target spec_tests/conformance (language-feature test) unless std-module-shaped
nova_tests/cfg/platform_route/core.nv	N/A-support	NORESULT	support/library file — no independent test unit (imported by sibling test in same dir tree)
nova_tests/cfg/platform_route/impl_linux.nv	N/A-support	NORESULT	support/library file — no independent test unit (imported by sibling test in same dir tree)
nova_tests/cfg/platform_route/impl_macos.nv	N/A-support	NORESULT	support/library file — no independent test unit (imported by sibling test in same dir tree)
nova_tests/cfg/platform_route/impl_windows.nv	N/A-support	NORESULT	support/library file — no independent test unit (imported by sibling test in same dir tree)
nova_tests/cfg/platform_route_use.nv	MIGRATE	PASS	compiles+passes; target spec_tests/conformance (language-feature test) unless std-module-shaped
nova_tests/cfg/predicate_all/core.nv	N/A-support	NORESULT	support/library file — no independent test unit (imported by sibling test in same dir tree)
nova_tests/cfg/predicate_all/impl.nv	N/A-support	NORESULT	support/library file — no independent test unit (imported by sibling test in same dir tree)
nova_tests/cfg/predicate_all_off/core.nv	N/A-support	NORESULT	support/library file — no independent test unit (imported by sibling test in same dir tree)
nova_tests/cfg/predicate_all_off/disabled.nv	N/A-support	NORESULT	support/library file — no independent test unit (imported by sibling test in same dir tree)
nova_tests/cfg/predicate_all_off_use.nv	MIGRATE	PASS	compiles+passes; target spec_tests/conformance (language-feature test) unless std-module-shaped
nova_tests/cfg/predicate_all_use.nv	MIGRATE	PASS	compiles+passes; target spec_tests/conformance (language-feature test) unless std-module-shaped
nova_tests/cfg/predicate_any/core.nv	N/A-support	NORESULT	support/library file — no independent test unit (imported by sibling test in same dir tree)
nova_tests/cfg/predicate_any/impl.nv	N/A-support	NORESULT	support/library file — no independent test unit (imported by sibling test in same dir tree)
nova_tests/cfg/predicate_any_use.nv	MIGRATE	PASS	compiles+passes; target spec_tests/conformance (language-feature test) unless std-module-shaped
nova_tests/cfg/predicate_not/core.nv	N/A-support	NORESULT	support/library file — no independent test unit (imported by sibling test in same dir tree)
nova_tests/cfg/predicate_not/disabled.nv	N/A-support	NORESULT	support/library file — no independent test unit (imported by sibling test in same dir tree)
nova_tests/cfg/predicate_not_use.nv	MIGRATE	PASS	compiles+passes; target spec_tests/conformance (language-feature test) unless std-module-shaped
nova_tests/cfg/target_os_module/bsd_only.nv	N/A-support	NORESULT	support/library file — no independent test unit (imported by sibling test in same dir tree)
nova_tests/cfg/target_os_module/core.nv	N/A-support	NORESULT	support/library file — no independent test unit (imported by sibling test in same dir tree)
nova_tests/cfg/target_os_module/helper.nv	N/A-support	NORESULT	support/library file — no independent test unit (imported by sibling test in same dir tree)
nova_tests/cfg/target_os_module_use.nv	MIGRATE	PASS	compiles+passes; target spec_tests/conformance (language-feature test) unless std-module-shaped
nova_tests/cgfix_fluent_tail_if/repro.nv	MIGRATE	PASS	compiles+passes; target spec_tests/conformance (language-feature test) unless std-module-shaped
nova_tests/concurrency/_repro_p110.nv	STALE	RUN-FAIL	RUN-FAIL:   PASS: assert(true) inside spawn body — fiber returns cleanly |   PASS: assert(true) inside parallel for body |   PASS: assert after Time.sleep yields — fiber fail-frame survives switch |   PASS: nested...
nova_tests/concurrency/assert_in_fiber.nv	STALE	RUN-FAIL	RUN-FAIL:   PASS: assert(true) inside spawn body — fiber returns cleanly |   PASS: assert(true) inside parallel for body |   PASS: assert after Time.sleep yields — fiber fail-frame survives switch |   PASS: nested...
nova_tests/concurrency/blocking_cancel_test.nv	STALE	RUN-FAIL	RUN-FAIL:   PASS: assert(true) inside spawn body — fiber returns cleanly |   PASS: assert(true) inside parallel for body |   PASS: assert after Time.sleep yields — fiber fail-frame survives switch |   PASS: nested...
nova_tests/concurrency/blocking_driver_test.nv	STALE	RUN-FAIL	RUN-FAIL:   PASS: assert(true) inside spawn body — fiber returns cleanly |   PASS: assert(true) inside parallel for body |   PASS: assert after Time.sleep yields — fiber fail-frame survives switch |   PASS: nested...
nova_tests/concurrency/blocking_offload_test.nv	STALE	RUN-FAIL	RUN-FAIL:   PASS: assert(true) inside spawn body — fiber returns cleanly |   PASS: assert(true) inside parallel for body |   PASS: assert after Time.sleep yields — fiber fail-frame survives switch |   PASS: nested...
nova_tests/concurrency/blocking_pool_saturation_test.nv	STALE	RUN-FAIL	RUN-FAIL:   PASS: assert(true) inside spawn body — fiber returns cleanly |   PASS: assert(true) inside parallel for body |   PASS: assert after Time.sleep yields — fiber fail-frame survives switch |   PASS: nested...
nova_tests/concurrency/blocking_test.nv	STALE	RUN-FAIL	RUN-FAIL:   PASS: assert(true) inside spawn body — fiber returns cleanly |   PASS: assert(true) inside parallel for body |   PASS: assert after Time.sleep yields — fiber fail-frame survives switch |   PASS: nested...
nova_tests/concurrency/cancel_cascade_linked_3.nv	STALE	RUN-FAIL	RUN-FAIL:   PASS: assert(true) inside spawn body — fiber returns cleanly |   PASS: assert(true) inside parallel for body |   PASS: assert after Time.sleep yields — fiber fail-frame survives switch |   PASS: nested...
nova_tests/concurrency/cancel_cross_type_cascade_test.nv	STALE	RUN-FAIL	RUN-FAIL:   PASS: assert(true) inside spawn body — fiber returns cleanly |   PASS: assert(true) inside parallel for body |   PASS: assert after Time.sleep yields — fiber fail-frame survives switch |   PASS: nested...
nova_tests/concurrency/cancel_cycle_linked_tokens.nv	STALE	RUN-FAIL	RUN-FAIL:   PASS: assert(true) inside spawn body — fiber returns cleanly |   PASS: assert(true) inside parallel for body |   PASS: assert after Time.sleep yields — fiber fail-frame survives switch |   PASS: nested...
nova_tests/concurrency/cancel_double_call.nv	STALE	RUN-FAIL	RUN-FAIL:   PASS: assert(true) inside spawn body — fiber returns cleanly |   PASS: assert(true) inside parallel for body |   PASS: assert after Time.sleep yields — fiber fail-frame survives switch |   PASS: nested...
nova_tests/concurrency/cancel_during_drain_exit.nv	STALE	RUN-FAIL	RUN-FAIL:   PASS: assert(true) inside spawn body — fiber returns cleanly |   PASS: assert(true) inside parallel for body |   PASS: assert after Time.sleep yields — fiber fail-frame survives switch |   PASS: nested...
nova_tests/concurrency/cancel_during_natural_fire.nv	STALE	RUN-FAIL	RUN-FAIL:   PASS: assert(true) inside spawn body — fiber returns cleanly |   PASS: assert(true) inside parallel for body |   PASS: assert after Time.sleep yields — fiber fail-frame survives switch |   PASS: nested...
nova_tests/concurrency/cancel_during_runtime_shutdown.nv	STALE	RUN-FAIL	RUN-FAIL:   PASS: assert(true) inside spawn body — fiber returns cleanly |   PASS: assert(true) inside parallel for body |   PASS: assert after Time.sleep yields — fiber fail-frame survives switch |   PASS: nested...
nova_tests/concurrency/cancel_from_non_fiber.nv	STALE	RUN-FAIL	RUN-FAIL:   PASS: assert(true) inside spawn body — fiber returns cleanly |   PASS: assert(true) inside parallel for body |   PASS: assert after Time.sleep yields — fiber fail-frame survives switch |   PASS: nested...
nova_tests/concurrency/cancel_latency_bench_slow.nv	STALE	RUN-FAIL	RUN-FAIL:   PASS: assert(true) inside spawn body — fiber returns cleanly |   PASS: assert(true) inside parallel for body |   PASS: assert after Time.sleep yields — fiber fail-frame survives switch |   PASS: nested...
nova_tests/concurrency/cancel_merge_test.nv	STALE	RUN-FAIL	RUN-FAIL:   PASS: assert(true) inside spawn body — fiber returns cleanly |   PASS: assert(true) inside parallel for body |   PASS: assert after Time.sleep yields — fiber fail-frame survives switch |   PASS: nested...
nova_tests/concurrency/cancel_negative_behavior_test.nv	STALE	RUN-FAIL	RUN-FAIL:   PASS: assert(true) inside spawn body — fiber returns cleanly |   PASS: assert(true) inside parallel for body |   PASS: assert after Time.sleep yields — fiber fail-frame survives switch |   PASS: nested...
nova_tests/concurrency/cancel_pattern_var_no_leak_test.nv	STALE	RUN-FAIL	RUN-FAIL:   PASS: assert(true) inside spawn body — fiber returns cleanly |   PASS: assert(true) inside parallel for body |   PASS: assert after Time.sleep yields — fiber fail-frame survives switch |   PASS: nested...
nova_tests/concurrency/cancel_reason_typed_test.nv	STALE	RUN-FAIL	RUN-FAIL:   PASS: assert(true) inside spawn body — fiber returns cleanly |   PASS: assert(true) inside parallel for body |   PASS: assert after Time.sleep yields — fiber fail-frame survives switch |   PASS: nested...
nova_tests/concurrency/cancel_runtime_not_init.nv	STALE	RUN-FAIL	RUN-FAIL:   PASS: assert(true) inside spawn body — fiber returns cleanly |   PASS: assert(true) inside parallel for body |   PASS: assert after Time.sleep yields — fiber fail-frame survives switch |   PASS: nested...
nova_tests/concurrency/cancel_semantics_test.nv	STALE	RUN-FAIL	RUN-FAIL:   PASS: assert(true) inside spawn body — fiber returns cleanly |   PASS: assert(true) inside parallel for body |   PASS: assert after Time.sleep yields — fiber fail-frame survives switch |   PASS: nested...
nova_tests/concurrency/cancel_storm_1000.nv	STALE	RUN-FAIL	RUN-FAIL:   PASS: assert(true) inside spawn body — fiber returns cleanly |   PASS: assert(true) inside parallel for body |   PASS: assert after Time.sleep yields — fiber fail-frame survives switch |   PASS: nested...
nova_tests/concurrency/cancel_token_generic_smoke.nv	STALE	RUN-FAIL	RUN-FAIL:   PASS: assert(true) inside spawn body — fiber returns cleanly |   PASS: assert(true) inside parallel for body |   PASS: assert after Time.sleep yields — fiber fail-frame survives switch |   PASS: nested...
nova_tests/concurrency/cancel_unbound_token.nv	STALE	RUN-FAIL	RUN-FAIL:   PASS: assert(true) inside spawn body — fiber returns cleanly |   PASS: assert(true) inside parallel for body |   PASS: assert after Time.sleep yields — fiber fail-frame survives switch |   PASS: nested...
nova_tests/concurrency/cancel_with_corrupted_token.nv	STALE	RUN-FAIL	RUN-FAIL:   PASS: assert(true) inside spawn body — fiber returns cleanly |   PASS: assert(true) inside parallel for body |   PASS: assert after Time.sleep yields — fiber fail-frame survives switch |   PASS: nested...
nova_tests/concurrency/cancel_zero_fibers_in_scope.nv	STALE	RUN-FAIL	RUN-FAIL:   PASS: assert(true) inside spawn body — fiber returns cleanly |   PASS: assert(true) inside parallel for body |   PASS: assert after Time.sleep yields — fiber fail-frame survives switch |   PASS: nested...
nova_tests/concurrency/cancellation_test.nv	STALE	RUN-FAIL	RUN-FAIL:   PASS: assert(true) inside spawn body — fiber returns cleanly |   PASS: assert(true) inside parallel for body |   PASS: assert after Time.sleep yields — fiber fail-frame survives switch |   PASS: nested...
nova_tests/concurrency/close_cb_after_fiber_dead.nv	STALE	RUN-FAIL	RUN-FAIL:   PASS: assert(true) inside spawn body — fiber returns cleanly |   PASS: assert(true) inside parallel for body |   PASS: assert after Time.sleep yields — fiber fail-frame survives switch |   PASS: nested...
nova_tests/concurrency/condvar_wait_cancel.nv	STALE	RUN-FAIL	RUN-FAIL:   PASS: assert(true) inside spawn body — fiber returns cleanly |   PASS: assert(true) inside parallel for body |   PASS: assert after Time.sleep yields — fiber fail-frame survives switch |   PASS: nested...
nova_tests/concurrency/cooperative_interleave.nv	STALE	RUN-FAIL	RUN-FAIL:   PASS: assert(true) inside spawn body — fiber returns cleanly |   PASS: assert(true) inside parallel for body |   PASS: assert after Time.sleep yields — fiber fail-frame survives switch |   PASS: nested...
nova_tests/concurrency/ctx_pins_scope_cleanup_loop.nv	STALE	RUN-FAIL	RUN-FAIL:   PASS: assert(true) inside spawn body — fiber returns cleanly |   PASS: assert(true) inside parallel for body |   PASS: assert after Time.sleep yields — fiber fail-frame survives switch |   PASS: nested...
nova_tests/concurrency/ctx_pins_token_reuse_post_scope.nv	STALE	RUN-FAIL	RUN-FAIL:   PASS: assert(true) inside spawn body — fiber returns cleanly |   PASS: assert(true) inside parallel for body |   PASS: assert after Time.sleep yields — fiber fail-frame survives switch |   PASS: nested...
nova_tests/concurrency/deep_gc.nv	STALE	RUN-FAIL	RUN-FAIL:   PASS: assert(true) inside spawn body — fiber returns cleanly |   PASS: assert(true) inside parallel for body |   PASS: assert after Time.sleep yields — fiber fail-frame survives switch |   PASS: nested...
nova_tests/concurrency/deep_spawn.nv	STALE	RUN-FAIL	RUN-FAIL:   PASS: assert(true) inside spawn body — fiber returns cleanly |   PASS: assert(true) inside parallel for body |   PASS: assert after Time.sleep yields — fiber fail-frame survives switch |   PASS: nested...
nova_tests/concurrency/detach_test.nv	STALE	RUN-FAIL	RUN-FAIL:   PASS: assert(true) inside spawn body — fiber returns cleanly |   PASS: assert(true) inside parallel for body |   PASS: assert after Time.sleep yields — fiber fail-frame survives switch |   PASS: nested...
nova_tests/concurrency/driver_thread_idle_no_cpu.nv	STALE	RUN-FAIL	RUN-FAIL:   PASS: assert(true) inside spawn body — fiber returns cleanly |   PASS: assert(true) inside parallel for body |   PASS: assert after Time.sleep yields — fiber fail-frame survives switch |   PASS: nested...
nova_tests/concurrency/fiber_arena_compact.nv	STALE	RUN-FAIL	RUN-FAIL:   PASS: assert(true) inside spawn body — fiber returns cleanly |   PASS: assert(true) inside parallel for body |   PASS: assert after Time.sleep yields — fiber fail-frame survives switch |   PASS: nested...
nova_tests/concurrency/fiber_arena_stats.nv	STALE	RUN-FAIL	RUN-FAIL:   PASS: assert(true) inside spawn body — fiber returns cleanly |   PASS: assert(true) inside parallel for body |   PASS: assert after Time.sleep yields — fiber fail-frame survives switch |   PASS: nested...
nova_tests/concurrency/fiber_throw.nv	STALE	RUN-FAIL	RUN-FAIL:   PASS: assert(true) inside spawn body — fiber returns cleanly |   PASS: assert(true) inside parallel for body |   PASS: assert after Time.sleep yields — fiber fail-frame survives switch |   PASS: nested...
nova_tests/concurrency/fibers_10k_sleep_cancel.nv	STALE	RUN-FAIL	RUN-FAIL:   PASS: assert(true) inside spawn body — fiber returns cleanly |   PASS: assert(true) inside parallel for body |   PASS: assert after Time.sleep yields — fiber fail-frame survives switch |   PASS: nested...
nova_tests/concurrency/fn_array_collect_test.nv	STALE	RUN-FAIL	RUN-FAIL:   PASS: assert(true) inside spawn body — fiber returns cleanly |   PASS: assert(true) inside parallel for body |   PASS: assert after Time.sleep yields — fiber fail-frame survives switch |   PASS: nested...
nova_tests/concurrency/fn_array_generic_smoke.nv	STALE	RUN-FAIL	RUN-FAIL:   PASS: assert(true) inside spawn body — fiber returns cleanly |   PASS: assert(true) inside parallel for body |   PASS: assert after Time.sleep yields — fiber fail-frame survives switch |   PASS: nested...
nova_tests/concurrency/gc_bench.nv	STALE	RUN-FAIL	RUN-FAIL:   PASS: assert(true) inside spawn body — fiber returns cleanly |   PASS: assert(true) inside parallel for body |   PASS: assert after Time.sleep yields — fiber fail-frame survives switch |   PASS: nested...
nova_tests/concurrency/gc_bench_slow.nv	STALE	RUN-FAIL	RUN-FAIL:   PASS: assert(true) inside spawn body — fiber returns cleanly |   PASS: assert(true) inside parallel for body |   PASS: assert after Time.sleep yields — fiber fail-frame survives switch |   PASS: nested...
nova_tests/concurrency/gc_correctness.nv	STALE	RUN-FAIL	RUN-FAIL:   PASS: assert(true) inside spawn body — fiber returns cleanly |   PASS: assert(true) inside parallel for body |   PASS: assert after Time.sleep yields — fiber fail-frame survives switch |   PASS: nested...
nova_tests/concurrency/gc_differential.nv	STALE	RUN-FAIL	RUN-FAIL:   PASS: assert(true) inside spawn body — fiber returns cleanly |   PASS: assert(true) inside parallel for body |   PASS: assert after Time.sleep yields — fiber fail-frame survives switch |   PASS: nested...
nova_tests/concurrency/gc_introspection.nv	STALE	RUN-FAIL	RUN-FAIL:   PASS: assert(true) inside spawn body — fiber returns cleanly |   PASS: assert(true) inside parallel for body |   PASS: assert after Time.sleep yields — fiber fail-frame survives switch |   PASS: nested...
nova_tests/concurrency/gc_no_leak.nv	STALE	RUN-FAIL	RUN-FAIL:   PASS: assert(true) inside spawn body — fiber returns cleanly |   PASS: assert(true) inside parallel for body |   PASS: assert after Time.sleep yields — fiber fail-frame survives switch |   PASS: nested...
nova_tests/concurrency/gc_pause_bench_slow.nv	STALE	RUN-FAIL	RUN-FAIL:   PASS: assert(true) inside spawn body — fiber returns cleanly |   PASS: assert(true) inside parallel for body |   PASS: assert after Time.sleep yields — fiber fail-frame survives switch |   PASS: nested...
nova_tests/concurrency/grow_vs_wake_explicit.nv	STALE	RUN-FAIL	RUN-FAIL:   PASS: assert(true) inside spawn body — fiber returns cleanly |   PASS: assert(true) inside parallel for body |   PASS: assert after Time.sleep yields — fiber fail-frame survives switch |   PASS: nested...
nova_tests/concurrency/int_extension_record_field_test.nv	STALE	RUN-FAIL	RUN-FAIL:   PASS: assert(true) inside spawn body — fiber returns cleanly |   PASS: assert(true) inside parallel for body |   PASS: assert after Time.sleep yields — fiber fail-frame survives switch |   PASS: nested...
nova_tests/concurrency/main_yield.nv	STALE	RUN-FAIL	RUN-FAIL:   PASS: assert(true) inside spawn body — fiber returns cleanly |   PASS: assert(true) inside parallel for body |   PASS: assert after Time.sleep yields — fiber fail-frame survives switch |   PASS: nested...
nova_tests/concurrency/memory_footprint_test.nv	STALE	RUN-FAIL	RUN-FAIL:   PASS: assert(true) inside spawn body — fiber returns cleanly |   PASS: assert(true) inside parallel for body |   PASS: assert after Time.sleep yields — fiber fail-frame survives switch |   PASS: nested...
nova_tests/concurrency/memory_growth_check.nv	STALE	RUN-FAIL	RUN-FAIL:   PASS: assert(true) inside spawn body — fiber returns cleanly |   PASS: assert(true) inside parallel for body |   PASS: assert after Time.sleep yields — fiber fail-frame survives switch |   PASS: nested...
nova_tests/concurrency/mn_closure_spawn_gcroot_test.nv	STALE	RUN-FAIL	RUN-FAIL:   PASS: assert(true) inside spawn body — fiber returns cleanly |   PASS: assert(true) inside parallel for body |   PASS: assert after Time.sleep yields — fiber fail-frame survives switch |   PASS: nested...
nova_tests/concurrency/mn_init_after_materialize.nv	STALE	RUN-FAIL	RUN-FAIL:   PASS: assert(true) inside spawn body — fiber returns cleanly |   PASS: assert(true) inside parallel for body |   PASS: assert after Time.sleep yields — fiber fail-frame survives switch |   PASS: nested...
nova_tests/concurrency/mn_lazy_spawn.nv	STALE	RUN-FAIL	RUN-FAIL:   PASS: assert(true) inside spawn body — fiber returns cleanly |   PASS: assert(true) inside parallel for body |   PASS: assert after Time.sleep yields — fiber fail-frame survives switch |   PASS: nested...
nova_tests/concurrency/mn_maxprocs_clamp.nv	STALE	RUN-FAIL	RUN-FAIL:   PASS: assert(true) inside spawn body — fiber returns cleanly |   PASS: assert(true) inside parallel for body |   PASS: assert after Time.sleep yields — fiber fail-frame survives switch |   PASS: nested...
nova_tests/concurrency/mn_maxprocs_env.nv	STALE	RUN-FAIL	RUN-FAIL:   PASS: assert(true) inside spawn body — fiber returns cleanly |   PASS: assert(true) inside parallel for body |   PASS: assert after Time.sleep yields — fiber fail-frame survives switch |   PASS: nested...
nova_tests/concurrency/mn_maxprocs_getter.nv	STALE	RUN-FAIL	RUN-FAIL:   PASS: assert(true) inside spawn body — fiber returns cleanly |   PASS: assert(true) inside parallel for body |   PASS: assert after Time.sleep yields — fiber fail-frame survives switch |   PASS: nested...
nova_tests/concurrency/mn_maxprocs_invalid_env.nv	STALE	RUN-FAIL	RUN-FAIL:   PASS: assert(true) inside spawn body — fiber returns cleanly |   PASS: assert(true) inside parallel for body |   PASS: assert after Time.sleep yields — fiber fail-frame survives switch |   PASS: nested...
nova_tests/concurrency/mn_runtime_actual_workload.nv	STALE	RUN-FAIL	RUN-FAIL:   PASS: assert(true) inside spawn body — fiber returns cleanly |   PASS: assert(true) inside parallel for body |   PASS: assert after Time.sleep yields — fiber fail-frame survives switch |   PASS: nested...
nova_tests/concurrency/mn_runtime_cpu_workload.nv	STALE	RUN-FAIL	RUN-FAIL:   PASS: assert(true) inside spawn body — fiber returns cleanly |   PASS: assert(true) inside parallel for body |   PASS: assert after Time.sleep yields — fiber fail-frame survives switch |   PASS: nested...
nova_tests/concurrency/mn_runtime_cross_channel.nv	STALE	RUN-FAIL	RUN-FAIL:   PASS: assert(true) inside spawn body — fiber returns cleanly |   PASS: assert(true) inside parallel for body |   PASS: assert after Time.sleep yields — fiber fail-frame survives switch |   PASS: nested...
nova_tests/concurrency/mn_runtime_init_shutdown_cycles.nv	STALE	RUN-FAIL	RUN-FAIL:   PASS: assert(true) inside spawn body — fiber returns cleanly |   PASS: assert(true) inside parallel for body |   PASS: assert after Time.sleep yields — fiber fail-frame survives switch |   PASS: nested...
nova_tests/concurrency/mn_runtime_main_sleep_after_init.nv	STALE	RUN-FAIL	RUN-FAIL:   PASS: assert(true) inside spawn body — fiber returns cleanly |   PASS: assert(true) inside parallel for body |   PASS: assert after Time.sleep yields — fiber fail-frame survives switch |   PASS: nested...
nova_tests/concurrency/mn_runtime_preemption.nv	STALE	RUN-FAIL	RUN-FAIL:   PASS: assert(true) inside spawn body — fiber returns cleanly |   PASS: assert(true) inside parallel for body |   PASS: assert after Time.sleep yields — fiber fail-frame survives switch |   PASS: nested...
nova_tests/concurrency/mn_runtime_sleep_in_worker.nv	STALE	RUN-FAIL	RUN-FAIL:   PASS: assert(true) inside spawn body — fiber returns cleanly |   PASS: assert(true) inside parallel for body |   PASS: assert after Time.sleep yields — fiber fail-frame survives switch |   PASS: nested...
nova_tests/concurrency/mn_runtime_smoke.nv	STALE	RUN-FAIL	RUN-FAIL:   PASS: assert(true) inside spawn body — fiber returns cleanly |   PASS: assert(true) inside parallel for body |   PASS: assert after Time.sleep yields — fiber fail-frame survives switch |   PASS: nested...
nova_tests/concurrency/mn_runtime_supervised_after_init.nv	STALE	RUN-FAIL	RUN-FAIL:   PASS: assert(true) inside spawn body — fiber returns cleanly |   PASS: assert(true) inside parallel for body |   PASS: assert after Time.sleep yields — fiber fail-frame survives switch |   PASS: nested...
nova_tests/concurrency/mn_runtime_yield.nv	STALE	RUN-FAIL	RUN-FAIL:   PASS: assert(true) inside spawn body — fiber returns cleanly |   PASS: assert(true) inside parallel for body |   PASS: assert after Time.sleep yields — fiber fail-frame survives switch |   PASS: nested...
nova_tests/concurrency/mono_spawn_closure_smoke.nv	STALE	RUN-FAIL	RUN-FAIL:   PASS: assert(true) inside spawn body — fiber returns cleanly |   PASS: assert(true) inside parallel for body |   PASS: assert after Time.sleep yields — fiber fail-frame survives switch |   PASS: nested...
nova_tests/concurrency/mutex_lock_cancel.nv	STALE	RUN-FAIL	RUN-FAIL:   PASS: assert(true) inside spawn body — fiber returns cleanly |   PASS: assert(true) inside parallel for body |   PASS: assert after Time.sleep yields — fiber fail-frame survives switch |   PASS: nested...
nova_tests/concurrency/neg/cancel_with_NULL_reason_ptr.nv	MIGRATE	PASS	compiles+passes; target spec_tests/conformance (language-feature test) unless std-module-shaped
nova_tests/concurrency/neg/polymorphic_recursion_compile_error_test.nv	MIGRATE	PASS	compiles+passes; target spec_tests/conformance (language-feature test) unless std-module-shaped
nova_tests/concurrency/nested_shield_deadline_inversion_neg.nv	STALE	RUN-FAIL	RUN-FAIL:   PASS: assert(true) inside spawn body — fiber returns cleanly |   PASS: assert(true) inside parallel for body |   PASS: assert after Time.sleep yields — fiber fail-frame survives switch |   PASS: nested...
nova_tests/concurrency/nested_supervised_3_levels_cancel.nv	STALE	RUN-FAIL	RUN-FAIL:   PASS: assert(true) inside spawn body — fiber returns cleanly |   PASS: assert(true) inside parallel for body |   PASS: assert after Time.sleep yields — fiber fail-frame survives switch |   PASS: nested...
nova_tests/concurrency/parallel_for.nv	STALE	RUN-FAIL	RUN-FAIL:   PASS: assert(true) inside spawn body — fiber returns cleanly |   PASS: assert(true) inside parallel for body |   PASS: assert after Time.sleep yields — fiber fail-frame survives switch |   PASS: nested...
nova_tests/concurrency/parallel_for_array.nv	STALE	RUN-FAIL	RUN-FAIL:   PASS: assert(true) inside spawn body — fiber returns cleanly |   PASS: assert(true) inside parallel for body |   PASS: assert after Time.sleep yields — fiber fail-frame survives switch |   PASS: nested...
nova_tests/concurrency/per_fiber_handlers.nv	STALE	RUN-FAIL	RUN-FAIL:   PASS: assert(true) inside spawn body — fiber returns cleanly |   PASS: assert(true) inside parallel for body |   PASS: assert after Time.sleep yields — fiber fail-frame survives switch |   PASS: nested...
nova_tests/concurrency/plan149_env_stack.nv	STALE	RUN-FAIL	RUN-FAIL:   PASS: assert(true) inside spawn body — fiber returns cleanly |   PASS: assert(true) inside parallel for body |   PASS: assert after Time.sleep yields — fiber fail-frame survives switch |   PASS: nested...
nova_tests/concurrency/plan149_garbage_env.nv	STALE	RUN-FAIL	RUN-FAIL:   PASS: assert(true) inside spawn body — fiber returns cleanly |   PASS: assert(true) inside parallel for body |   PASS: assert after Time.sleep yields — fiber fail-frame survives switch |   PASS: nested...
nova_tests/concurrency/plan149_max_clamp.nv	STALE	RUN-FAIL	RUN-FAIL:   PASS: assert(true) inside spawn body — fiber returns cleanly |   PASS: assert(true) inside parallel for body |   PASS: assert after Time.sleep yields — fiber fail-frame survives switch |   PASS: nested...
nova_tests/concurrency/plan149_max_fibers.nv	STALE	RUN-FAIL	RUN-FAIL:   PASS: assert(true) inside spawn body — fiber returns cleanly |   PASS: assert(true) inside parallel for body |   PASS: assert after Time.sleep yields — fiber fail-frame survives switch |   PASS: nested...
nova_tests/concurrency/plan149_stack_floor.nv	STALE	RUN-FAIL	RUN-FAIL:   PASS: assert(true) inside spawn body — fiber returns cleanly |   PASS: assert(true) inside parallel for body |   PASS: assert after Time.sleep yields — fiber fail-frame survives switch |   PASS: nested...
nova_tests/concurrency/plan40_channel_hardening.nv	STALE	RUN-FAIL	RUN-FAIL:   PASS: assert(true) inside spawn body — fiber returns cleanly |   PASS: assert(true) inside parallel for body |   PASS: assert after Time.sleep yields — fiber fail-frame survives switch |   PASS: nested...
nova_tests/concurrency/plan40_perf_bench_slow.nv	STALE	RUN-FAIL	RUN-FAIL:   PASS: assert(true) inside spawn body — fiber returns cleanly |   PASS: assert(true) inside parallel for body |   PASS: assert after Time.sleep yields — fiber fail-frame survives switch |   PASS: nested...
nova_tests/concurrency/polymorphic_recursion_smoke.nv	STALE	RUN-FAIL	RUN-FAIL:   PASS: assert(true) inside spawn body — fiber returns cleanly |   PASS: assert(true) inside parallel for body |   PASS: assert after Time.sleep yields — fiber fail-frame survives switch |   PASS: nested...
nova_tests/concurrency/ring_overflow_drain.nv	STALE	RUN-FAIL	RUN-FAIL:   PASS: assert(true) inside spawn body — fiber returns cleanly |   PASS: assert(true) inside parallel for body |   PASS: assert after Time.sleep yields — fiber fail-frame survives switch |   PASS: nested...
nova_tests/concurrency/scope_freed_during_cancel.nv	STALE	RUN-FAIL	RUN-FAIL:   PASS: assert(true) inside spawn body — fiber returns cleanly |   PASS: assert(true) inside parallel for body |   PASS: assert after Time.sleep yields — fiber fail-frame survives switch |   PASS: nested...
nova_tests/concurrency/select_closed_test.nv	STALE	RUN-FAIL	RUN-FAIL:   PASS: assert(true) inside spawn body — fiber returns cleanly |   PASS: assert(true) inside parallel for body |   PASS: assert after Time.sleep yields — fiber fail-frame survives switch |   PASS: nested...
nova_tests/concurrency/select_many_arms.nv	STALE	RUN-FAIL	RUN-FAIL:   PASS: assert(true) inside spawn body — fiber returns cleanly |   PASS: assert(true) inside parallel for body |   PASS: assert after Time.sleep yields — fiber fail-frame survives switch |   PASS: nested...
nova_tests/concurrency/select_max_arms_boundary.nv	STALE	RUN-FAIL	RUN-FAIL:   PASS: assert(true) inside spawn body — fiber returns cleanly |   PASS: assert(true) inside parallel for body |   PASS: assert after Time.sleep yields — fiber fail-frame survives switch |   PASS: nested...
nova_tests/concurrency/select_test.nv	STALE	RUN-FAIL	RUN-FAIL:   PASS: assert(true) inside spawn body — fiber returns cleanly |   PASS: assert(true) inside parallel for body |   PASS: assert after Time.sleep yields — fiber fail-frame survives switch |   PASS: nested...
nova_tests/concurrency/select_timer_cleanup.nv	STALE	RUN-FAIL	RUN-FAIL:   PASS: assert(true) inside spawn body — fiber returns cleanly |   PASS: assert(true) inside parallel for body |   PASS: assert after Time.sleep yields — fiber fail-frame survives switch |   PASS: nested...
nova_tests/concurrency/select_timer_stress_slow.nv	STALE	RUN-FAIL	RUN-FAIL:   PASS: assert(true) inside spawn body — fiber returns cleanly |   PASS: assert(true) inside parallel for body |   PASS: assert after Time.sleep yields — fiber fail-frame survives switch |   PASS: nested...
nova_tests/concurrency/select_wildcard_test.nv	STALE	RUN-FAIL	RUN-FAIL:   PASS: assert(true) inside spawn body — fiber returns cleanly |   PASS: assert(true) inside parallel for body |   PASS: assert after Time.sleep yields — fiber fail-frame survives switch |   PASS: nested...
nova_tests/concurrency/sleep_bench_slow.nv	STALE	RUN-FAIL	RUN-FAIL:   PASS: assert(true) inside spawn body — fiber returns cleanly |   PASS: assert(true) inside parallel for body |   PASS: assert after Time.sleep yields — fiber fail-frame survives switch |   PASS: nested...
nova_tests/concurrency/sleep_leak_check.nv	STALE	RUN-FAIL	RUN-FAIL:   PASS: assert(true) inside spawn body — fiber returns cleanly |   PASS: assert(true) inside parallel for body |   PASS: assert after Time.sleep yields — fiber fail-frame survives switch |   PASS: nested...
nova_tests/concurrency/sleep_precision_bench_slow.nv	STALE	RUN-FAIL	RUN-FAIL:   PASS: assert(true) inside spawn body — fiber returns cleanly |   PASS: assert(true) inside parallel for body |   PASS: assert after Time.sleep yields — fiber fail-frame survives switch |   PASS: nested...
nova_tests/concurrency/sleep_real_clock.nv	STALE	RUN-FAIL	RUN-FAIL:   PASS: assert(true) inside spawn body — fiber returns cleanly |   PASS: assert(true) inside parallel for body |   PASS: assert after Time.sleep yields — fiber fail-frame survives switch |   PASS: nested...
nova_tests/concurrency/stress_iso_3e.nv	STALE	RUN-FAIL	RUN-FAIL:   PASS: assert(true) inside spawn body — fiber returns cleanly |   PASS: assert(true) inside parallel for body |   PASS: assert after Time.sleep yields — fiber fail-frame survives switch |   PASS: nested...
nova_tests/concurrency/stress_iso_large.nv	STALE	RUN-FAIL	RUN-FAIL:   PASS: assert(true) inside spawn body — fiber returns cleanly |   PASS: assert(true) inside parallel for body |   PASS: assert after Time.sleep yields — fiber fail-frame survives switch |   PASS: nested...
nova_tests/concurrency/supervised_cancel_stress_test_slow.nv	STALE	RUN-FAIL	RUN-FAIL:   PASS: assert(true) inside spawn body — fiber returns cleanly |   PASS: assert(true) inside parallel for body |   PASS: assert after Time.sleep yields — fiber fail-frame survives switch |   PASS: nested...
nova_tests/concurrency/supervised_cancel_test.nv	STALE	RUN-FAIL	RUN-FAIL:   PASS: assert(true) inside spawn body — fiber returns cleanly |   PASS: assert(true) inside parallel for body |   PASS: assert after Time.sleep yields — fiber fail-frame survives switch |   PASS: nested...
nova_tests/concurrency/supervised_errors.nv	STALE	RUN-FAIL	RUN-FAIL:   PASS: assert(true) inside spawn body — fiber returns cleanly |   PASS: assert(true) inside parallel for body |   PASS: assert after Time.sleep yields — fiber fail-frame survives switch |   PASS: nested...
nova_tests/concurrency/sync_atomic.nv	STALE	RUN-FAIL	RUN-FAIL:   PASS: assert(true) inside spawn body — fiber returns cleanly |   PASS: assert(true) inside parallel for body |   PASS: assert after Time.sleep yields — fiber fail-frame survives switch |   PASS: nested...
nova_tests/concurrency/sync_mutex.nv	STALE	RUN-FAIL	RUN-FAIL:   PASS: assert(true) inside spawn body — fiber returns cleanly |   PASS: assert(true) inside parallel for body |   PASS: assert after Time.sleep yields — fiber fail-frame survives switch |   PASS: nested...
nova_tests/concurrency/sync_mutex_guard.nv	STALE	RUN-FAIL	RUN-FAIL:   PASS: assert(true) inside spawn body — fiber returns cleanly |   PASS: assert(true) inside parallel for body |   PASS: assert after Time.sleep yields — fiber fail-frame survives switch |   PASS: nested...
nova_tests/concurrency/sync_once.nv	STALE	RUN-FAIL	RUN-FAIL:   PASS: assert(true) inside spawn body — fiber returns cleanly |   PASS: assert(true) inside parallel for body |   PASS: assert after Time.sleep yields — fiber fail-frame survives switch |   PASS: nested...
nova_tests/concurrency/sync_once_guard.nv	STALE	RUN-FAIL	RUN-FAIL:   PASS: assert(true) inside spawn body — fiber returns cleanly |   PASS: assert(true) inside parallel for body |   PASS: assert after Time.sleep yields — fiber fail-frame survives switch |   PASS: nested...
nova_tests/concurrency/sync_rwlock_guards.nv	STALE	RUN-FAIL	RUN-FAIL:   PASS: assert(true) inside spawn body — fiber returns cleanly |   PASS: assert(true) inside parallel for body |   PASS: assert after Time.sleep yields — fiber fail-frame survives switch |   PASS: nested...
nova_tests/concurrency/sync_semaphore_permit.nv	STALE	RUN-FAIL	RUN-FAIL:   PASS: assert(true) inside spawn body — fiber returns cleanly |   PASS: assert(true) inside parallel for body |   PASS: assert after Time.sleep yields — fiber fail-frame survives switch |   PASS: nested...
nova_tests/concurrency/sync_waitgroup.nv	STALE	RUN-FAIL	RUN-FAIL:   PASS: assert(true) inside spawn body — fiber returns cleanly |   PASS: assert(true) inside parallel for body |   PASS: assert after Time.sleep yields — fiber fail-frame survives switch |   PASS: nested...
nova_tests/concurrency/time_handler.nv	STALE	RUN-FAIL	RUN-FAIL:   PASS: assert(true) inside spawn body — fiber returns cleanly |   PASS: assert(true) inside parallel for body |   PASS: assert after Time.sleep yields — fiber fail-frame survives switch |   PASS: nested...
nova_tests/concurrency/timer_fire_during_cancel.nv	STALE	RUN-FAIL	RUN-FAIL:   PASS: assert(true) inside spawn body — fiber returns cleanly |   PASS: assert(true) inside parallel for body |   PASS: assert after Time.sleep yields — fiber fail-frame survives switch |   PASS: nested...
nova_tests/contracts/apply_arity_suggest_w2402.nv	STALE	CODEGEN-FAIL	CODEGEN-FAIL: \\?\D:\Sources\nv-lang\nova-198\nova_tests\contracts\trivial_string_len_positive.nv:25:5: error: [E_STR_NO_LEN] `str.len()` was retired (D249 lens model): a `str` has three diverging lengths, so length /...
nova_tests/contracts/assert_static.nv	STALE	CODEGEN-FAIL	CODEGEN-FAIL: \\?\D:\Sources\nv-lang\nova-198\nova_tests\contracts\trivial_string_len_positive.nv:25:5: error: [E_STR_NO_LEN] `str.len()` was retired (D249 lens model): a `str` has three diverging lengths, so length /...
nova_tests/contracts/assert_static_unverified_warn.nv	KEEP-SPECIAL	CODEGEN-FAIL	SOUNDNESS_REGRESSION marker — soundness ratchet (contracts-z3.yml MIN=12), load-bearing, do not delete
nova_tests/contracts/assume_trust_introduced_warn.nv	KEEP-SPECIAL	CODEGEN-FAIL	SOUNDNESS_REGRESSION marker — soundness ratchet (contracts-z3.yml MIN=12), load-bearing, do not delete
nova_tests/contracts/axiom_consistency_no_axioms_positive.nv	STALE	CODEGEN-FAIL	CODEGEN-FAIL: \\?\D:\Sources\nv-lang\nova-198\nova_tests\contracts\trivial_string_len_positive.nv:25:5: error: [E_STR_NO_LEN] `str.len()` was retired (D249 lens model): a `str` has three diverging lengths, so length /...
nova_tests/contracts/axiom_consistency_w2402_trivial.nv	STALE	CODEGEN-FAIL	CODEGEN-FAIL: \\?\D:\Sources\nv-lang\nova-198\nova_tests\contracts\trivial_string_len_positive.nv:25:5: error: [E_STR_NO_LEN] `str.len()` was retired (D249 lens model): a `str` has three diverging lengths, so length /...
nova_tests/contracts/axiom_no_binders_w2402.nv	STALE	CODEGEN-FAIL	CODEGEN-FAIL: \\?\D:\Sources\nv-lang\nova-198\nova_tests\contracts\trivial_string_len_positive.nv:25:5: error: [E_STR_NO_LEN] `str.len()` was retired (D249 lens model): a `str` has three diverging lengths, so length /...
nova_tests/contracts/axiom_with_binders_positive.nv	STALE	CODEGEN-FAIL	CODEGEN-FAIL: \\?\D:\Sources\nv-lang\nova-198\nova_tests\contracts\trivial_string_len_positive.nv:25:5: error: [E_STR_NO_LEN] `str.len()` was retired (D249 lens model): a `str` has three diverging lengths, so length /...
nova_tests/contracts/calc_basic_positive.nv	STALE	CODEGEN-FAIL	CODEGEN-FAIL: \\?\D:\Sources\nv-lang\nova-198\nova_tests\contracts\trivial_string_len_positive.nv:25:5: error: [E_STR_NO_LEN] `str.len()` was retired (D249 lens model): a `str` has three diverging lengths, so length /...
nova_tests/contracts/composition_pure.nv	STALE	CODEGEN-FAIL	CODEGEN-FAIL: \\?\D:\Sources\nv-lang\nova-198\nova_tests\contracts\trivial_string_len_positive.nv:25:5: error: [E_STR_NO_LEN] `str.len()` was retired (D249 lens model): a `str` has three diverging lengths, so length /...
nova_tests/contracts/composition_trivial_positive.nv	STALE	CODEGEN-FAIL	CODEGEN-FAIL: \\?\D:\Sources\nv-lang\nova-198\nova_tests\contracts\trivial_string_len_positive.nv:25:5: error: [E_STR_NO_LEN] `str.len()` was retired (D249 lens model): a `str` has three diverging lengths, so length /...
nova_tests/contracts/composition_z3_positive.nv	STALE	CODEGEN-FAIL	CODEGEN-FAIL: \\?\D:\Sources\nv-lang\nova-198\nova_tests\contracts\trivial_string_len_positive.nv:25:5: error: [E_STR_NO_LEN] `str.len()` was retired (D249 lens model): a `str` has three diverging lengths, so length /...
nova_tests/contracts/dead_lemma_w2402.nv	STALE	CODEGEN-FAIL	CODEGEN-FAIL: \\?\D:\Sources\nv-lang\nova-198\nova_tests\contracts\trivial_string_len_positive.nv:25:5: error: [E_STR_NO_LEN] `str.len()` was retired (D249 lens model): a `str` has three diverging lengths, so length /...
nova_tests/contracts/decreases_recursion_positive.nv	STALE	CODEGEN-FAIL	CODEGEN-FAIL: \\?\D:\Sources\nv-lang\nova-198\nova_tests\contracts\trivial_string_len_positive.nv:25:5: error: [E_STR_NO_LEN] `str.len()` was retired (D249 lens model): a `str` has three diverging lengths, so length /...
nova_tests/contracts/decreases_wf_z3_positive.nv	STALE	CODEGEN-FAIL	CODEGEN-FAIL: \\?\D:\Sources\nv-lang\nova-198\nova_tests\contracts\trivial_string_len_positive.nv:25:5: error: [E_STR_NO_LEN] `str.len()` was retired (D249 lens model): a `str` has three diverging lengths, so length /...
nova_tests/contracts/different_apply_no_dup_positive.nv	STALE	CODEGEN-FAIL	CODEGEN-FAIL: \\?\D:\Sources\nv-lang\nova-198\nova_tests\contracts\trivial_string_len_positive.nv:25:5: error: [E_STR_NO_LEN] `str.len()` was retired (D249 lens model): a `str` has three diverging lengths, so length /...
nova_tests/contracts/different_ensures_no_dup_positive.nv	STALE	CODEGEN-FAIL	CODEGEN-FAIL: \\?\D:\Sources\nv-lang\nova-198\nova_tests\contracts\trivial_string_len_positive.nv:25:5: error: [E_STR_NO_LEN] `str.len()` was retired (D249 lens model): a `str` has three diverging lengths, so length /...
nova_tests/contracts/duplicate_apply_w2402.nv	STALE	CODEGEN-FAIL	CODEGEN-FAIL: \\?\D:\Sources\nv-lang\nova-198\nova_tests\contracts\trivial_string_len_positive.nv:25:5: error: [E_STR_NO_LEN] `str.len()` was retired (D249 lens model): a `str` has three diverging lengths, so length /...
nova_tests/contracts/duplicate_ensures_w2402.nv	STALE	CODEGEN-FAIL	CODEGEN-FAIL: \\?\D:\Sources\nv-lang\nova-198\nova_tests\contracts\trivial_string_len_positive.nv:25:5: error: [E_STR_NO_LEN] `str.len()` was retired (D249 lens model): a `str` has three diverging lengths, so length /...
nova_tests/contracts/e2402_trusted_no_check_positive.nv	STALE	CODEGEN-FAIL	CODEGEN-FAIL: \\?\D:\Sources\nv-lang\nova-198\nova_tests\contracts\trivial_string_len_positive.nv:25:5: error: [E_STR_NO_LEN] `str.len()` was retired (D249 lens model): a `str` has three diverging lengths, so length /...
nova_tests/contracts/e2402_verify_linear_ok_positive.nv	STALE	CODEGEN-FAIL	CODEGEN-FAIL: \\?\D:\Sources\nv-lang\nova-198\nova_tests\contracts\trivial_string_len_positive.nv:25:5: error: [E_STR_NO_LEN] `str.len()` was retired (D249 lens model): a `str` has three diverging lengths, so length /...
nova_tests/contracts/edge_multi_requires_positive.nv	STALE	CODEGEN-FAIL	CODEGEN-FAIL: \\?\D:\Sources\nv-lang\nova-198\nova_tests\contracts\trivial_string_len_positive.nv:25:5: error: [E_STR_NO_LEN] `str.len()` was retired (D249 lens model): a `str` has three diverging lengths, so length /...
nova_tests/contracts/effect_method_contracts_parse.nv	STALE	CODEGEN-FAIL	CODEGEN-FAIL: \\?\D:\Sources\nv-lang\nova-198\nova_tests\contracts\trivial_string_len_positive.nv:25:5: error: [E_STR_NO_LEN] `str.len()` was retired (D249 lens model): a `str` has three diverging lengths, so length /...
nova_tests/contracts/effect_no_axioms_w2402.nv	STALE	CODEGEN-FAIL	CODEGEN-FAIL: \\?\D:\Sources\nv-lang\nova-198\nova_tests\contracts\trivial_string_len_positive.nv:25:5: error: [E_STR_NO_LEN] `str.len()` was retired (D249 lens model): a `str` has three diverging lengths, so length /...
nova_tests/contracts/effect_with_methods_positive.nv	STALE	CODEGEN-FAIL	CODEGEN-FAIL: \\?\D:\Sources\nv-lang\nova-198\nova_tests\contracts\trivial_string_len_positive.nv:25:5: error: [E_STR_NO_LEN] `str.len()` was retired (D249 lens model): a `str` has three diverging lengths, so length /...
nova_tests/contracts/empty_effect_w2402.nv	STALE	CODEGEN-FAIL	CODEGEN-FAIL: \\?\D:\Sources\nv-lang\nova-198\nova_tests\contracts\trivial_string_len_positive.nv:25:5: error: [E_STR_NO_LEN] `str.len()` was retired (D249 lens model): a `str` has three diverging lengths, so length /...
nova_tests/contracts/ensures_fail_positive.nv	STALE	CODEGEN-FAIL	CODEGEN-FAIL: \\?\D:\Sources\nv-lang\nova-198\nova_tests\contracts\trivial_string_len_positive.nv:25:5: error: [E_STR_NO_LEN] `str.len()` was retired (D249 lens model): a `str` has three diverging lengths, so length /...
nova_tests/contracts/f10_binary_search_z3.nv	STALE	CODEGEN-FAIL	CODEGEN-FAIL: \\?\D:\Sources\nv-lang\nova-198\nova_tests\contracts\trivial_string_len_positive.nv:25:5: error: [E_STR_NO_LEN] `str.len()` was retired (D249 lens model): a `str` has three diverging lengths, so length /...
nova_tests/contracts/f11_fp_minimal.nv	STALE	CODEGEN-FAIL	CODEGEN-FAIL: \\?\D:\Sources\nv-lang\nova-198\nova_tests\contracts\trivial_string_len_positive.nv:25:5: error: [E_STR_NO_LEN] `str.len()` was retired (D249 lens model): a `str` has three diverging lengths, so length /...
nova_tests/contracts/f11_fp_noop.nv	STALE	CODEGEN-FAIL	CODEGEN-FAIL: \\?\D:\Sources\nv-lang\nova-198\nova_tests\contracts\trivial_string_len_positive.nv:25:5: error: [E_STR_NO_LEN] `str.len()` was retired (D249 lens model): a `str` has three diverging lengths, so length /...
nova_tests/contracts/f11_fp_strings_z3.nv	STALE	CODEGEN-FAIL	CODEGEN-FAIL: \\?\D:\Sources\nv-lang\nova-198\nova_tests\contracts\trivial_string_len_positive.nv:25:5: error: [E_STR_NO_LEN] `str.len()` was retired (D249 lens model): a `str` has three diverging lengths, so length /...
nova_tests/contracts/f13_module_strict_trusted.nv	STALE	CODEGEN-FAIL	CODEGEN-FAIL: \\?\D:\Sources\nv-lang\nova-198\nova_tests\contracts\trivial_string_len_positive.nv:25:5: error: [E_STR_NO_LEN] `str.len()` was retired (D249 lens model): a `str` has three diverging lengths, so length /...
nova_tests/contracts/f14_arithmetic_lemmas.nv	STALE	CODEGEN-FAIL	CODEGEN-FAIL: \\?\D:\Sources\nv-lang\nova-198\nova_tests\contracts\trivial_string_len_positive.nv:25:5: error: [E_STR_NO_LEN] `str.len()` was retired (D249 lens model): a `str` has three diverging lengths, so length /...
nova_tests/contracts/f14_avl_balance.nv	STALE	CODEGEN-FAIL	CODEGEN-FAIL: \\?\D:\Sources\nv-lang\nova-198\nova_tests\contracts\trivial_string_len_positive.nv:25:5: error: [E_STR_NO_LEN] `str.len()` was retired (D249 lens model): a `str` has three diverging lengths, so length /...
nova_tests/contracts/f14_bank_account.nv	STALE	CODEGEN-FAIL	CODEGEN-FAIL: \\?\D:\Sources\nv-lang\nova-198\nova_tests\contracts\trivial_string_len_positive.nv:25:5: error: [E_STR_NO_LEN] `str.len()` was retired (D249 lens model): a `str` has three diverging lengths, so length /...
nova_tests/contracts/f14_binary_search.nv	STALE	CODEGEN-FAIL	CODEGEN-FAIL: \\?\D:\Sources\nv-lang\nova-198\nova_tests\contracts\trivial_string_len_positive.nv:25:5: error: [E_STR_NO_LEN] `str.len()` was retired (D249 lens model): a `str` has three diverging lengths, so length /...
nova_tests/contracts/f14_bit_manipulation.nv	STALE	CODEGEN-FAIL	CODEGEN-FAIL: \\?\D:\Sources\nv-lang\nova-198\nova_tests\contracts\trivial_string_len_positive.nv:25:5: error: [E_STR_NO_LEN] `str.len()` was retired (D249 lens model): a `str` has three diverging lengths, so length /...
nova_tests/contracts/f14_boolean_algebra.nv	STALE	CODEGEN-FAIL	CODEGEN-FAIL: \\?\D:\Sources\nv-lang\nova-198\nova_tests\contracts\trivial_string_len_positive.nv:25:5: error: [E_STR_NO_LEN] `str.len()` was retired (D249 lens model): a `str` has three diverging lengths, so length /...
nova_tests/contracts/f14_fibonacci.nv	STALE	CODEGEN-FAIL	CODEGEN-FAIL: \\?\D:\Sources\nv-lang\nova-198\nova_tests\contracts\trivial_string_len_positive.nv:25:5: error: [E_STR_NO_LEN] `str.len()` was retired (D249 lens model): a `str` has three diverging lengths, so length /...
nova_tests/contracts/f14_gcd_lcm.nv	STALE	CODEGEN-FAIL	CODEGEN-FAIL: \\?\D:\Sources\nv-lang\nova-198\nova_tests\contracts\trivial_string_len_positive.nv:25:5: error: [E_STR_NO_LEN] `str.len()` was retired (D249 lens model): a `str` has three diverging lengths, so length /...
nova_tests/contracts/f14_graph_bfs.nv	STALE	CODEGEN-FAIL	CODEGEN-FAIL: \\?\D:\Sources\nv-lang\nova-198\nova_tests\contracts\trivial_string_len_positive.nv:25:5: error: [E_STR_NO_LEN] `str.len()` was retired (D249 lens model): a `str` has three diverging lengths, so length /...
nova_tests/contracts/f14_hash_table.nv	STALE	CODEGEN-FAIL	CODEGEN-FAIL: \\?\D:\Sources\nv-lang\nova-198\nova_tests\contracts\trivial_string_len_positive.nv:25:5: error: [E_STR_NO_LEN] `str.len()` was retired (D249 lens model): a `str` has three diverging lengths, so length /...
nova_tests/contracts/f14_integer_overflow.nv	STALE	CODEGEN-FAIL	CODEGEN-FAIL: \\?\D:\Sources\nv-lang\nova-198\nova_tests\contracts\trivial_string_len_positive.nv:25:5: error: [E_STR_NO_LEN] `str.len()` was retired (D249 lens model): a `str` has three diverging lengths, so length /...
nova_tests/contracts/f14_interval_overlap.nv	STALE	CODEGEN-FAIL	CODEGEN-FAIL: \\?\D:\Sources\nv-lang\nova-198\nova_tests\contracts\trivial_string_len_positive.nv:25:5: error: [E_STR_NO_LEN] `str.len()` was retired (D249 lens model): a `str` has three diverging lengths, so length /...
nova_tests/contracts/f14_linked_list.nv	STALE	CODEGEN-FAIL	CODEGEN-FAIL: \\?\D:\Sources\nv-lang\nova-198\nova_tests\contracts\trivial_string_len_positive.nv:25:5: error: [E_STR_NO_LEN] `str.len()` was retired (D249 lens model): a `str` has three diverging lengths, so length /...
nova_tests/contracts/f14_memory_safety.nv	STALE	CODEGEN-FAIL	CODEGEN-FAIL: \\?\D:\Sources\nv-lang\nova-198\nova_tests\contracts\trivial_string_len_positive.nv:25:5: error: [E_STR_NO_LEN] `str.len()` was retired (D249 lens model): a `str` has three diverging lengths, so length /...
nova_tests/contracts/f14_multivar_contracts.nv	STALE	CODEGEN-FAIL	CODEGEN-FAIL: \\?\D:\Sources\nv-lang\nova-198\nova_tests\contracts\trivial_string_len_positive.nv:25:5: error: [E_STR_NO_LEN] `str.len()` was retired (D249 lens model): a `str` has three diverging lengths, so length /...
nova_tests/contracts/f14_pure_functions.nv	STALE	CODEGEN-FAIL	CODEGEN-FAIL: \\?\D:\Sources\nv-lang\nova-198\nova_tests\contracts\trivial_string_len_positive.nv:25:5: error: [E_STR_NO_LEN] `str.len()` was retired (D249 lens model): a `str` has three diverging lengths, so length /...
nova_tests/contracts/f14_segment_tree.nv	STALE	CODEGEN-FAIL	CODEGEN-FAIL: \\?\D:\Sources\nv-lang\nova-198\nova_tests\contracts\trivial_string_len_positive.nv:25:5: error: [E_STR_NO_LEN] `str.len()` was retired (D249 lens model): a `str` has three diverging lengths, so length /...
nova_tests/contracts/f14_sorting_invariants.nv	STALE	CODEGEN-FAIL	CODEGEN-FAIL: \\?\D:\Sources\nv-lang\nova-198\nova_tests\contracts\trivial_string_len_positive.nv:25:5: error: [E_STR_NO_LEN] `str.len()` was retired (D249 lens model): a `str` has three diverging lengths, so length /...
nova_tests/contracts/f14_stack_invariants.nv	STALE	CODEGEN-FAIL	CODEGEN-FAIL: \\?\D:\Sources\nv-lang\nova-198\nova_tests\contracts\trivial_string_len_positive.nv:25:5: error: [E_STR_NO_LEN] `str.len()` was retired (D249 lens model): a `str` has three diverging lengths, so length /...
nova_tests/contracts/f14_string_ops.nv	STALE	CODEGEN-FAIL	CODEGEN-FAIL: \\?\D:\Sources\nv-lang\nova-198\nova_tests\contracts\trivial_string_len_positive.nv:25:5: error: [E_STR_NO_LEN] `str.len()` was retired (D249 lens model): a `str` has three diverging lengths, so length /...
nova_tests/contracts/f29_lit_comparison_positive.nv	STALE	CODEGEN-FAIL	CODEGEN-FAIL: \\?\D:\Sources\nv-lang\nova-198\nova_tests\contracts\trivial_string_len_positive.nv:25:5: error: [E_STR_NO_LEN] `str.len()` was retired (D249 lens model): a `str` has three diverging lengths, so length /...
nova_tests/contracts/f29_neq_bounds_positive.nv	STALE	CODEGEN-FAIL	CODEGEN-FAIL: \\?\D:\Sources\nv-lang\nova-198\nova_tests\contracts\trivial_string_len_positive.nv:25:5: error: [E_STR_NO_LEN] `str.len()` was retired (D249 lens model): a `str` has three diverging lengths, so length /...
nova_tests/contracts/f29_var_var_bounds_positive.nv	STALE	CODEGEN-FAIL	CODEGEN-FAIL: \\?\D:\Sources\nv-lang\nova-198\nova_tests\contracts\trivial_string_len_positive.nv:25:5: error: [E_STR_NO_LEN] `str.len()` was retired (D249 lens model): a `str` has three diverging lengths, so length /...
nova_tests/contracts/f30_addition_strict_positive.nv	STALE	CODEGEN-FAIL	CODEGEN-FAIL: \\?\D:\Sources\nv-lang\nova-198\nova_tests\contracts\trivial_string_len_positive.nv:25:5: error: [E_STR_NO_LEN] `str.len()` was retired (D249 lens model): a `str` has three diverging lengths, so length /...
nova_tests/contracts/f30_const_mul_strict_positive.nv	STALE	CODEGEN-FAIL	CODEGEN-FAIL: \\?\D:\Sources\nv-lang\nova-198\nova_tests\contracts\trivial_string_len_positive.nv:25:5: error: [E_STR_NO_LEN] `str.len()` was retired (D249 lens model): a `str` has three diverging lengths, so length /...
nova_tests/contracts/f30_negation_strict_positive.nv	STALE	CODEGEN-FAIL	CODEGEN-FAIL: \\?\D:\Sources\nv-lang\nova-198\nova_tests\contracts\trivial_string_len_positive.nv:25:5: error: [E_STR_NO_LEN] `str.len()` was retired (D249 lens model): a `str` has three diverging lengths, so length /...
nova_tests/contracts/f31_division_strict_positive.nv	STALE	CODEGEN-FAIL	CODEGEN-FAIL: \\?\D:\Sources\nv-lang\nova-198\nova_tests\contracts\trivial_string_len_positive.nv:25:5: error: [E_STR_NO_LEN] `str.len()` was retired (D249 lens model): a `str` has three diverging lengths, so length /...
nova_tests/contracts/f31_lemma_requires_false_w2402.nv	STALE	CODEGEN-FAIL	CODEGEN-FAIL: \\?\D:\Sources\nv-lang\nova-198\nova_tests\contracts\trivial_string_len_positive.nv:25:5: error: [E_STR_NO_LEN] `str.len()` was retired (D249 lens model): a `str` has three diverging lengths, so length /...
nova_tests/contracts/f32_lemma_fn_collision_w2402.nv	STALE	CODEGEN-FAIL	CODEGEN-FAIL: \\?\D:\Sources\nv-lang\nova-198\nova_tests\contracts\trivial_string_len_positive.nv:25:5: error: [E_STR_NO_LEN] `str.len()` was retired (D249 lens model): a `str` has three diverging lengths, so length /...
nova_tests/contracts/f32_lemma_tautological_w2402.nv	STALE	CODEGEN-FAIL	CODEGEN-FAIL: \\?\D:\Sources\nv-lang\nova-198\nova_tests\contracts\trivial_string_len_positive.nv:25:5: error: [E_STR_NO_LEN] `str.len()` was retired (D249 lens model): a `str` has three diverging lengths, so length /...
nova_tests/contracts/f33_fn_tautological_w2402.nv	STALE	CODEGEN-FAIL	CODEGEN-FAIL: \\?\D:\Sources\nv-lang\nova-198\nova_tests\contracts\trivial_string_len_positive.nv:25:5: error: [E_STR_NO_LEN] `str.len()` was retired (D249 lens model): a `str` has three diverging lengths, so length /...
nova_tests/contracts/f33_var_mul_nonneg_positive.nv	STALE	CODEGEN-FAIL	CODEGEN-FAIL: \\?\D:\Sources\nv-lang\nova-198\nova_tests\contracts\trivial_string_len_positive.nv:25:5: error: [E_STR_NO_LEN] `str.len()` was retired (D249 lens model): a `str` has three diverging lengths, so length /...
nova_tests/contracts/f34_ensures_fail_no_fail_w2402.nv	STALE	CODEGEN-FAIL	CODEGEN-FAIL: \\?\D:\Sources\nv-lang\nova-198\nova_tests\contracts\trivial_string_len_positive.nv:25:5: error: [E_STR_NO_LEN] `str.len()` was retired (D249 lens model): a `str` has three diverging lengths, so length /...
nova_tests/contracts/f34_var_mul_neg_neg_positive.nv	STALE	CODEGEN-FAIL	CODEGEN-FAIL: \\?\D:\Sources\nv-lang\nova-198\nova_tests\contracts\trivial_string_len_positive.nv:25:5: error: [E_STR_NO_LEN] `str.len()` was retired (D249 lens model): a `str` has three diverging lengths, so length /...
nova_tests/contracts/f34_var_mul_nonpos_positive.nv	STALE	CODEGEN-FAIL	CODEGEN-FAIL: \\?\D:\Sources\nv-lang\nova-198\nova_tests\contracts\trivial_string_len_positive.nv:25:5: error: [E_STR_NO_LEN] `str.len()` was retired (D249 lens model): a `str` has three diverging lengths, so length /...
nova_tests/contracts/f35_addition_upper_positive.nv	STALE	CODEGEN-FAIL	CODEGEN-FAIL: \\?\D:\Sources\nv-lang\nova-198\nova_tests\contracts\trivial_string_len_positive.nv:25:5: error: [E_STR_NO_LEN] `str.len()` was retired (D249 lens model): a `str` has three diverging lengths, so length /...
nova_tests/contracts/f35_subtraction_upper_positive.nv	STALE	CODEGEN-FAIL	CODEGEN-FAIL: \\?\D:\Sources\nv-lang\nova-198\nova_tests\contracts\trivial_string_len_positive.nv:25:5: error: [E_STR_NO_LEN] `str.len()` was retired (D249 lens model): a `str` has three diverging lengths, so length /...
nova_tests/contracts/f36_const_mul_upper_positive.nv	STALE	CODEGEN-FAIL	CODEGEN-FAIL: \\?\D:\Sources\nv-lang\nova-198\nova_tests\contracts\trivial_string_len_positive.nv:25:5: error: [E_STR_NO_LEN] `str.len()` was retired (D249 lens model): a `str` has three diverging lengths, so length /...
nova_tests/contracts/f36_negation_upper_positive.nv	STALE	CODEGEN-FAIL	CODEGEN-FAIL: \\?\D:\Sources\nv-lang\nova-198\nova_tests\contracts\trivial_string_len_positive.nv:25:5: error: [E_STR_NO_LEN] `str.len()` was retired (D249 lens model): a `str` has three diverging lengths, so length /...
nova_tests/contracts/f37_var_mul_strict_negative.nv	STALE	CODEGEN-FAIL	CODEGEN-FAIL: \\?\D:\Sources\nv-lang\nova-198\nova_tests\contracts\trivial_string_len_positive.nv:25:5: error: [E_STR_NO_LEN] `str.len()` was retired (D249 lens model): a `str` has three diverging lengths, so length /...
nova_tests/contracts/f37_var_mul_strict_positive.nv	STALE	CODEGEN-FAIL	CODEGEN-FAIL: \\?\D:\Sources\nv-lang\nova-198\nova_tests\contracts\trivial_string_len_positive.nv:25:5: error: [E_STR_NO_LEN] `str.len()` was retired (D249 lens model): a `str` has three diverging lengths, so length /...
nova_tests/contracts/f38_modulus_strict_positive.nv	STALE	CODEGEN-FAIL	CODEGEN-FAIL: \\?\D:\Sources\nv-lang\nova-198\nova_tests\contracts\trivial_string_len_positive.nv:25:5: error: [E_STR_NO_LEN] `str.len()` was retired (D249 lens model): a `str` has three diverging lengths, so length /...
nova_tests/contracts/f39_eq_bounds_positive.nv	STALE	CODEGEN-FAIL	CODEGEN-FAIL: \\?\D:\Sources\nv-lang\nova-198\nova_tests\contracts\trivial_string_len_positive.nv:25:5: error: [E_STR_NO_LEN] `str.len()` was retired (D249 lens model): a `str` has three diverging lengths, so length /...
nova_tests/contracts/f40_lemma_body_eq_ensures_w2402.nv	STALE	CODEGEN-FAIL	CODEGEN-FAIL: \\?\D:\Sources\nv-lang\nova-198\nova_tests\contracts\trivial_string_len_positive.nv:25:5: error: [E_STR_NO_LEN] `str.len()` was retired (D249 lens model): a `str` has three diverging lengths, so length /...
nova_tests/contracts/f41_subtraction_algebraic_positive.nv	STALE	CODEGEN-FAIL	CODEGEN-FAIL: \\?\D:\Sources\nv-lang\nova-198\nova_tests\contracts\trivial_string_len_positive.nv:25:5: error: [E_STR_NO_LEN] `str.len()` was retired (D249 lens model): a `str` has three diverging lengths, so length /...
nova_tests/contracts/f42_verify_only_requires_w2402.nv	STALE	CODEGEN-FAIL	CODEGEN-FAIL: \\?\D:\Sources\nv-lang\nova-198\nova_tests\contracts\trivial_string_len_positive.nv:25:5: error: [E_STR_NO_LEN] `str.len()` was retired (D249 lens model): a `str` has three diverging lengths, so length /...
nova_tests/contracts/f43_addition_algebraic_positive.nv	STALE	CODEGEN-FAIL	CODEGEN-FAIL: \\?\D:\Sources\nv-lang\nova-198\nova_tests\contracts\trivial_string_len_positive.nv:25:5: error: [E_STR_NO_LEN] `str.len()` was retired (D249 lens model): a `str` has three diverging lengths, so length /...
nova_tests/contracts/f44_mul_neg_one_positive.nv	STALE	CODEGEN-FAIL	CODEGEN-FAIL: \\?\D:\Sources\nv-lang\nova-198\nova_tests\contracts\trivial_string_len_positive.nv:25:5: error: [E_STR_NO_LEN] `str.len()` was retired (D249 lens model): a `str` has three diverging lengths, so length /...
nova_tests/contracts/f45_division_modulus_zero_positive.nv	STALE	CODEGEN-FAIL	CODEGEN-FAIL: \\?\D:\Sources\nv-lang\nova-198\nova_tests\contracts\trivial_string_len_positive.nv:25:5: error: [E_STR_NO_LEN] `str.len()` was retired (D249 lens model): a `str` has three diverging lengths, so length /...
nova_tests/contracts/f47_long_conjunction_w2402.nv	STALE	CODEGEN-FAIL	CODEGEN-FAIL: \\?\D:\Sources\nv-lang\nova-198\nova_tests\contracts\trivial_string_len_positive.nv:25:5: error: [E_STR_NO_LEN] `str.len()` was retired (D249 lens model): a `str` has three diverging lengths, so length /...
nova_tests/contracts/f48_lemma_unused_param_w2402.nv	STALE	CODEGEN-FAIL	CODEGEN-FAIL: \\?\D:\Sources\nv-lang\nova-198\nova_tests\contracts\trivial_string_len_positive.nv:25:5: error: [E_STR_NO_LEN] `str.len()` was retired (D249 lens model): a `str` has three diverging lengths, so length /...
nova_tests/contracts/f49_apply_vacuous_lemma_w2402.nv	STALE	CODEGEN-FAIL	CODEGEN-FAIL: \\?\D:\Sources\nv-lang\nova-198\nova_tests\contracts\trivial_string_len_positive.nv:25:5: error: [E_STR_NO_LEN] `str.len()` was retired (D249 lens model): a `str` has three diverging lengths, so length /...
nova_tests/contracts/f50_long_disjunction_w2402.nv	STALE	CODEGEN-FAIL	CODEGEN-FAIL: \\?\D:\Sources\nv-lang\nova-198\nova_tests\contracts\trivial_string_len_positive.nv:25:5: error: [E_STR_NO_LEN] `str.len()` was retired (D249 lens model): a `str` has three diverging lengths, so length /...
nova_tests/contracts/f51_square_nonneg_positive.nv	STALE	CODEGEN-FAIL	CODEGEN-FAIL: \\?\D:\Sources\nv-lang\nova-198\nova_tests\contracts\trivial_string_len_positive.nv:25:5: error: [E_STR_NO_LEN] `str.len()` was retired (D249 lens model): a `str` has three diverging lengths, so length /...
nova_tests/contracts/f52_square_strict_div_self_positive.nv	STALE	CODEGEN-FAIL	CODEGEN-FAIL: \\?\D:\Sources\nv-lang\nova-198\nova_tests\contracts\trivial_string_len_positive.nv:25:5: error: [E_STR_NO_LEN] `str.len()` was retired (D249 lens model): a `str` has three diverging lengths, so length /...
nova_tests/contracts/f53_modulus_identities_positive.nv	STALE	CODEGEN-FAIL	CODEGEN-FAIL: \\?\D:\Sources\nv-lang\nova-198\nova_tests\contracts\trivial_string_len_positive.nv:25:5: error: [E_STR_NO_LEN] `str.len()` was retired (D249 lens model): a `str` has three diverging lengths, so length /...
nova_tests/contracts/f54_clean_fn_no_warning_positive.nv	STALE	CODEGEN-FAIL	CODEGEN-FAIL: \\?\D:\Sources\nv-lang\nova-198\nova_tests\contracts\trivial_string_len_positive.nv:25:5: error: [E_STR_NO_LEN] `str.len()` was retired (D249 lens model): a `str` has three diverging lengths, so length /...
nova_tests/contracts/f54_integration_positive.nv	STALE	CODEGEN-FAIL	CODEGEN-FAIL: \\?\D:\Sources\nv-lang\nova-198\nova_tests\contracts\trivial_string_len_positive.nv:25:5: error: [E_STR_NO_LEN] `str.len()` was retired (D249 lens model): a `str` has three diverging lengths, so length /...
nova_tests/contracts/f55_abs_value.nv	STALE	CODEGEN-FAIL	CODEGEN-FAIL: \\?\D:\Sources\nv-lang\nova-198\nova_tests\contracts\trivial_string_len_positive.nv:25:5: error: [E_STR_NO_LEN] `str.len()` was retired (D249 lens model): a `str` has three diverging lengths, so length /...
nova_tests/contracts/f55_factorial_invariant.nv	STALE	CODEGEN-FAIL	CODEGEN-FAIL: \\?\D:\Sources\nv-lang\nova-198\nova_tests\contracts\trivial_string_len_positive.nv:25:5: error: [E_STR_NO_LEN] `str.len()` was retired (D249 lens model): a `str` has three diverging lengths, so length /...
nova_tests/contracts/f55_min_max_bounds.nv	STALE	CODEGEN-FAIL	CODEGEN-FAIL: \\?\D:\Sources\nv-lang\nova-198\nova_tests\contracts\trivial_string_len_positive.nv:25:5: error: [E_STR_NO_LEN] `str.len()` was retired (D249 lens model): a `str` has three diverging lengths, so length /...
nova_tests/contracts/f55_power_recursion.nv	STALE	CODEGEN-FAIL	CODEGEN-FAIL: \\?\D:\Sources\nv-lang\nova-198\nova_tests\contracts\trivial_string_len_positive.nv:25:5: error: [E_STR_NO_LEN] `str.len()` was retired (D249 lens model): a `str` has three diverging lengths, so length /...
nova_tests/contracts/f55_sum_bounds.nv	STALE	CODEGEN-FAIL	CODEGEN-FAIL: \\?\D:\Sources\nv-lang\nova-198\nova_tests\contracts\trivial_string_len_positive.nv:25:5: error: [E_STR_NO_LEN] `str.len()` was retired (D249 lens model): a `str` has three diverging lengths, so length /...
nova_tests/contracts/f56_buffer_index_safety.nv	STALE	CODEGEN-FAIL	CODEGEN-FAIL: \\?\D:\Sources\nv-lang\nova-198\nova_tests\contracts\trivial_string_len_positive.nv:25:5: error: [E_STR_NO_LEN] `str.len()` was retired (D249 lens model): a `str` has three diverging lengths, so length /...
nova_tests/contracts/f56_clamp_bounds.nv	STALE	CODEGEN-FAIL	CODEGEN-FAIL: \\?\D:\Sources\nv-lang\nova-198\nova_tests\contracts\trivial_string_len_positive.nv:25:5: error: [E_STR_NO_LEN] `str.len()` was retired (D249 lens model): a `str` has three diverging lengths, so length /...
nova_tests/contracts/f56_counter_increment.nv	STALE	CODEGEN-FAIL	CODEGEN-FAIL: \\?\D:\Sources\nv-lang\nova-198\nova_tests\contracts\trivial_string_len_positive.nv:25:5: error: [E_STR_NO_LEN] `str.len()` was retired (D249 lens model): a `str` has three diverging lengths, so length /...
nova_tests/contracts/f56_distance_nonneg.nv	STALE	CODEGEN-FAIL	CODEGEN-FAIL: \\?\D:\Sources\nv-lang\nova-198\nova_tests\contracts\trivial_string_len_positive.nv:25:5: error: [E_STR_NO_LEN] `str.len()` was retired (D249 lens model): a `str` has three diverging lengths, so length /...
nova_tests/contracts/f56_safe_division.nv	STALE	CODEGEN-FAIL	CODEGEN-FAIL: \\?\D:\Sources\nv-lang\nova-198\nova_tests\contracts\trivial_string_len_positive.nv:25:5: error: [E_STR_NO_LEN] `str.len()` was retired (D249 lens model): a `str` has three diverging lengths, so length /...
nova_tests/contracts/f57_double_invariant.nv	STALE	CODEGEN-FAIL	CODEGEN-FAIL: \\?\D:\Sources\nv-lang\nova-198\nova_tests\contracts\trivial_string_len_positive.nv:25:5: error: [E_STR_NO_LEN] `str.len()` was retired (D249 lens model): a `str` has three diverging lengths, so length /...
nova_tests/contracts/f57_modular_invariant.nv	STALE	CODEGEN-FAIL	CODEGEN-FAIL: \\?\D:\Sources\nv-lang\nova-198\nova_tests\contracts\trivial_string_len_positive.nv:25:5: error: [E_STR_NO_LEN] `str.len()` was retired (D249 lens model): a `str` has three diverging lengths, so length /...
nova_tests/contracts/f57_negate_invariant.nv	STALE	CODEGEN-FAIL	CODEGEN-FAIL: \\?\D:\Sources\nv-lang\nova-198\nova_tests\contracts\trivial_string_len_positive.nv:25:5: error: [E_STR_NO_LEN] `str.len()` was retired (D249 lens model): a `str` has three diverging lengths, so length /...
nova_tests/contracts/f57_offset_bounds.nv	STALE	CODEGEN-FAIL	CODEGEN-FAIL: \\?\D:\Sources\nv-lang\nova-198\nova_tests\contracts\trivial_string_len_positive.nv:25:5: error: [E_STR_NO_LEN] `str.len()` was retired (D249 lens model): a `str` has three diverging lengths, so length /...
nova_tests/contracts/f57_range_check.nv	STALE	CODEGEN-FAIL	CODEGEN-FAIL: \\?\D:\Sources\nv-lang\nova-198\nova_tests\contracts\trivial_string_len_positive.nv:25:5: error: [E_STR_NO_LEN] `str.len()` was retired (D249 lens model): a `str` has three diverging lengths, so length /...
nova_tests/contracts/f58_dead_opaque_w2403.nv	STALE	CODEGEN-FAIL	CODEGEN-FAIL: \\?\D:\Sources\nv-lang\nova-198\nova_tests\contracts\trivial_string_len_positive.nv:25:5: error: [E_STR_NO_LEN] `str.len()` was retired (D249 lens model): a `str` has three diverging lengths, so length /...
nova_tests/contracts/f58_dup_reveal_w2402.nv	STALE	CODEGEN-FAIL	CODEGEN-FAIL: \\?\D:\Sources\nv-lang\nova-198\nova_tests\contracts\trivial_string_len_positive.nv:25:5: error: [E_STR_NO_LEN] `str.len()` was retired (D249 lens model): a `str` has three diverging lengths, so length /...
nova_tests/contracts/f58_fuel_zero_w2403.nv	STALE	CODEGEN-FAIL	CODEGEN-FAIL: \\?\D:\Sources\nv-lang\nova-198\nova_tests\contracts\trivial_string_len_positive.nv:25:5: error: [E_STR_NO_LEN] `str.len()` was retired (D249 lens model): a `str` has three diverging lengths, so length /...
nova_tests/contracts/f58_nonopaque_trivial_no_upgrade.nv	STALE	CODEGEN-FAIL	CODEGEN-FAIL: \\?\D:\Sources\nv-lang\nova-198\nova_tests\contracts\trivial_string_len_positive.nv:25:5: error: [E_STR_NO_LEN] `str.len()` was retired (D249 lens model): a `str` has three diverging lengths, so length /...
nova_tests/contracts/f58_opaque_parse_smoke.nv	STALE	CODEGEN-FAIL	CODEGEN-FAIL: \\?\D:\Sources\nv-lang\nova-198\nova_tests\contracts\trivial_string_len_positive.nv:25:5: error: [E_STR_NO_LEN] `str.len()` was retired (D249 lens model): a `str` has three diverging lengths, so length /...
nova_tests/contracts/f58_opaque_trivial_w2402.nv	STALE	CODEGEN-FAIL	CODEGEN-FAIL: \\?\D:\Sources\nv-lang\nova-198\nova_tests\contracts\trivial_string_len_positive.nv:25:5: error: [E_STR_NO_LEN] `str.len()` was retired (D249 lens model): a `str` has three diverging lengths, so length /...
nova_tests/contracts/f58_reveal_non_opaque_w2403.nv	STALE	CODEGEN-FAIL	CODEGEN-FAIL: \\?\D:\Sources\nv-lang\nova-198\nova_tests\contracts\trivial_string_len_positive.nv:25:5: error: [E_STR_NO_LEN] `str.len()` was retired (D249 lens model): a `str` has three diverging lengths, so length /...
nova_tests/contracts/f59_fuel_recursive_z3_positive.nv	STALE	CODEGEN-FAIL	CODEGEN-FAIL: \\?\D:\Sources\nv-lang\nova-198\nova_tests\contracts\trivial_string_len_positive.nv:25:5: error: [E_STR_NO_LEN] `str.len()` was retired (D249 lens model): a `str` has three diverging lengths, so length /...
nova_tests/contracts/f59_opaque_reveal_z3_positive.nv	STALE	CODEGEN-FAIL	CODEGEN-FAIL: \\?\D:\Sources\nv-lang\nova-198\nova_tests\contracts\trivial_string_len_positive.nv:25:5: error: [E_STR_NO_LEN] `str.len()` was retired (D249 lens model): a `str` has three diverging lengths, so length /...
nova_tests/contracts/f60_bv_arith_trivial_positive.nv	STALE	CODEGEN-FAIL	CODEGEN-FAIL: \\?\D:\Sources\nv-lang\nova-198\nova_tests\contracts\trivial_string_len_positive.nv:25:5: error: [E_STR_NO_LEN] `str.len()` was retired (D249 lens model): a `str` has three diverging lengths, so length /...
nova_tests/contracts/f60_bv_arith_z3_positive.nv	STALE	CODEGEN-FAIL	CODEGEN-FAIL: \\?\D:\Sources\nv-lang\nova-198\nova_tests\contracts\trivial_string_len_positive.nv:25:5: error: [E_STR_NO_LEN] `str.len()` was retired (D249 lens model): a `str` has three diverging lengths, so length /...
nova_tests/contracts/f60_bv_bitwise_z3_positive.nv	STALE	CODEGEN-FAIL	CODEGEN-FAIL: \\?\D:\Sources\nv-lang\nova-198\nova_tests\contracts\trivial_string_len_positive.nv:25:5: error: [E_STR_NO_LEN] `str.len()` was retired (D249 lens model): a `str` has three diverging lengths, so length /...
nova_tests/contracts/f60_bv_nooverflow_safe_z3_positive.nv	STALE	CODEGEN-FAIL	CODEGEN-FAIL: \\?\D:\Sources\nv-lang\nova-198\nova_tests\contracts\trivial_string_len_positive.nv:25:5: error: [E_STR_NO_LEN] `str.len()` was retired (D249 lens model): a `str` has three diverging lengths, so length /...
nova_tests/contracts/f61_bv_cast_resize_z3_positive.nv	STALE	CODEGEN-FAIL	CODEGEN-FAIL: \\?\D:\Sources\nv-lang\nova-198\nova_tests\contracts\trivial_string_len_positive.nv:25:5: error: [E_STR_NO_LEN] `str.len()` was retired (D249 lens model): a `str` has three diverging lengths, so length /...
nova_tests/contracts/f61_bv_nooverflow_block_z3_positive.nv	STALE	CODEGEN-FAIL	CODEGEN-FAIL: \\?\D:\Sources\nv-lang\nova-198\nova_tests\contracts\trivial_string_len_positive.nv:25:5: error: [E_STR_NO_LEN] `str.len()` was retired (D249 lens model): a `str` has three diverging lengths, so length /...
nova_tests/contracts/f61_bv_signed_z3_positive.nv	STALE	CODEGEN-FAIL	CODEGEN-FAIL: \\?\D:\Sources\nv-lang\nova-198\nova_tests\contracts\trivial_string_len_positive.nv:25:5: error: [E_STR_NO_LEN] `str.len()` was retired (D249 lens model): a `str` has three diverging lengths, so length /...
nova_tests/contracts/f9_axiom_generic_binders_positive.nv	STALE	CODEGEN-FAIL	CODEGEN-FAIL: \\?\D:\Sources\nv-lang\nova-198\nova_tests\contracts\trivial_string_len_positive.nv:25:5: error: [E_STR_NO_LEN] `str.len()` was retired (D249 lens model): a `str` has three diverging lengths, so length /...
nova_tests/contracts/f9_axiom_generic_two_binders_positive.nv	STALE	CODEGEN-FAIL	CODEGEN-FAIL: \\?\D:\Sources\nv-lang\nova-198\nova_tests\contracts\trivial_string_len_positive.nv:25:5: error: [E_STR_NO_LEN] `str.len()` was retired (D249 lens model): a `str` has three diverging lengths, so length /...
nova_tests/contracts/f9_axiom_mixed_binders_positive.nv	STALE	CODEGEN-FAIL	CODEGEN-FAIL: \\?\D:\Sources\nv-lang\nova-198\nova_tests\contracts\trivial_string_len_positive.nv:25:5: error: [E_STR_NO_LEN] `str.len()` was retired (D249 lens model): a `str` has three diverging lengths, so length /...
nova_tests/contracts/f9_axiom_multi_typed_binders_positive.nv	STALE	CODEGEN-FAIL	CODEGEN-FAIL: \\?\D:\Sources\nv-lang\nova-198\nova_tests\contracts\trivial_string_len_positive.nv:25:5: error: [E_STR_NO_LEN] `str.len()` was retired (D249 lens model): a `str` has three diverging lengths, so length /...
nova_tests/contracts/f9_axiom_typed_binders_positive.nv	STALE	CODEGEN-FAIL	CODEGEN-FAIL: \\?\D:\Sources\nv-lang\nova-198\nova_tests\contracts\trivial_string_len_positive.nv:25:5: error: [E_STR_NO_LEN] `str.len()` was retired (D249 lens model): a `str` has three diverging lengths, so length /...
nova_tests/contracts/f9_axiom_untyped_and_typed_mix_positive.nv	STALE	CODEGEN-FAIL	CODEGEN-FAIL: \\?\D:\Sources\nv-lang\nova-198\nova_tests\contracts\trivial_string_len_positive.nv:25:5: error: [E_STR_NO_LEN] `str.len()` was retired (D249 lens model): a `str` has three diverging lengths, so length /...
nova_tests/contracts/f9_combined_features.nv	STALE	CODEGEN-FAIL	CODEGEN-FAIL: \\?\D:\Sources\nv-lang\nova-198\nova_tests\contracts\trivial_string_len_positive.nv:25:5: error: [E_STR_NO_LEN] `str.len()` was retired (D249 lens model): a `str` has three diverging lengths, so length /...
nova_tests/contracts/f9_effect_overloaded_ops_positive.nv	STALE	CODEGEN-FAIL	CODEGEN-FAIL: \\?\D:\Sources\nv-lang\nova-198\nova_tests\contracts\trivial_string_len_positive.nv:25:5: error: [E_STR_NO_LEN] `str.len()` was retired (D249 lens model): a `str` has three diverging lengths, so length /...
nova_tests/contracts/f9_ghost_in_specs_positive.nv	STALE	CODEGEN-FAIL	CODEGEN-FAIL: \\?\D:\Sources\nv-lang\nova-198\nova_tests\contracts\trivial_string_len_positive.nv:25:5: error: [E_STR_NO_LEN] `str.len()` was retired (D249 lens model): a `str` has three diverging lengths, so length /...
nova_tests/contracts/f9_handler_verify_positive.nv	STALE	CODEGEN-FAIL	CODEGEN-FAIL: \\?\D:\Sources\nv-lang\nova-198\nova_tests\contracts\trivial_string_len_positive.nv:25:5: error: [E_STR_NO_LEN] `str.len()` was retired (D249 lens model): a `str` has three diverging lengths, so length /...
nova_tests/contracts/f9_loop_decreases_positive.nv	STALE	CODEGEN-FAIL	CODEGEN-FAIL: \\?\D:\Sources\nv-lang\nova-198\nova_tests\contracts\trivial_string_len_positive.nv:25:5: error: [E_STR_NO_LEN] `str.len()` was retired (D249 lens model): a `str` has three diverging lengths, so length /...
nova_tests/contracts/f9_loop_preentry_positive.nv	STALE	CODEGEN-FAIL	CODEGEN-FAIL: \\?\D:\Sources\nv-lang\nova-198\nova_tests\contracts\trivial_string_len_positive.nv:25:5: error: [E_STR_NO_LEN] `str.len()` was retired (D249 lens model): a `str` has three diverging lengths, so length /...
nova_tests/contracts/f9_overloaded_ops_in_protocol_positive.nv	STALE	CODEGEN-FAIL	CODEGEN-FAIL: \\?\D:\Sources\nv-lang\nova-198\nova_tests\contracts\trivial_string_len_positive.nv:25:5: error: [E_STR_NO_LEN] `str.len()` was retired (D249 lens model): a `str` has three diverging lengths, so length /...
nova_tests/contracts/f9_overloaded_three_ops_positive.nv	STALE	CODEGEN-FAIL	CODEGEN-FAIL: \\?\D:\Sources\nv-lang\nova-198\nova_tests\contracts\trivial_string_len_positive.nv:25:5: error: [E_STR_NO_LEN] `str.len()` was retired (D249 lens model): a `str` has three diverging lengths, so length /...
nova_tests/contracts/f9_protocol_pure_axiom_positive.nv	STALE	CODEGEN-FAIL	CODEGEN-FAIL: \\?\D:\Sources\nv-lang\nova-198\nova_tests\contracts\trivial_string_len_positive.nv:25:5: error: [E_STR_NO_LEN] `str.len()` was retired (D249 lens model): a `str` has three diverging lengths, so length /...
nova_tests/contracts/f9_pure_only_no_gate_positive.nv	STALE	CODEGEN-FAIL	CODEGEN-FAIL: \\?\D:\Sources\nv-lang\nova-198\nova_tests\contracts\trivial_string_len_positive.nv:25:5: error: [E_STR_NO_LEN] `str.len()` was retired (D249 lens model): a `str` has three diverging lengths, so length /...
nova_tests/contracts/f9_pure_view_in_contract_positive.nv	STALE	CODEGEN-FAIL	CODEGEN-FAIL: \\?\D:\Sources\nv-lang\nova-198\nova_tests\contracts\trivial_string_len_positive.nv:25:5: error: [E_STR_NO_LEN] `str.len()` was retired (D249 lens model): a `str` has three diverging lengths, so length /...
nova_tests/contracts/f9_pure_view_parse.nv	STALE	CODEGEN-FAIL	CODEGEN-FAIL: \\?\D:\Sources\nv-lang\nova-198\nova_tests\contracts\trivial_string_len_positive.nv:25:5: error: [E_STR_NO_LEN] `str.len()` was retired (D249 lens model): a `str` has three diverging lengths, so length /...
nova_tests/contracts/f9_verify_attr_on_fn_positive.nv	STALE	CODEGEN-FAIL	CODEGEN-FAIL: \\?\D:\Sources\nv-lang\nova-198\nova_tests\contracts\trivial_string_len_positive.nv:25:5: error: [E_STR_NO_LEN] `str.len()` was retired (D249 lens model): a `str` has three diverging lengths, so length /...
nova_tests/contracts/f9_verify_trusted_handler_positive.nv	STALE	CODEGEN-FAIL	CODEGEN-FAIL: \\?\D:\Sources\nv-lang\nova-198\nova_tests\contracts\trivial_string_len_positive.nv:25:5: error: [E_STR_NO_LEN] `str.len()` was retired (D249 lens model): a `str` has three diverging lengths, so length /...
nova_tests/contracts/frame_positive.nv	STALE	CODEGEN-FAIL	CODEGEN-FAIL: \\?\D:\Sources\nv-lang\nova-198\nova_tests\contracts\trivial_string_len_positive.nv:25:5: error: [E_STR_NO_LEN] `str.len()` was retired (D249 lens model): a `str` has three diverging lengths, so length /...
nova_tests/contracts/frame_smt_positive.nv	STALE	CODEGEN-FAIL	CODEGEN-FAIL: \\?\D:\Sources\nv-lang\nova-198\nova_tests\contracts\trivial_string_len_positive.nv:25:5: error: [E_STR_NO_LEN] `str.len()` was retired (D249 lens model): a `str` has three diverging lengths, so length /...
nova_tests/contracts/ghost_assume.nv	STALE	CODEGEN-FAIL	CODEGEN-FAIL: \\?\D:\Sources\nv-lang\nova-198\nova_tests\contracts\trivial_string_len_positive.nv:25:5: error: [E_STR_NO_LEN] `str.len()` was retired (D249 lens model): a `str` has three diverging lengths, so length /...
nova_tests/contracts/ghost_in_assert_positive.nv	STALE	CODEGEN-FAIL	CODEGEN-FAIL: \\?\D:\Sources\nv-lang\nova-198\nova_tests\contracts\trivial_string_len_positive.nv:25:5: error: [E_STR_NO_LEN] `str.len()` was retired (D249 lens model): a `str` has three diverging lengths, so length /...
nova_tests/contracts/ghost_in_assume_positive.nv	STALE	CODEGEN-FAIL	CODEGEN-FAIL: \\?\D:\Sources\nv-lang\nova-198\nova_tests\contracts\trivial_string_len_positive.nv:25:5: error: [E_STR_NO_LEN] `str.len()` was retired (D249 lens model): a `str` has three diverging lengths, so length /...
nova_tests/contracts/ghost_in_ensures_positive.nv	STALE	CODEGEN-FAIL	CODEGEN-FAIL: \\?\D:\Sources\nv-lang\nova-198\nova_tests\contracts\trivial_string_len_positive.nv:25:5: error: [E_STR_NO_LEN] `str.len()` was retired (D249 lens model): a `str` has three diverging lengths, so length /...
nova_tests/contracts/ghost_in_ghost_block_positive.nv	STALE	CODEGEN-FAIL	CODEGEN-FAIL: \\?\D:\Sources\nv-lang\nova-198\nova_tests\contracts\trivial_string_len_positive.nv:25:5: error: [E_STR_NO_LEN] `str.len()` was retired (D249 lens model): a `str` has three diverging lengths, so length /...
nova_tests/contracts/ghost_in_invariant_positive.nv	STALE	CODEGEN-FAIL	CODEGEN-FAIL: \\?\D:\Sources\nv-lang\nova-198\nova_tests\contracts\trivial_string_len_positive.nv:25:5: error: [E_STR_NO_LEN] `str.len()` was retired (D249 lens model): a `str` has three diverging lengths, so length /...
nova_tests/contracts/handler_exec_split_positive.nv	STALE	CODEGEN-FAIL	CODEGEN-FAIL: \\?\D:\Sources\nv-lang\nova-198\nova_tests\contracts\trivial_string_len_positive.nv:25:5: error: [E_STR_NO_LEN] `str.len()` was retired (D249 lens model): a `str` has three diverging lengths, so length /...
nova_tests/contracts/handler_post_if_branching_positive.nv	STALE	CODEGEN-FAIL	CODEGEN-FAIL: \\?\D:\Sources\nv-lang\nova-198\nova_tests\contracts\trivial_string_len_positive.nv:25:5: error: [E_STR_NO_LEN] `str.len()` was retired (D249 lens model): a `str` has three diverging lengths, so length /...
nova_tests/contracts/handler_post_match_const_positive.nv	STALE	CODEGEN-FAIL	CODEGEN-FAIL: \\?\D:\Sources\nv-lang\nova-198\nova_tests\contracts\trivial_string_len_positive.nv:25:5: error: [E_STR_NO_LEN] `str.len()` was retired (D249 lens model): a `str` has three diverging lengths, so length /...
nova_tests/contracts/handler_post_match_no_wildcard.nv	STALE	CODEGEN-FAIL	CODEGEN-FAIL: \\?\D:\Sources\nv-lang\nova-198\nova_tests\contracts\trivial_string_len_positive.nv:25:5: error: [E_STR_NO_LEN] `str.len()` was retired (D249 lens model): a `str` has three diverging lengths, so length /...
nova_tests/contracts/handler_trusted_branching_positive.nv	STALE	CODEGEN-FAIL	CODEGEN-FAIL: \\?\D:\Sources\nv-lang\nova-198\nova_tests\contracts\trivial_string_len_positive.nv:25:5: error: [E_STR_NO_LEN] `str.len()` was retired (D249 lens model): a `str` has three diverging lengths, so length /...
nova_tests/contracts/handler_verify_v1_positive.nv	STALE	CODEGEN-FAIL	CODEGEN-FAIL: \\?\D:\Sources\nv-lang\nova-198\nova_tests\contracts\trivial_string_len_positive.nv:25:5: error: [E_STR_NO_LEN] `str.len()` was retired (D249 lens model): a `str` has three diverging lengths, so length /...
nova_tests/contracts/int_arith_no_overflow_positive.nv	KEEP-SPECIAL	CODEGEN-FAIL	SOUNDNESS_REGRESSION marker — soundness ratchet (contracts-z3.yml MIN=12), load-bearing, do not delete
nova_tests/contracts/integration_all_features.nv	STALE	CODEGEN-FAIL	CODEGEN-FAIL: \\?\D:\Sources\nv-lang\nova-198\nova_tests\contracts\trivial_string_len_positive.nv:25:5: error: [E_STR_NO_LEN] `str.len()` was retired (D249 lens model): a `str` has three diverging lengths, so length /...
nova_tests/contracts/lemma_apply_auto_positive.nv	STALE	CODEGEN-FAIL	CODEGEN-FAIL: \\?\D:\Sources\nv-lang\nova-198\nova_tests\contracts\trivial_string_len_positive.nv:25:5: error: [E_STR_NO_LEN] `str.len()` was retired (D249 lens model): a `str` has three diverging lengths, so length /...
nova_tests/contracts/lemma_apply_positive.nv	STALE	CODEGEN-FAIL	CODEGEN-FAIL: \\?\D:\Sources\nv-lang\nova-198\nova_tests\contracts\trivial_string_len_positive.nv:25:5: error: [E_STR_NO_LEN] `str.len()` was retired (D249 lens model): a `str` has three diverging lengths, so length /...
nova_tests/contracts/lemma_basic_positive.nv	STALE	CODEGEN-FAIL	CODEGEN-FAIL: \\?\D:\Sources\nv-lang\nova-198\nova_tests\contracts\trivial_string_len_positive.nv:25:5: error: [E_STR_NO_LEN] `str.len()` was retired (D249 lens model): a `str` has three diverging lengths, so length /...
nova_tests/contracts/lemma_no_params_w2402.nv	STALE	CODEGEN-FAIL	CODEGEN-FAIL: \\?\D:\Sources\nv-lang\nova-198\nova_tests\contracts\trivial_string_len_positive.nv:25:5: error: [E_STR_NO_LEN] `str.len()` was retired (D249 lens model): a `str` has three diverging lengths, so length /...
nova_tests/contracts/liskov_handler_positive.nv	STALE	CODEGEN-FAIL	CODEGEN-FAIL: \\?\D:\Sources\nv-lang\nova-198\nova_tests\contracts\trivial_string_len_positive.nv:25:5: error: [E_STR_NO_LEN] `str.len()` was retired (D249 lens model): a `str` has three diverging lengths, so length /...
nova_tests/contracts/liskov_unknown_w2402.nv	STALE	CODEGEN-FAIL	CODEGEN-FAIL: \\?\D:\Sources\nv-lang\nova-198\nova_tests\contracts\trivial_string_len_positive.nv:25:5: error: [E_STR_NO_LEN] `str.len()` was retired (D249 lens model): a `str` has three diverging lengths, so length /...
nova_tests/contracts/loop_compound_assign_w2402.nv	KEEP-SPECIAL	CODEGEN-FAIL	SOUNDNESS_REGRESSION marker — soundness ratchet (contracts-z3.yml MIN=12), load-bearing, do not delete
nova_tests/contracts/loop_cond_assign_w2402.nv	KEEP-SPECIAL	CODEGEN-FAIL	SOUNDNESS_REGRESSION marker — soundness ratchet (contracts-z3.yml MIN=12), load-bearing, do not delete
nova_tests/contracts/loop_decreases_simple_positive.nv	STALE	CODEGEN-FAIL	CODEGEN-FAIL: \\?\D:\Sources\nv-lang\nova-198\nova_tests\contracts\trivial_string_len_positive.nv:25:5: error: [E_STR_NO_LEN] `str.len()` was retired (D249 lens model): a `str` has three diverging lengths, so length /...
nova_tests/contracts/loop_decreases_smt_positive.nv	STALE	CODEGEN-FAIL	CODEGEN-FAIL: \\?\D:\Sources\nv-lang\nova-198\nova_tests\contracts\trivial_string_len_positive.nv:25:5: error: [E_STR_NO_LEN] `str.len()` was retired (D249 lens model): a `str` has three diverging lengths, so length /...
nova_tests/contracts/loop_decreases_w2402.nv	STALE	CODEGEN-FAIL	CODEGEN-FAIL: \\?\D:\Sources\nv-lang\nova-198\nova_tests\contracts\trivial_string_len_positive.nv:25:5: error: [E_STR_NO_LEN] `str.len()` was retired (D249 lens model): a `str` has three diverging lengths, so length /...
nova_tests/contracts/loop_in_let_w2402.nv	KEEP-SPECIAL	CODEGEN-FAIL	SOUNDNESS_REGRESSION marker — soundness ratchet (contracts-z3.yml MIN=12), load-bearing, do not delete
nova_tests/contracts/loop_invariant_positive.nv	STALE	CODEGEN-FAIL	CODEGEN-FAIL: \\?\D:\Sources\nv-lang\nova-198\nova_tests\contracts\trivial_string_len_positive.nv:25:5: error: [E_STR_NO_LEN] `str.len()` was retired (D249 lens model): a `str` has three diverging lengths, so length /...
nova_tests/contracts/loop_invariant_preservation_positive.nv	STALE	CODEGEN-FAIL	CODEGEN-FAIL: \\?\D:\Sources\nv-lang\nova-198\nova_tests\contracts\trivial_string_len_positive.nv:25:5: error: [E_STR_NO_LEN] `str.len()` was retired (D249 lens model): a `str` has three diverging lengths, so length /...
nova_tests/contracts/loop_invariant_smt_positive.nv	STALE	CODEGEN-FAIL	CODEGEN-FAIL: \\?\D:\Sources\nv-lang\nova-198\nova_tests\contracts\trivial_string_len_positive.nv:25:5: error: [E_STR_NO_LEN] `str.len()` was retired (D249 lens model): a `str` has three diverging lengths, so length /...
nova_tests/contracts/loop_no_invariant_w2402.nv	STALE	CODEGEN-FAIL	CODEGEN-FAIL: \\?\D:\Sources\nv-lang\nova-198\nova_tests\contracts\trivial_string_len_positive.nv:25:5: error: [E_STR_NO_LEN] `str.len()` was retired (D249 lens model): a `str` has three diverging lengths, so length /...
nova_tests/contracts/member_typed_field_positive.nv	STALE	CODEGEN-FAIL	CODEGEN-FAIL: \\?\D:\Sources\nv-lang\nova-198\nova_tests\contracts\trivial_string_len_positive.nv:25:5: error: [E_STR_NO_LEN] `str.len()` was retired (D249 lens model): a `str` has three diverging lengths, so length /...
nova_tests/contracts/must_verify_module_positive.nv	STALE	CODEGEN-FAIL	CODEGEN-FAIL: \\?\D:\Sources\nv-lang\nova-198\nova_tests\contracts\trivial_string_len_positive.nv:25:5: error: [E_STR_NO_LEN] `str.len()` was retired (D249 lens model): a `str` has three diverging lengths, so length /...
nova_tests/contracts/neg/calc_pinpoint_step_fail.nv	MIGRATE	SKIP	z3-backend-gated (skipped under trivial-backend run): requires NOVA_SMT_BACKEND=z3 but running with trivial
nova_tests/contracts/neg/composition_nonpure_fail.nv	MIGRATE	PASS	compiles+passes; target spec_tests/conformance (language-feature test) unless std-module-shaped
nova_tests/contracts/neg/contradictory_ensures_fail.nv	MIGRATE	PASS	compiles+passes; target spec_tests/conformance (language-feature test) unless std-module-shaped
nova_tests/contracts/neg/contradictory_requires_fail.nv	MIGRATE	PASS	compiles+passes; target spec_tests/conformance (language-feature test) unless std-module-shaped
nova_tests/contracts/neg/counterexample_minimal_positive.nv	MIGRATE	SKIP	z3-backend-gated (skipped under trivial-backend run): requires NOVA_SMT_BACKEND=z3 but running with trivial
nova_tests/contracts/neg/d96_old_at_syntax_fail.nv	MIGRATE	PASS	compiles+passes; target spec_tests/conformance (language-feature test) unless std-module-shaped
nova_tests/contracts/neg/e2401_array_lit_in_ensures_fail.nv	MIGRATE	PASS	compiles+passes; target spec_tests/conformance (language-feature test) unless std-module-shaped
nova_tests/contracts/neg/e2401_default_mode_hint_fail.nv	MIGRATE	PASS	compiles+passes; target spec_tests/conformance (language-feature test) unless std-module-shaped
nova_tests/contracts/neg/e2401_ensures_tuple_fail.nv	MIGRATE	PASS	compiles+passes; target spec_tests/conformance (language-feature test) unless std-module-shaped
nova_tests/contracts/neg/e2401_lambda_in_requires_fail.nv	MIGRATE	PASS	compiles+passes; target spec_tests/conformance (language-feature test) unless std-module-shaped
nova_tests/contracts/neg/e2401_maplit_in_ensures_fail.nv	MIGRATE	PASS	compiles+passes; target spec_tests/conformance (language-feature test) unless std-module-shaped
nova_tests/contracts/neg/e2401_match_in_ensures_fail.nv	MIGRATE	PASS	compiles+passes; target spec_tests/conformance (language-feature test) unless std-module-shaped
nova_tests/contracts/neg/e2401_try_in_requires_fail.nv	MIGRATE	PASS	compiles+passes; target spec_tests/conformance (language-feature test) unless std-module-shaped
nova_tests/contracts/neg/external_no_trusted_fail.nv	MIGRATE	PASS	compiles+passes; target spec_tests/conformance (language-feature test) unless std-module-shaped
nova_tests/contracts/neg/f31_apply_undefined_lemma_fail.nv	MIGRATE	PASS	compiles+passes; target spec_tests/conformance (language-feature test) unless std-module-shaped
nova_tests/contracts/neg/f46_lemma_self_apply_fail.nv	MIGRATE	PASS	compiles+passes; target spec_tests/conformance (language-feature test) unless std-module-shaped
nova_tests/contracts/neg/f54_addition_disprove_must_fail.nv	MIGRATE	PASS	compiles+passes; target spec_tests/conformance (language-feature test) unless std-module-shaped
nova_tests/contracts/neg/f54_algebraic_disprove_must_fail.nv	MIGRATE	PASS	compiles+passes; target spec_tests/conformance (language-feature test) unless std-module-shaped
nova_tests/contracts/neg/f54_apply_undef_lemma_must_fail.nv	MIGRATE	PASS	compiles+passes; target spec_tests/conformance (language-feature test) unless std-module-shaped
nova_tests/contracts/neg/f54_bounds_disprove_must_fail.nv	MIGRATE	PASS	compiles+passes; target spec_tests/conformance (language-feature test) unless std-module-shaped
nova_tests/contracts/neg/f54_lemma_self_apply_must_fail.nv	MIGRATE	PASS	compiles+passes; target spec_tests/conformance (language-feature test) unless std-module-shaped
nova_tests/contracts/neg/f54_square_disprove_must_fail.nv	MIGRATE	PASS	compiles+passes; target spec_tests/conformance (language-feature test) unless std-module-shaped
nova_tests/contracts/neg/f54_var_mul_sign_disprove_must_fail.nv	MIGRATE	PASS	compiles+passes; target spec_tests/conformance (language-feature test) unless std-module-shaped
nova_tests/contracts/neg/f58_reveal_undef_fail.nv	MIGRATE	PASS	compiles+passes; target spec_tests/conformance (language-feature test) unless std-module-shaped
nova_tests/contracts/neg/f59_opaque_no_reveal_z3_unknown.nv	MIGRATE	SKIP	z3-backend-gated (skipped under trivial-backend run): requires NOVA_SMT_BACKEND=z3 but running with trivial
nova_tests/contracts/neg/f60_bv_nooverflow_overflow_fail.nv	KEEP-SPECIAL	SKIP	SOUNDNESS_REGRESSION marker — soundness ratchet (contracts-z3.yml MIN=12), load-bearing, do not delete
nova_tests/contracts/neg/f61_bv_signed_overflow_fail.nv	KEEP-SPECIAL	SKIP	SOUNDNESS_REGRESSION marker — soundness ratchet (contracts-z3.yml MIN=12), load-bearing, do not delete
nova_tests/contracts/neg/f9_axiom_arity_mismatch_fail.nv	MIGRATE	PASS	compiles+passes; target spec_tests/conformance (language-feature test) unless std-module-shaped
nova_tests/contracts/neg/f9_axiom_calls_non_pureview_fail.nv	MIGRATE	PASS	compiles+passes; target spec_tests/conformance (language-feature test) unless std-module-shaped
nova_tests/contracts/neg/f9_axiom_name_conflicts_op_fail.nv	MIGRATE	PASS	compiles+passes; target spec_tests/conformance (language-feature test) unless std-module-shaped
nova_tests/contracts/neg/f9_axiom_unknown_ident_fail.nv	MIGRATE	PASS	compiles+passes; target spec_tests/conformance (language-feature test) unless std-module-shaped
nova_tests/contracts/neg/f9_duplicate_axiom_fail.nv	MIGRATE	PASS	compiles+passes; target spec_tests/conformance (language-feature test) unless std-module-shaped
nova_tests/contracts/neg/f9_duplicate_op_fail.nv	MIGRATE	PASS	compiles+passes; target spec_tests/conformance (language-feature test) unless std-module-shaped
nova_tests/contracts/neg/f9_effect_same_sig_fail.nv	MIGRATE	PASS	compiles+passes; target spec_tests/conformance (language-feature test) unless std-module-shaped
nova_tests/contracts/neg/f9_ghost_as_return_fail.nv	MIGRATE	PASS	compiles+passes; target spec_tests/conformance (language-feature test) unless std-module-shaped
nova_tests/contracts/neg/f9_ghost_in_arith_fail.nv	MIGRATE	PASS	compiles+passes; target spec_tests/conformance (language-feature test) unless std-module-shaped
nova_tests/contracts/neg/f9_handler_attr_conflict_fail.nv	MIGRATE	PASS	compiles+passes; target spec_tests/conformance (language-feature test) unless std-module-shaped
nova_tests/contracts/neg/f9_handler_no_attr_fail.nv	MIGRATE	PASS	compiles+passes; target spec_tests/conformance (language-feature test) unless std-module-shaped
nova_tests/contracts/neg/f9_no_attr_on_axiom_effect_fail.nv	MIGRATE	PASS	compiles+passes; target spec_tests/conformance (language-feature test) unless std-module-shaped
nova_tests/contracts/neg/f9_protocol_same_sig_fail.nv	MIGRATE	PASS	compiles+passes; target spec_tests/conformance (language-feature test) unless std-module-shaped
nova_tests/contracts/neg/f9_pure_view_in_contract_missing_effect_fail.nv	MIGRATE	PASS	compiles+passes; target spec_tests/conformance (language-feature test) unless std-module-shaped
nova_tests/contracts/neg/f9_pure_view_no_return_fail.nv	MIGRATE	PASS	compiles+passes; target spec_tests/conformance (language-feature test) unless std-module-shaped
nova_tests/contracts/neg/frame_violation.nv	MIGRATE	PASS	compiles+passes; target spec_tests/conformance (language-feature test) unless std-module-shaped
nova_tests/contracts/neg/ghost_in_arith_fail.nv	MIGRATE	PASS	compiles+passes; target spec_tests/conformance (language-feature test) unless std-module-shaped
nova_tests/contracts/neg/ghost_in_return_fail.nv	MIGRATE	PASS	compiles+passes; target spec_tests/conformance (language-feature test) unless std-module-shaped
nova_tests/contracts/neg/ghost_pass_to_fn_fail.nv	MIGRATE	PASS	compiles+passes; target spec_tests/conformance (language-feature test) unless std-module-shaped
nova_tests/contracts/neg/ghost_read_from_nonghost_fail.nv	MIGRATE	PASS	compiles+passes; target spec_tests/conformance (language-feature test) unless std-module-shaped
nova_tests/contracts/neg/ghost_runtime_use_fail.nv	MIGRATE	PASS	compiles+passes; target spec_tests/conformance (language-feature test) unless std-module-shaped
nova_tests/contracts/neg/ghost_without_let.nv	MIGRATE	PASS	compiles+passes; target spec_tests/conformance (language-feature test) unless std-module-shaped
nova_tests/contracts/neg/handler_verify_branching_fail.nv	MIGRATE	PASS	compiles+passes; target spec_tests/conformance (language-feature test) unless std-module-shaped
nova_tests/contracts/neg/int_overflow_add_panic.nv	KEEP-SPECIAL	PASS	SOUNDNESS_REGRESSION marker — soundness ratchet (contracts-z3.yml MIN=12), load-bearing, do not delete
nova_tests/contracts/neg/int_overflow_compound_panic.nv	KEEP-SPECIAL	PASS	SOUNDNESS_REGRESSION marker — soundness ratchet (contracts-z3.yml MIN=12), load-bearing, do not delete
nova_tests/contracts/neg/int_overflow_mul_panic.nv	KEEP-SPECIAL	PASS	SOUNDNESS_REGRESSION marker — soundness ratchet (contracts-z3.yml MIN=12), load-bearing, do not delete
nova_tests/contracts/neg/lemma_requires_e2401_fail.nv	MIGRATE	PASS	compiles+passes; target spec_tests/conformance (language-feature test) unless std-module-shaped
nova_tests/contracts/neg/liskov_handler_fail.nv	MIGRATE	PASS	compiles+passes; target spec_tests/conformance (language-feature test) unless std-module-shaped
nova_tests/contracts/neg/liskov_variance_diag_fail.nv	MIGRATE	SKIP	z3-backend-gated (skipped under trivial-backend run): requires NOVA_SMT_BACKEND=z3 but running with trivial
nova_tests/contracts/neg/must_verify_module_unsupported_fail.nv	MIGRATE	PASS	compiles+passes; target spec_tests/conformance (language-feature test) unless std-module-shaped
nova_tests/contracts/neg/must_verify_module_unverified_conflict_fail.nv	MIGRATE	PASS	compiles+passes; target spec_tests/conformance (language-feature test) unless std-module-shaped
nova_tests/contracts/neg/parse_duplicate_verify_mode.nv	MIGRATE	PASS	compiles+passes; target spec_tests/conformance (language-feature test) unless std-module-shaped
nova_tests/contracts/neg/parse_external_with_contract.nv	MIGRATE	PASS	compiles+passes; target spec_tests/conformance (language-feature test) unless std-module-shaped
nova_tests/contracts/neg/parse_loop_invariant_negative.nv	MIGRATE	PASS	compiles+passes; target spec_tests/conformance (language-feature test) unless std-module-shaped
nova_tests/contracts/neg/parse_verify_timeout_bad.nv	MIGRATE	PASS	compiles+passes; target spec_tests/conformance (language-feature test) unless std-module-shaped
nova_tests/contracts/neg/plan140_2_self_method_unsupported_fail.nv	MIGRATE	PASS	compiles+passes; target spec_tests/conformance (language-feature test) unless std-module-shaped
nova_tests/contracts/neg/proof_budget_vc_exceeded_fail.nv	MIGRATE	PASS	compiles+passes; target spec_tests/conformance (language-feature test) unless std-module-shaped
nova_tests/contracts/neg/soundness_guard_ghost_runtime_must_error.nv	MIGRATE	PASS	compiles+passes; target spec_tests/conformance (language-feature test) unless std-module-shaped
nova_tests/contracts/neg/soundness_guard_handler_unknown_must_error.nv	MIGRATE	PASS	compiles+passes; target spec_tests/conformance (language-feature test) unless std-module-shaped
nova_tests/contracts/neg/soundness_guard_must_verify_unknown_must_error.nv	MIGRATE	PASS	compiles+passes; target spec_tests/conformance (language-feature test) unless std-module-shaped
nova_tests/contracts/neg/soundness_guard_unsupported_must_error.nv	MIGRATE	PASS	compiles+passes; target spec_tests/conformance (language-feature test) unless std-module-shaped
nova_tests/contracts/neg/suggest_div_by_zero_fail.nv	MIGRATE	SKIP	z3-backend-gated (skipped under trivial-backend run): requires NOVA_SMT_BACKEND=z3 (без z3 trivialbackend не вернёт disproved для деления) but running with trivial
nova_tests/contracts/neg/trivial_modulus_upper_fail.nv	MIGRATE	SKIP	z3-backend-gated (skipped under trivial-backend run): requires NOVA_SMT_BACKEND=z3 but running with trivial
nova_tests/contracts/neg/trivial_string_len_fail.nv	KEEP-SPECIAL	SKIP	pair of trivial_string_len_positive; Ф.3(a) deferred decision
nova_tests/contracts/neg/typecheck_composition.nv	MIGRATE	PASS	compiles+passes; target spec_tests/conformance (language-feature test) unless std-module-shaped
nova_tests/contracts/neg/typecheck_fail_fn_not_supported.nv	MIGRATE	PASS	compiles+passes; target spec_tests/conformance (language-feature test) unless std-module-shaped
nova_tests/contracts/neg/typecheck_old_in_requires.nv	MIGRATE	PASS	compiles+passes; target spec_tests/conformance (language-feature test) unless std-module-shaped
nova_tests/contracts/neg/typecheck_result_in_requires.nv	MIGRATE	PASS	compiles+passes; target spec_tests/conformance (language-feature test) unless std-module-shaped
nova_tests/contracts/neg/unsupported_call_in_contract_fail.nv	MIGRATE	PASS	compiles+passes; target spec_tests/conformance (language-feature test) unless std-module-shaped
nova_tests/contracts/neg/v4_old_disproved_fail.nv	MIGRATE	SKIP	z3-backend-gated (skipped under trivial-backend run): requires NOVA_SMT_BACKEND=z3 but running with trivial
nova_tests/contracts/neg/verify_disproved.nv	MIGRATE	PASS	compiles+passes; target spec_tests/conformance (language-feature test) unless std-module-shaped
nova_tests/contracts/neg/verify_must_verify_fail.nv	MIGRATE	PASS	compiles+passes; target spec_tests/conformance (language-feature test) unless std-module-shaped
nova_tests/contracts/neg/z3_axioms_inconsistent_fail.nv	MIGRATE	SKIP	z3-backend-gated (skipped under trivial-backend run): requires NOVA_SMT_BACKEND=z3 but running with trivial
nova_tests/contracts/neg/z3_pure_view_no_axiom_fail.nv	MIGRATE	SKIP	z3-backend-gated (skipped under trivial-backend run): requires NOVA_SMT_BACKEND=z3 but running with trivial
nova_tests/contracts/neg/z3_unprovable_with_counterexample.nv	MIGRATE	SKIP	z3-backend-gated (skipped under trivial-backend run): requires NOVA_SMT_BACKEND=z3 but running with trivial
nova_tests/contracts/parse_basic.nv	STALE	CODEGEN-FAIL	CODEGEN-FAIL: \\?\D:\Sources\nv-lang\nova-198\nova_tests\contracts\trivial_string_len_positive.nv:25:5: error: [E_STR_NO_LEN] `str.len()` was retired (D249 lens model): a `str` has three diverging lengths, so length /...
nova_tests/contracts/parse_decreases_record_inv.nv	STALE	CODEGEN-FAIL	CODEGEN-FAIL: \\?\D:\Sources\nv-lang\nova-198\nova_tests\contracts\trivial_string_len_positive.nv:25:5: error: [E_STR_NO_LEN] `str.len()` was retired (D249 lens model): a `str` has three diverging lengths, so length /...
nova_tests/contracts/parse_frame.nv	STALE	CODEGEN-FAIL	CODEGEN-FAIL: \\?\D:\Sources\nv-lang\nova-198\nova_tests\contracts\trivial_string_len_positive.nv:25:5: error: [E_STR_NO_LEN] `str.len()` was retired (D249 lens model): a `str` has three diverging lengths, so length /...
nova_tests/contracts/parse_loop_invariants.nv	STALE	CODEGEN-FAIL	CODEGEN-FAIL: \\?\D:\Sources\nv-lang\nova-198\nova_tests\contracts\trivial_string_len_positive.nv:25:5: error: [E_STR_NO_LEN] `str.len()` was retired (D249 lens model): a `str` has three diverging lengths, so length /...
nova_tests/contracts/plan140_2_self_field_positive.nv	STALE	CODEGEN-FAIL	CODEGEN-FAIL: \\?\D:\Sources\nv-lang\nova-198\nova_tests\contracts\trivial_string_len_positive.nv:25:5: error: [E_STR_NO_LEN] `str.len()` was retired (D249 lens model): a `str` has three diverging lengths, so length /...
nova_tests/contracts/post_action_view_positive.nv	STALE	CODEGEN-FAIL	CODEGEN-FAIL: \\?\D:\Sources\nv-lang\nova-198\nova_tests\contracts\trivial_string_len_positive.nv:25:5: error: [E_STR_NO_LEN] `str.len()` was retired (D249 lens model): a `str` has three diverging lengths, so length /...
nova_tests/contracts/proof_budget_positive.nv	STALE	CODEGEN-FAIL	CODEGEN-FAIL: \\?\D:\Sources\nv-lang\nova-198\nova_tests\contracts\trivial_string_len_positive.nv:25:5: error: [E_STR_NO_LEN] `str.len()` was retired (D249 lens model): a `str` has three diverging lengths, so length /...
nova_tests/contracts/purity_scc_inference_positive.nv	STALE	CODEGEN-FAIL	CODEGEN-FAIL: \\?\D:\Sources\nv-lang\nova-198\nova_tests\contracts\trivial_string_len_positive.nv:25:5: error: [E_STR_NO_LEN] `str.len()` was retired (D249 lens model): a `str` has three diverging lengths, so length /...
nova_tests/contracts/quantifier_positive.nv	STALE	CODEGEN-FAIL	CODEGEN-FAIL: \\?\D:\Sources\nv-lang\nova-198\nova_tests\contracts\trivial_string_len_positive.nv:25:5: error: [E_STR_NO_LEN] `str.len()` was retired (D249 lens model): a `str` has three diverging lengths, so length /...
nova_tests/contracts/r4_examples.nv	STALE	CODEGEN-FAIL	CODEGEN-FAIL: \\?\D:\Sources\nv-lang\nova-198\nova_tests\contracts\trivial_string_len_positive.nv:25:5: error: [E_STR_NO_LEN] `str.len()` was retired (D249 lens model): a `str` has three diverging lengths, so length /...
nova_tests/contracts/record_invariant_positive.nv	STALE	CODEGEN-FAIL	CODEGEN-FAIL: \\?\D:\Sources\nv-lang\nova-198\nova_tests\contracts\trivial_string_len_positive.nv:25:5: error: [E_STR_NO_LEN] `str.len()` was retired (D249 lens model): a `str` has three diverging lengths, so length /...
nova_tests/contracts/recursive_no_decreases_warn.nv	KEEP-SPECIAL	CODEGEN-FAIL	SOUNDNESS_REGRESSION marker — soundness ratchet (contracts-z3.yml MIN=12), load-bearing, do not delete
nova_tests/contracts/redundant_requires_tighter_w2402.nv	STALE	CODEGEN-FAIL	CODEGEN-FAIL: \\?\D:\Sources\nv-lang\nova-198\nova_tests\contracts\trivial_string_len_positive.nv:25:5: error: [E_STR_NO_LEN] `str.len()` was retired (D249 lens model): a `str` has three diverging lengths, so length /...
nova_tests/contracts/redundant_requires_true_w2402.nv	STALE	CODEGEN-FAIL	CODEGEN-FAIL: \\?\D:\Sources\nv-lang\nova-198\nova_tests\contracts\trivial_string_len_positive.nv:25:5: error: [E_STR_NO_LEN] `str.len()` was retired (D249 lens model): a `str` has three diverging lengths, so length /...
nova_tests/contracts/runtime_basic.nv	STALE	CODEGEN-FAIL	CODEGEN-FAIL: \\?\D:\Sources\nv-lang\nova-198\nova_tests\contracts\trivial_string_len_positive.nv:25:5: error: [E_STR_NO_LEN] `str.len()` was retired (D249 lens model): a `str` has three diverging lengths, so length /...
nova_tests/contracts/runtime_block_body.nv	STALE	CODEGEN-FAIL	CODEGEN-FAIL: \\?\D:\Sources\nv-lang\nova-198\nova_tests\contracts\trivial_string_len_positive.nv:25:5: error: [E_STR_NO_LEN] `str.len()` was retired (D249 lens model): a `str` has three diverging lengths, so length /...
nova_tests/contracts/self_ref_ensures_w2402.nv	STALE	CODEGEN-FAIL	CODEGEN-FAIL: \\?\D:\Sources\nv-lang\nova-198\nova_tests\contracts\trivial_string_len_positive.nv:25:5: error: [E_STR_NO_LEN] `str.len()` was retired (D249 lens model): a `str` has three diverging lengths, so length /...
nova_tests/contracts/static_axiom_no_axioms_positive.nv	STALE	CODEGEN-FAIL	CODEGEN-FAIL: \\?\D:\Sources\nv-lang\nova-198\nova_tests\contracts\trivial_string_len_positive.nv:25:5: error: [E_STR_NO_LEN] `str.len()` was retired (D249 lens model): a `str` has three diverging lengths, so length /...
nova_tests/contracts/static_axiom_unknown_w2402.nv	STALE	CODEGEN-FAIL	CODEGEN-FAIL: \\?\D:\Sources\nv-lang\nova-198\nova_tests\contracts\trivial_string_len_positive.nv:25:5: error: [E_STR_NO_LEN] `str.len()` was retired (D249 lens model): a `str` has three diverging lengths, so length /...
nova_tests/contracts/trivial_absorption_positive.nv	STALE	CODEGEN-FAIL	CODEGEN-FAIL: \\?\D:\Sources\nv-lang\nova-198\nova_tests\contracts\trivial_string_len_positive.nv:25:5: error: [E_STR_NO_LEN] `str.len()` was retired (D249 lens model): a `str` has three diverging lengths, so length /...
nova_tests/contracts/trivial_addition_bounds_positive.nv	STALE	CODEGEN-FAIL	CODEGEN-FAIL: \\?\D:\Sources\nv-lang\nova-198\nova_tests\contracts\trivial_string_len_positive.nv:25:5: error: [E_STR_NO_LEN] `str.len()` was retired (D249 lens model): a `str` has three diverging lengths, so length /...
nova_tests/contracts/trivial_bound_weakening_positive.nv	STALE	CODEGEN-FAIL	CODEGEN-FAIL: \\?\D:\Sources\nv-lang\nova-198\nova_tests\contracts\trivial_string_len_positive.nv:25:5: error: [E_STR_NO_LEN] `str.len()` was retired (D249 lens model): a `str` has three diverging lengths, so length /...
nova_tests/contracts/trivial_commutativity_positive.nv	STALE	CODEGEN-FAIL	CODEGEN-FAIL: \\?\D:\Sources\nv-lang\nova-198\nova_tests\contracts\trivial_string_len_positive.nv:25:5: error: [E_STR_NO_LEN] `str.len()` was retired (D249 lens model): a `str` has three diverging lengths, so length /...
nova_tests/contracts/trivial_congruence_positive.nv	STALE	CODEGEN-FAIL	CODEGEN-FAIL: \\?\D:\Sources\nv-lang\nova-198\nova_tests\contracts\trivial_string_len_positive.nv:25:5: error: [E_STR_NO_LEN] `str.len()` was retired (D249 lens model): a `str` has three diverging lengths, so length /...
nova_tests/contracts/trivial_const_mul_positive.nv	STALE	CODEGEN-FAIL	CODEGEN-FAIL: \\?\D:\Sources\nv-lang\nova-198\nova_tests\contracts\trivial_string_len_positive.nv:25:5: error: [E_STR_NO_LEN] `str.len()` was retired (D249 lens model): a `str` has three diverging lengths, so length /...
nova_tests/contracts/trivial_division_bounds_positive.nv	STALE	CODEGEN-FAIL	CODEGEN-FAIL: \\?\D:\Sources\nv-lang\nova-198\nova_tests\contracts\trivial_string_len_positive.nv:25:5: error: [E_STR_NO_LEN] `str.len()` was retired (D249 lens model): a `str` has three diverging lengths, so length /...
nova_tests/contracts/trivial_double_negation_positive.nv	STALE	CODEGEN-FAIL	CODEGEN-FAIL: \\?\D:\Sources\nv-lang\nova-198\nova_tests\contracts\trivial_string_len_positive.nv:25:5: error: [E_STR_NO_LEN] `str.len()` was retired (D249 lens model): a `str` has three diverging lengths, so length /...
nova_tests/contracts/trivial_excluded_middle_positive.nv	STALE	CODEGEN-FAIL	CODEGEN-FAIL: \\?\D:\Sources\nv-lang\nova-198\nova_tests\contracts\trivial_string_len_positive.nv:25:5: error: [E_STR_NO_LEN] `str.len()` was retired (D249 lens model): a `str` has three diverging lengths, so length /...
nova_tests/contracts/trivial_ite_identity_positive.nv	STALE	CODEGEN-FAIL	CODEGEN-FAIL: \\?\D:\Sources\nv-lang\nova-198\nova_tests\contracts\trivial_string_len_positive.nv:25:5: error: [E_STR_NO_LEN] `str.len()` was retired (D249 lens model): a `str` has three diverging lengths, so length /...
nova_tests/contracts/trivial_modulus_bounds_positive.nv	STALE	CODEGEN-FAIL	CODEGEN-FAIL: \\?\D:\Sources\nv-lang\nova-198\nova_tests\contracts\trivial_string_len_positive.nv:25:5: error: [E_STR_NO_LEN] `str.len()` was retired (D249 lens model): a `str` has three diverging lengths, so length /...
nova_tests/contracts/trivial_modulus_upper_positive.nv	STALE	CODEGEN-FAIL	CODEGEN-FAIL: \\?\D:\Sources\nv-lang\nova-198\nova_tests\contracts\trivial_string_len_positive.nv:25:5: error: [E_STR_NO_LEN] `str.len()` was retired (D249 lens model): a `str` has three diverging lengths, so length /...
nova_tests/contracts/trivial_mul_commutativity_positive.nv	STALE	CODEGEN-FAIL	CODEGEN-FAIL: \\?\D:\Sources\nv-lang\nova-198\nova_tests\contracts\trivial_string_len_positive.nv:25:5: error: [E_STR_NO_LEN] `str.len()` was retired (D249 lens model): a `str` has three diverging lengths, so length /...
nova_tests/contracts/trivial_negation_positive.nv	STALE	CODEGEN-FAIL	CODEGEN-FAIL: \\?\D:\Sources\nv-lang\nova-198\nova_tests\contracts\trivial_string_len_positive.nv:25:5: error: [E_STR_NO_LEN] `str.len()` was retired (D249 lens model): a `str` has three diverging lengths, so length /...
nova_tests/contracts/trivial_string_len_positive.nv	KEEP-SPECIAL	CODEGEN-FAIL	unique repro, deletion forbidden by file header (D249 byte_len trivial-backend proof); Ф.3(a) deferred decision
nova_tests/contracts/trivial_subtraction_bounds_positive.nv	STALE	CODEGEN-FAIL	CODEGEN-FAIL: \\?\D:\Sources\nv-lang\nova-198\nova_tests\contracts\trivial_string_len_positive.nv:25:5: error: [E_STR_NO_LEN] `str.len()` was retired (D249 lens model): a `str` has three diverging lengths, so length /...
nova_tests/contracts/trivial_transitivity_positive.nv	STALE	CODEGEN-FAIL	CODEGEN-FAIL: \\?\D:\Sources\nv-lang\nova-198\nova_tests\contracts\trivial_string_len_positive.nv:25:5: error: [E_STR_NO_LEN] `str.len()` was retired (D249 lens model): a `str` has three diverging lengths, so length /...
nova_tests/contracts/unverified_attribute_positive.nv	STALE	CODEGEN-FAIL	CODEGEN-FAIL: \\?\D:\Sources\nv-lang\nova-198\nova_tests\contracts\trivial_string_len_positive.nv:25:5: error: [E_STR_NO_LEN] `str.len()` was retired (D249 lens model): a `str` has three diverging lengths, so length /...
nova_tests/contracts/v2_nested_loops_positive.nv	STALE	CODEGEN-FAIL	CODEGEN-FAIL: \\?\D:\Sources\nv-lang\nova-198\nova_tests\contracts\trivial_string_len_positive.nv:25:5: error: [E_STR_NO_LEN] `str.len()` was retired (D249 lens model): a `str` has three diverging lengths, so length /...
nova_tests/contracts/v3_scc_purity_chain_positive.nv	STALE	CODEGEN-FAIL	CODEGEN-FAIL: \\?\D:\Sources\nv-lang\nova-198\nova_tests\contracts\trivial_string_len_positive.nv:25:5: error: [E_STR_NO_LEN] `str.len()` was retired (D249 lens model): a `str` has three diverging lengths, so length /...
nova_tests/contracts/v4_old_arith_positive.nv	STALE	CODEGEN-FAIL	CODEGEN-FAIL: \\?\D:\Sources\nv-lang\nova-198\nova_tests\contracts\trivial_string_len_positive.nv:25:5: error: [E_STR_NO_LEN] `str.len()` was retired (D249 lens model): a `str` has three diverging lengths, so length /...
nova_tests/contracts/v4_old_frame_positive.nv	STALE	CODEGEN-FAIL	CODEGEN-FAIL: \\?\D:\Sources\nv-lang\nova-198\nova_tests\contracts\trivial_string_len_positive.nv:25:5: error: [E_STR_NO_LEN] `str.len()` was retired (D249 lens model): a `str` has three diverging lengths, so length /...
nova_tests/contracts/vacuous_fn_requires_false_w2402.nv	STALE	CODEGEN-FAIL	CODEGEN-FAIL: \\?\D:\Sources\nv-lang\nova-198\nova_tests\contracts\trivial_string_len_positive.nv:25:5: error: [E_STR_NO_LEN] `str.len()` was retired (D249 lens model): a `str` has three diverging lengths, so length /...
nova_tests/contracts/verify_must_verify_proven.nv	STALE	CODEGEN-FAIL	CODEGEN-FAIL: \\?\D:\Sources\nv-lang\nova-198\nova_tests\contracts\trivial_string_len_positive.nv:25:5: error: [E_STR_NO_LEN] `str.len()` was retired (D249 lens model): a `str` has three diverging lengths, so length /...
nova_tests/contracts/verify_no_contracts_w2402.nv	STALE	CODEGEN-FAIL	CODEGEN-FAIL: \\?\D:\Sources\nv-lang\nova-198\nova_tests\contracts\trivial_string_len_positive.nv:25:5: error: [E_STR_NO_LEN] `str.len()` was retired (D249 lens model): a `str` has three diverging lengths, so length /...
nova_tests/contracts/verify_with_contracts_positive.nv	STALE	CODEGEN-FAIL	CODEGEN-FAIL: \\?\D:\Sources\nv-lang\nova-198\nova_tests\contracts\trivial_string_len_positive.nv:25:5: error: [E_STR_NO_LEN] `str.len()` was retired (D249 lens model): a `str` has three diverging lengths, so length /...
nova_tests/contracts/w2401_unverified_tuple_positive.nv	STALE	CODEGEN-FAIL	CODEGEN-FAIL: \\?\D:\Sources\nv-lang\nova-198\nova_tests\contracts\trivial_string_len_positive.nv:25:5: error: [E_STR_NO_LEN] `str.len()` was retired (D249 lens model): a `str` has three diverging lengths, so length /...
nova_tests/contracts/witness_exists_positive.nv	STALE	CODEGEN-FAIL	CODEGEN-FAIL: \\?\D:\Sources\nv-lang\nova-198\nova_tests\contracts\trivial_string_len_positive.nv:25:5: error: [E_STR_NO_LEN] `str.len()` was retired (D249 lens model): a `str` has three diverging lengths, so length /...
nova_tests/contracts/z3_axiom_alpha_rename.nv	STALE	CODEGEN-FAIL	CODEGEN-FAIL: \\?\D:\Sources\nv-lang\nova-198\nova_tests\contracts\trivial_string_len_positive.nv:25:5: error: [E_STR_NO_LEN] `str.len()` was retired (D249 lens model): a `str` has three diverging lengths, so length /...
nova_tests/contracts/z3_implication_chain.nv	STALE	CODEGEN-FAIL	CODEGEN-FAIL: \\?\D:\Sources\nv-lang\nova-198\nova_tests\contracts\trivial_string_len_positive.nv:25:5: error: [E_STR_NO_LEN] `str.len()` was retired (D249 lens model): a `str` has three diverging lengths, so length /...
nova_tests/contracts/z3_linear_arith_positive.nv	STALE	CODEGEN-FAIL	CODEGEN-FAIL: \\?\D:\Sources\nv-lang\nova-198\nova_tests\contracts\trivial_string_len_positive.nv:25:5: error: [E_STR_NO_LEN] `str.len()` was retired (D249 lens model): a `str` has three diverging lengths, so length /...
nova_tests/contracts/z3_pure_view_axiom_positive.nv	STALE	CODEGEN-FAIL	CODEGEN-FAIL: \\?\D:\Sources\nv-lang\nova-198\nova_tests\contracts\trivial_string_len_positive.nv:25:5: error: [E_STR_NO_LEN] `str.len()` was retired (D249 lens model): a `str` has three diverging lengths, so length /...
nova_tests/doc/f23_contracts_positive.nv	STALE	CODEGEN-FAIL	CODEGEN-FAIL: \\?\D:\Sources\nv-lang\nova-198\nova_tests\doc\f26_newtype_positive.nv:22:18: error: [E7301] cannot assign value of type `AccountId` to `raw` declared as `int`
nova_tests/doc/f23_deprecation_positive.nv	STALE	CODEGEN-FAIL	CODEGEN-FAIL: \\?\D:\Sources\nv-lang\nova-198\nova_tests\doc\f26_newtype_positive.nv:22:18: error: [E7301] cannot assign value of type `AccountId` to `raw` declared as `int`
nova_tests/doc/f23_doc_aliases_positive.nv	STALE	CODEGEN-FAIL	CODEGEN-FAIL: \\?\D:\Sources\nv-lang\nova-198\nova_tests\doc\f26_newtype_positive.nv:22:18: error: [E7301] cannot assign value of type `AccountId` to `raw` declared as `int`
nova_tests/doc/f23_effects_positive.nv	STALE	CODEGEN-FAIL	CODEGEN-FAIL: \\?\D:\Sources\nv-lang\nova-198\nova_tests\doc\f26_newtype_positive.nv:22:18: error: [E7301] cannot assign value of type `AccountId` to `raw` declared as `int`
nova_tests/doc/f23_hide_doc_attr_positive.nv	STALE	CODEGEN-FAIL	CODEGEN-FAIL: \\?\D:\Sources\nv-lang\nova-198\nova_tests\doc\f26_newtype_positive.nv:22:18: error: [E7301] cannot assign value of type `AccountId` to `raw` declared as `int`
nova_tests/doc/f23_links_positive.nv	STALE	CODEGEN-FAIL	CODEGEN-FAIL: \\?\D:\Sources\nv-lang\nova-198\nova_tests\doc\f26_newtype_positive.nv:22:18: error: [E7301] cannot assign value of type `AccountId` to `raw` declared as `int`
nova_tests/doc/f23_newtype_positive.nv	STALE	CODEGEN-FAIL	CODEGEN-FAIL: \\?\D:\Sources\nv-lang\nova-198\nova_tests\doc\f26_newtype_positive.nv:22:18: error: [E7301] cannot assign value of type `AccountId` to `raw` declared as `int`
nova_tests/doc/f23_protocol_positive.nv	STALE	CODEGEN-FAIL	CODEGEN-FAIL: \\?\D:\Sources\nv-lang\nova-198\nova_tests\doc\f26_newtype_positive.nv:22:18: error: [E7301] cannot assign value of type `AccountId` to `raw` declared as `int`
nova_tests/doc/f23_stability_positive.nv	STALE	CODEGEN-FAIL	CODEGEN-FAIL: \\?\D:\Sources\nv-lang\nova-198\nova_tests\doc\f26_newtype_positive.nv:22:18: error: [E7301] cannot assign value of type `AccountId` to `raw` declared as `int`
nova_tests/doc/f23_verify_status_positive.nv	STALE	CODEGEN-FAIL	CODEGEN-FAIL: \\?\D:\Sources\nv-lang\nova-198\nova_tests\doc\f26_newtype_positive.nv:22:18: error: [E7301] cannot assign value of type `AccountId` to `raw` declared as `int`
nova_tests/doc/f24_doc_attrs_positive.nv	STALE	CODEGEN-FAIL	CODEGEN-FAIL: \\?\D:\Sources\nv-lang\nova-198\nova_tests\doc\f26_newtype_positive.nv:22:18: error: [E7301] cannot assign value of type `AccountId` to `raw` declared as `int`
nova_tests/doc/f24_expect_output_positive.nv	STALE	CODEGEN-FAIL	CODEGEN-FAIL: \\?\D:\Sources\nv-lang\nova-198\nova_tests\doc\f26_newtype_positive.nv:22:18: error: [E7301] cannot assign value of type `AccountId` to `raw` declared as `int`
nova_tests/doc/f24_infer_contracts_positive.nv	STALE	CODEGEN-FAIL	CODEGEN-FAIL: \\?\D:\Sources\nv-lang\nova-198\nova_tests\doc\f26_newtype_positive.nv:22:18: error: [E7301] cannot assign value of type `AccountId` to `raw` declared as `int`
nova_tests/doc/f24_reexport_positive.nv	STALE	CODEGEN-FAIL	CODEGEN-FAIL: \\?\D:\Sources\nv-lang\nova-198\nova_tests\doc\f26_newtype_positive.nv:22:18: error: [E7301] cannot assign value of type `AccountId` to `raw` declared as `int`
nova_tests/doc/f25_doc_warnings_positive.nv	STALE	CODEGEN-FAIL	CODEGEN-FAIL: \\?\D:\Sources\nv-lang\nova-198\nova_tests\doc\f26_newtype_positive.nv:22:18: error: [E7301] cannot assign value of type `AccountId` to `raw` declared as `int`
nova_tests/doc/f25_markdown_summary_positive.nv	STALE	CODEGEN-FAIL	CODEGEN-FAIL: \\?\D:\Sources\nv-lang\nova-198\nova_tests\doc\f26_newtype_positive.nv:22:18: error: [E7301] cannot assign value of type `AccountId` to `raw` declared as `int`
nova_tests/doc/f25_mutation_contracts_positive.nv	STALE	CODEGEN-FAIL	CODEGEN-FAIL: \\?\D:\Sources\nv-lang\nova-198\nova_tests\doc\f26_newtype_positive.nv:22:18: error: [E7301] cannot assign value of type `AccountId` to `raw` declared as `int`
nova_tests/doc/f25_source_url_positive.nv	STALE	CODEGEN-FAIL	CODEGEN-FAIL: \\?\D:\Sources\nv-lang\nova-198\nova_tests\doc\f26_newtype_positive.nv:22:18: error: [E7301] cannot assign value of type `AccountId` to `raw` declared as `int`
nova_tests/doc/f26_capabilities_positive.nv	STALE	CODEGEN-FAIL	CODEGEN-FAIL: \\?\D:\Sources\nv-lang\nova-198\nova_tests\doc\f26_newtype_positive.nv:22:18: error: [E7301] cannot assign value of type `AccountId` to `raw` declared as `int`
nova_tests/doc/f26_handler_matrix_positive.nv	STALE	CODEGEN-FAIL	CODEGEN-FAIL: \\?\D:\Sources\nv-lang\nova-198\nova_tests\doc\f26_newtype_positive.nv:22:18: error: [E7301] cannot assign value of type `AccountId` to `raw` declared as `int`
nova_tests/doc/f26_lints_positive.nv	STALE	CODEGEN-FAIL	CODEGEN-FAIL: \\?\D:\Sources\nv-lang\nova-198\nova_tests\doc\f26_newtype_positive.nv:22:18: error: [E7301] cannot assign value of type `AccountId` to `raw` declared as `int`
nova_tests/doc/f26_newtype_positive.nv	KEEP-SPECIAL	CODEGEN-FAIL	Ф.3(b) deferred decision — owner resolved 2026-07-11: newtype↔int requires explicit conversion; fixture needs update to match
nova_tests/doc/fixtures/basic/sample.nv	N/A-support	NORESULT	support/library file — no independent test unit (imported by sibling test in same dir tree)
nova_tests/doc/fixtures/capability_forbid/sample.nv	N/A-support	NORESULT	support/library file — no independent test unit (imported by sibling test in same dir tree)
nova_tests/doc/fixtures/doctests/sample.nv	N/A-support	NORESULT	support/library file — no independent test unit (imported by sibling test in same dir tree)
nova_tests/doc/fixtures/expect_output/sample.nv	N/A-support	NORESULT	support/library file — no independent test unit (imported by sibling test in same dir tree)
nova_tests/doc/fixtures/kinds/sample.nv	N/A-support	NORESULT	support/library file — no independent test unit (imported by sibling test in same dir tree)
nova_tests/doc/fixtures/links/sample.nv	N/A-support	NORESULT	support/library file — no independent test unit (imported by sibling test in same dir tree)
nova_tests/doc/fixtures/module_attrs/sample.nv	N/A-support	NORESULT	support/library file — no independent test unit (imported by sibling test in same dir tree)
nova_tests/doc/fixtures/must_verify/sample.nv	N/A-support	NORESULT	support/library file — no independent test unit (imported by sibling test in same dir tree)
nova_tests/doc/fixtures/orphan/sample.nv	N/A-support	NORESULT	support/library file — no independent test unit (imported by sibling test in same dir tree)
nova_tests/doc/fixtures/real_attrs/sample.nv	N/A-support	NORESULT	support/library file — no independent test unit (imported by sibling test in same dir tree)
nova_tests/doc/fixtures/reexport/sample.nv	N/A-support	NORESULT	support/library file — no independent test unit (imported by sibling test in same dir tree)
nova_tests/doc/fixtures/sections/sample.nv	N/A-support	NORESULT	support/library file — no independent test unit (imported by sibling test in same dir tree)
nova_tests/doc/fixtures/should_panic/sample.nv	N/A-support	NORESULT	support/library file — no independent test unit (imported by sibling test in same dir tree)
nova_tests/doc/fixtures/stability/sample.nv	N/A-support	NORESULT	support/library file — no independent test unit (imported by sibling test in same dir tree)
nova_tests/doc/neg/f23_contracts_negative.nv	MIGRATE	PASS	compiles+passes; target spec_tests/conformance (language-feature test) unless std-module-shaped
nova_tests/doc/neg/f23_contracts_requires_fail.nv	MIGRATE	PASS	compiles+passes; target spec_tests/conformance (language-feature test) unless std-module-shaped
nova_tests/doc/neg/f23_newtype_type_mismatch_fail.nv	MIGRATE	PASS	compiles+passes; target spec_tests/conformance (language-feature test) unless std-module-shaped
nova_tests/doc/neg/f24_doc_attrs_negative.nv	MIGRATE	PASS	compiles+passes; target spec_tests/conformance (language-feature test) unless std-module-shaped
nova_tests/doc/neg/f24_expect_output_negative.nv	MIGRATE	PASS	compiles+passes; target spec_tests/conformance (language-feature test) unless std-module-shaped
nova_tests/doc/neg/f24_infer_contracts_negative.nv	MIGRATE	PASS	compiles+passes; target spec_tests/conformance (language-feature test) unless std-module-shaped
nova_tests/doc/neg/f25_doc_warnings_negative.nv	MIGRATE	PASS	compiles+passes; target spec_tests/conformance (language-feature test) unless std-module-shaped
nova_tests/doc/neg/f25_mutation_contracts_negative.nv	MIGRATE	PASS	compiles+passes; target spec_tests/conformance (language-feature test) unless std-module-shaped
nova_tests/doc/neg/f26_handler_matrix_negative.nv	MIGRATE	PASS	compiles+passes; target spec_tests/conformance (language-feature test) unless std-module-shaped
nova_tests/doc/neg/f26_newtype_negative.nv	KEEP-SPECIAL	PASS	Ф.3(b) deferred decision — owner resolved 2026-07-11: newtype↔int requires explicit conversion; fixture needs update to match
nova_tests/effect_registry/registry_size.nv	MIGRATE	PASS	compiles+passes; target spec_tests/conformance (language-feature test) unless std-module-shaped
nova_tests/effects/basic.nv	STALE	CC-FAIL	CC-FAIL: D:\Sources\nv-lang\nova-198\nova_tests/effects\basic.c:8718:22: error: initializing 'NovaOpt_nova_int' (aka 'struct NovaOpt_nova_int') with an expression of incompatible type 'nova_int' (aka 'long long') | D:...
nova_tests/effects/effects_composition.nv	STALE	CC-FAIL	CC-FAIL: D:\Sources\nv-lang\nova-198\nova_tests/effects\basic.c:8718:22: error: initializing 'NovaOpt_nova_int' (aka 'struct NovaOpt_nova_int') with an expression of incompatible type 'nova_int' (aka 'long long') | D:...
nova_tests/effects/error_chains.nv	STALE	CC-FAIL	CC-FAIL: D:\Sources\nv-lang\nova-198\nova_tests/effects\basic.c:8718:22: error: initializing 'NovaOpt_nova_int' (aka 'struct NovaOpt_nova_int') with an expression of incompatible type 'nova_int' (aka 'long long') | D:...
nova_tests/effects/fail_handler.nv	STALE	CC-FAIL	CC-FAIL: D:\Sources\nv-lang\nova-198\nova_tests/effects\basic.c:8718:22: error: initializing 'NovaOpt_nova_int' (aka 'struct NovaOpt_nova_int') with an expression of incompatible type 'nova_int' (aka 'long long') | D:...
nova_tests/effects/forbid_realtime.nv	STALE	CC-FAIL	CC-FAIL: D:\Sources\nv-lang\nova-198\nova_tests/effects\basic.c:8718:22: error: initializing 'NovaOpt_nova_int' (aka 'struct NovaOpt_nova_int') with an expression of incompatible type 'nova_int' (aka 'long long') | D:...
nova_tests/effects/handler_irt_d87.nv	STALE	CC-FAIL	CC-FAIL: D:\Sources\nv-lang\nova-198\nova_tests/effects\basic.c:8718:22: error: initializing 'NovaOpt_nova_int' (aka 'struct NovaOpt_nova_int') with an expression of incompatible type 'nova_int' (aka 'long long') | D:...
nova_tests/effects/handler_lambda_d31_rev.nv	STALE	CC-FAIL	CC-FAIL: D:\Sources\nv-lang\nova-198\nova_tests/effects\basic.c:8718:22: error: initializing 'NovaOpt_nova_int' (aka 'struct NovaOpt_nova_int') with an expression of incompatible type 'nova_int' (aka 'long long') | D:...
nova_tests/effects/handler_wrappers.nv	STALE	CC-FAIL	CC-FAIL: D:\Sources\nv-lang\nova-198\nova_tests/effects\basic.c:8718:22: error: initializing 'NovaOpt_nova_int' (aka 'struct NovaOpt_nova_int') with an expression of incompatible type 'nova_int' (aka 'long long') | D:...
nova_tests/effects/neg/plan174_2_try_option_in_result_neg.nv	MIGRATE	PASS	compiles+passes; target spec_tests/conformance (language-feature test) unless std-module-shaped
nova_tests/effects/neg/plan174_2_try_result_in_option_neg.nv	MIGRATE	PASS	compiles+passes; target spec_tests/conformance (language-feature test) unless std-module-shaped
nova_tests/effects/plan174_2_question_carrier.nv	STALE	CC-FAIL	CC-FAIL: D:\Sources\nv-lang\nova-198\nova_tests/effects\basic.c:8718:22: error: initializing 'NovaOpt_nova_int' (aka 'struct NovaOpt_nova_int') with an expression of incompatible type 'nova_int' (aka 'long long') | D:...
nova_tests/effects/stateful_handlers.nv	STALE	CC-FAIL	CC-FAIL: D:\Sources\nv-lang\nova-198\nova_tests/effects\basic.c:8718:22: error: initializing 'NovaOpt_nova_int' (aka 'struct NovaOpt_nova_int') with an expression of incompatible type 'nova_int' (aka 'long long') | D:...
nova_tests/effects/throws.nv	STALE	CC-FAIL	CC-FAIL: D:\Sources\nv-lang\nova-198\nova_tests/effects\basic.c:8718:22: error: initializing 'NovaOpt_nova_int' (aka 'struct NovaOpt_nova_int') with an expression of incompatible type 'nova_int' (aka 'long long') | D:...
nova_tests/err173/f1_defer_plain_all_paths.nv	MIGRATE	PASS	compiles+passes; target spec_tests/conformance (language-feature test) unless std-module-shaped
nova_tests/err173/f2_defer_outcome_matched.nv	MIGRATE	PASS	compiles+passes; target spec_tests/conformance (language-feature test) unless std-module-shaped
nova_tests/err173/f2_defer_outcome_parse.nv	MIGRATE	PASS	compiles+passes; target spec_tests/conformance (language-feature test) unless std-module-shaped
nova_tests/err173/f3_try_return_only.nv	MIGRATE	PASS	compiles+passes; target spec_tests/conformance (language-feature test) unless std-module-shaped
nova_tests/err173/f4_suppressed.nv	MIGRATE	PASS	compiles+passes; target spec_tests/conformance (language-feature test) unless std-module-shaped
nova_tests/err173/f4_typed_scope_outcome.nv	MIGRATE	PASS	compiles+passes; target spec_tests/conformance (language-feature test) unless std-module-shaped
nova_tests/err173/f5_consume_exactly_once.nv	MIGRATE	PASS	compiles+passes; target spec_tests/conformance (language-feature test) unless std-module-shaped
nova_tests/err173/f5_double_invoke_panic.nv	MIGRATE	PASS	compiles+passes; target spec_tests/conformance (language-feature test) unless std-module-shaped
nova_tests/err173/f6_panics_clause.nv	MIGRATE	PASS	compiles+passes; target spec_tests/conformance (language-feature test) unless std-module-shaped
nova_tests/err173/f7_parfor_primitive.nv	MIGRATE	PASS	compiles+passes; target spec_tests/conformance (language-feature test) unless std-module-shaped
nova_tests/err173/neg/f1_defer_result_removed.nv	MIGRATE	PASS	compiles+passes; target spec_tests/conformance (language-feature test) unless std-module-shaped
nova_tests/err173/neg/f1_errdefer_removed.nv	MIGRATE	PASS	compiles+passes; target spec_tests/conformance (language-feature test) unless std-module-shaped
nova_tests/err173/neg/f1_okdefer_removed.nv	MIGRATE	PASS	compiles+passes; target spec_tests/conformance (language-feature test) unless std-module-shaped
nova_tests/err173/neg/f2_defer_outcome_arity.nv	MIGRATE	PASS	compiles+passes; target spec_tests/conformance (language-feature test) unless std-module-shaped
nova_tests/err173/neg/f2_defer_outcome_bad_type.nv	MIGRATE	PASS	compiles+passes; target spec_tests/conformance (language-feature test) unless std-module-shaped
nova_tests/err173/neg/f3_detach_requires_effect.nv	MIGRATE	PASS	compiles+passes; target spec_tests/conformance (language-feature test) unless std-module-shaped
nova_tests/err173/neg/f3_try_in_fail_fn.nv	MIGRATE	PASS	compiles+passes; target spec_tests/conformance (language-feature test) unless std-module-shaped
nova_tests/err173/neg/f5_cleanup_timeout_error_removed.nv	MIGRATE	PASS	compiles+passes; target spec_tests/conformance (language-feature test) unless std-module-shaped
nova_tests/err173/neg/f5_consume_manual_alias.nv	MIGRATE	PASS	compiles+passes; target spec_tests/conformance (language-feature test) unless std-module-shaped
nova_tests/err173/neg/f5_runtime_reset_unavailable.nv	MIGRATE	PASS	compiles+passes; target spec_tests/conformance (language-feature test) unless std-module-shaped
nova_tests/err173/rt/f5_uncaught_trace_panic.nv	MIGRATE	PASS	compiles+passes; target spec_tests/conformance (language-feature test) unless std-module-shaped
nova_tests/err173/rt/f5_uncaught_trace_throw.nv	MIGRATE	PASS	compiles+passes; target spec_tests/conformance (language-feature test) unless std-module-shaped
nova_tests/err173_0/child_error_retention_test.nv	MIGRATE	PASS	compiles+passes; target spec_tests/conformance (language-feature test) unless std-module-shaped
nova_tests/err173_0/supervised_drain_mn_guard.nv	MIGRATE	PASS	compiles+passes; target spec_tests/conformance (language-feature test) unless std-module-shaped
nova_tests/err173_1/neg/parfor_openended_range.nv	MIGRATE	PASS	compiles+passes; target spec_tests/conformance (language-feature test) unless std-module-shaped
nova_tests/err173_1/parfor_diag.nv	MIGRATE	PASS	compiles+passes; target spec_tests/conformance (language-feature test) unless std-module-shaped
nova_tests/err173_1/parfor_elem_matrix.nv	MIGRATE	PASS	compiles+passes; target spec_tests/conformance (language-feature test) unless std-module-shaped
nova_tests/err173_1/parfor_iter_edge.nv	MIGRATE	PASS	compiles+passes; target spec_tests/conformance (language-feature test) unless std-module-shaped
nova_tests/err173_1/parfor_min.nv	MIGRATE	PASS	compiles+passes; target spec_tests/conformance (language-feature test) unless std-module-shaped
nova_tests/err173_1/supervised_value_smoke.nv	MIGRATE	PASS	compiles+passes; target spec_tests/conformance (language-feature test) unless std-module-shaped
nova_tests/err173_2/channel_closed_vs_value_test.nv	MIGRATE	PASS	compiles+passes; target spec_tests/conformance (language-feature test) unless std-module-shaped
nova_tests/err173_2/detach_effect_ok_test.nv	MIGRATE	PASS	compiles+passes; target spec_tests/conformance (language-feature test) unless std-module-shaped
nova_tests/err173_2/neg/handler_interrupt_neg.nv	MIGRATE	PASS	compiles+passes; target spec_tests/conformance (language-feature test) unless std-module-shaped
nova_tests/err173_2/neg/handler_sleep_neg.nv	MIGRATE	PASS	compiles+passes; target spec_tests/conformance (language-feature test) unless std-module-shaped
nova_tests/err173_2/select_none_arm_test.nv	MIGRATE	PASS	compiles+passes; target spec_tests/conformance (language-feature test) unless std-module-shaped
nova_tests/err173_2/supervisor_escalate_test.nv	MIGRATE	PASS	compiles+passes; target spec_tests/conformance (language-feature test) unless std-module-shaped
nova_tests/err173_2/supervisor_parfor_test.nv	MIGRATE	PASS	compiles+passes; target spec_tests/conformance (language-feature test) unless std-module-shaped
nova_tests/err173_2/supervisor_stop_test.nv	MIGRATE	PASS	compiles+passes; target spec_tests/conformance (language-feature test) unless std-module-shaped
nova_tests/err173_3/const_init_runtime_ok_test.nv	MIGRATE	PASS	compiles+passes; target spec_tests/conformance (language-feature test) unless std-module-shaped
nova_tests/err173_3/neg/const_init_detach_fn.nv	MIGRATE	PASS	compiles+passes; target spec_tests/conformance (language-feature test) unless std-module-shaped
nova_tests/err173_3/neg/const_init_spawn.nv	MIGRATE	PASS	compiles+passes; target spec_tests/conformance (language-feature test) unless std-module-shaped
nova_tests/err173_3/neg/const_init_supervised.nv	MIGRATE	PASS	compiles+passes; target spec_tests/conformance (language-feature test) unless std-module-shaped
nova_tests/err173_3/neg/mut_capture_in_detach.nv	MIGRATE	PASS	compiles+passes; target spec_tests/conformance (language-feature test) unless std-module-shaped
nova_tests/err173_3/neg/mut_capture_in_spawn.nv	MIGRATE	PASS	compiles+passes; target spec_tests/conformance (language-feature test) unless std-module-shaped
nova_tests/err173_3/neg/mut_field_nested_path.nv	MIGRATE	PASS	compiles+passes; target spec_tests/conformance (language-feature test) unless std-module-shaped
nova_tests/err173_3/neg/pointer_cell_not_share.nv	MIGRATE	PASS	compiles+passes; target spec_tests/conformance (language-feature test) unless std-module-shaped
nova_tests/err173_3/neg/share_invalid_kind.nv	MIGRATE	PASS	compiles+passes; target spec_tests/conformance (language-feature test) unless std-module-shaped
nova_tests/err173_3/neg/use_after_spawn_consume.nv	MIGRATE	PASS	compiles+passes; target spec_tests/conformance (language-feature test) unless std-module-shaped
nova_tests/err173_3/share_capture_ok_test.nv	MIGRATE	PASS	compiles+passes; target spec_tests/conformance (language-feature test) unless std-module-shaped
nova_tests/err177_collectors/prelude_collectors.nv	MIGRATE	PASS	compiles+passes; target spec_tests/conformance (language-feature test) unless std-module-shaped
nova_tests/err177_collectors/result_over_array.nv	MIGRATE	PASS	compiles+passes; target spec_tests/conformance (language-feature test) unless std-module-shaped
nova_tests/expected_runtime/channel_zero_capacity_panic.nv	MIGRATE	PASS	compiles+passes; target spec_tests/conformance (language-feature test) unless std-module-shaped
nova_tests/expected_runtime/defer_panic_mainflow.nv	MIGRATE	PASS	compiles+passes; target spec_tests/conformance (language-feature test) unless std-module-shaped
nova_tests/expected_runtime/defer_throw_single.nv	MIGRATE	PASS	compiles+passes; target spec_tests/conformance (language-feature test) unless std-module-shaped
nova_tests/expected_runtime/exit_code_42.nv	MIGRATE	PASS	compiles+passes; target spec_tests/conformance (language-feature test) unless std-module-shaped
nova_tests/expected_runtime/fiber_stack_overflow.nv	MIGRATE	PASS	compiles+passes; target spec_tests/conformance (language-feature test) unless std-module-shaped
nova_tests/expected_runtime/multi_expect_stdout.nv	MIGRATE	PASS	compiles+passes; target spec_tests/conformance (language-feature test) unless std-module-shaped
nova_tests/expected_runtime/select_all_closed.nv	MIGRATE	PASS	compiles+passes; target spec_tests/conformance (language-feature test) unless std-module-shaped
nova_tests/expected_runtime/stderr_panic.nv	MIGRATE	PASS	compiles+passes; target spec_tests/conformance (language-feature test) unless std-module-shaped
nova_tests/expected_runtime/stdout_hello.nv	MIGRATE	PASS	compiles+passes; target spec_tests/conformance (language-feature test) unless std-module-shaped
nova_tests/expected_runtime/supervised_cancel_double_bind.nv	MIGRATE	PASS	compiles+passes; target spec_tests/conformance (language-feature test) unless std-module-shaped
nova_tests/ffi/neg/plan174_6_neg_callback_effect.nv	MIGRATE	PASS	compiles+passes; target spec_tests/conformance (language-feature test) unless std-module-shaped
nova_tests/ffi/neg/plan174_6_neg_callback_fail.nv	MIGRATE	PASS	compiles+passes; target spec_tests/conformance (language-feature test) unless std-module-shaped
nova_tests/ffi/neg/plan174_6_neg_closure_env.nv	MIGRATE	PASS	compiles+passes; target spec_tests/conformance (language-feature test) unless std-module-shaped
nova_tests/ffi/neg/plan174_6_neg_heap_record_param.nv	MIGRATE	PASS	compiles+passes; target spec_tests/conformance (language-feature test) unless std-module-shaped
nova_tests/ffi/neg/plan174_6_neg_nonabi_return.nv	MIGRATE	PASS	compiles+passes; target spec_tests/conformance (language-feature test) unless std-module-shaped
nova_tests/ffi/neg/plan174_6_neg_nova_fnptr_param.nv	MIGRATE	PASS	compiles+passes; target spec_tests/conformance (language-feature test) unless std-module-shaped
nova_tests/ffi/neg/plan174_6_neg_option_nonptr.nv	MIGRATE	PASS	compiles+passes; target spec_tests/conformance (language-feature test) unless std-module-shaped
nova_tests/ffi/neg/plan174_6_neg_result_param.nv	MIGRATE	PASS	compiles+passes; target spec_tests/conformance (language-feature test) unless std-module-shaped
nova_tests/ffi/neg/plan174_6_neg_unit_param.nv	MIGRATE	PASS	compiles+passes; target spec_tests/conformance (language-feature test) unless std-module-shaped
nova_tests/ffi/neg/plan174_6_neg_vec_param.nv	MIGRATE	PASS	compiles+passes; target spec_tests/conformance (language-feature test) unless std-module-shaped
nova_tests/ffi/plan174_6_extern_c_abi_pos.nv	MIGRATE	PASS	compiles+passes; target spec_tests/conformance (language-feature test) unless std-module-shaped
nova_tests/fixed_array/gc_forced_collect.nv	MIGRATE	PASS	compiles+passes; target spec_tests/conformance (language-feature test) unless std-module-shaped
nova_tests/fixed_array/index_rw.nv	MIGRATE	PASS	compiles+passes; target spec_tests/conformance (language-feature test) unless std-module-shaped
nova_tests/fixed_array/neg/len_mismatch.nv	MIGRATE	PASS	compiles+passes; target spec_tests/conformance (language-feature test) unless std-module-shaped
nova_tests/fixed_array/neg/spread_into_fixed.nv	MIGRATE	PASS	compiles+passes; target spec_tests/conformance (language-feature test) unless std-module-shaped
nova_tests/fixed_array/oob_panics.nv	MIGRATE	PASS	compiles+passes; target spec_tests/conformance (language-feature test) unless std-module-shaped
nova_tests/fixed_array/record_field.nv	MIGRATE	PASS	compiles+passes; target spec_tests/conformance (language-feature test) unless std-module-shaped
nova_tests/fixed_array/value_semantics.nv	MIGRATE	PASS	compiles+passes; target spec_tests/conformance (language-feature test) unless std-module-shaped
nova_tests/gc/bounded_rate.nv	MIGRATE	PASS	compiles+passes; target spec_tests/conformance (language-feature test) unless std-module-shaped
nova_tests/gc/stress_100k_ints.nv	MIGRATE	PASS	compiles+passes; target spec_tests/conformance (language-feature test) unless std-module-shaped
nova_tests/generics/mono_basic.nv	MIGRATE	PASS	compiles+passes; target spec_tests/conformance (language-feature test) unless std-module-shaped
nova_tests/generics/neg/plan101_1_bare_typevar_neg.nv	MIGRATE	PASS	compiles+passes; target spec_tests/conformance (language-feature test) unless std-module-shaped
nova_tests/generics/neg/plan101_1_duplicate_generic_decl_neg.nv	MIGRATE	PASS	compiles+passes; target spec_tests/conformance (language-feature test) unless std-module-shaped
nova_tests/generics/neg/plan101_1_duplicate_prefix_name_neg.nv	STALE	NEG-NO-ERROR	NEG-NO-ERROR: expected `// EXPECT_COMPILE_ERROR ` but codegen succeeded
nova_tests/generics/neg/plan101_1_empty_prefix_parse_neg.nv	MIGRATE	PASS	compiles+passes; target spec_tests/conformance (language-feature test) unless std-module-shaped
nova_tests/generics/neg/plan101_1_lowercase_prefix_neg.nv	STALE	NEG-NO-ERROR	NEG-NO-ERROR: expected `// EXPECT_COMPILE_ERROR ` but codegen succeeded
nova_tests/generics/neg/plan101_1_prefix_shadows_named_neg.nv	STALE	NEG-NO-ERROR	NEG-NO-ERROR: expected `// EXPECT_COMPILE_ERROR : [E_PREFIX_SHADOWS_NAMED_TYPE]` but codegen succeeded
nova_tests/generics/neg/plan101_1_undeclared_typevar_array_neg.nv	MIGRATE	PASS	compiles+passes; target spec_tests/conformance (language-feature test) unless std-module-shaped
nova_tests/generics/neg/plan101_1_unused_prefix_neg.nv	MIGRATE	PASS	compiles+passes; target spec_tests/conformance (language-feature test) unless std-module-shaped
nova_tests/generics/neg/plan101_2_receiver_bound_violation_neg.nv	MIGRATE	PASS	compiles+passes; target spec_tests/conformance (language-feature test) unless std-module-shaped
nova_tests/generics/neg/plan101_3_multibound_dangling_plus_neg.nv	MIGRATE	PASS	compiles+passes; target spec_tests/conformance (language-feature test) unless std-module-shaped
nova_tests/generics/neg/plan101_3_multibound_missing_method_neg.nv	MIGRATE	PASS	compiles+passes; target spec_tests/conformance (language-feature test) unless std-module-shaped
nova_tests/generics/neg/plan101_3_multibound_unknown_bound_neg.nv	MIGRATE	PASS	compiles+passes; target spec_tests/conformance (language-feature test) unless std-module-shaped
nova_tests/generics/neg/plan101_4_compose_cycle_neg.nv	MIGRATE	PASS	compiles+passes; target spec_tests/conformance (language-feature test) unless std-module-shaped
nova_tests/generics/neg/plan101_4_compose_duplicate_neg.nv	MIGRATE	PASS	compiles+passes; target spec_tests/conformance (language-feature test) unless std-module-shaped
nova_tests/generics/neg/plan101_4_compose_not_protocol_neg.nv	MIGRATE	PASS	compiles+passes; target spec_tests/conformance (language-feature test) unless std-module-shaped
nova_tests/generics/neg/plan101_4_compose_self_embed_neg.nv	MIGRATE	PASS	compiles+passes; target spec_tests/conformance (language-feature test) unless std-module-shaped
nova_tests/generics/neg/plan101_4_compose_unknown_neg.nv	MIGRATE	PASS	compiles+passes; target spec_tests/conformance (language-feature test) unless std-module-shaped
nova_tests/generics/neg/plan101_4_compose_use_after_method_neg.nv	MIGRATE	PASS	compiles+passes; target spec_tests/conformance (language-feature test) unless std-module-shaped
nova_tests/generics/p48_closure_arg_inference.nv	MIGRATE	PASS	compiles+passes; target spec_tests/conformance (language-feature test) unless std-module-shaped
nova_tests/generics/p48_mono_method.nv	MIGRATE	PASS	compiles+passes; target spec_tests/conformance (language-feature test) unless std-module-shaped
nova_tests/generics/p48_none_in_mono_body.nv	MIGRATE	PASS	compiles+passes; target spec_tests/conformance (language-feature test) unless std-module-shaped
nova_tests/generics/p48_option_return_inference.nv	MIGRATE	PASS	compiles+passes; target spec_tests/conformance (language-feature test) unless std-module-shaped
nova_tests/generics/plan101_1_bare_t_identity.nv	MIGRATE	PASS	compiles+passes; target spec_tests/conformance (language-feature test) unless std-module-shaped
nova_tests/generics/plan101_1_vec_any_all.nv	MIGRATE	PASS	compiles+passes; target spec_tests/conformance (language-feature test) unless std-module-shaped
nova_tests/generics/plan101_1_vec_chained.nv	MIGRATE	PASS	compiles+passes; target spec_tests/conformance (language-feature test) unless std-module-shaped
nova_tests/generics/plan101_1_vec_filter.nv	MIGRATE	PASS	compiles+passes; target spec_tests/conformance (language-feature test) unless std-module-shaped
nova_tests/generics/plan101_1_vec_first_last.nv	MIGRATE	PASS	compiles+passes; target spec_tests/conformance (language-feature test) unless std-module-shaped
nova_tests/generics/plan101_1_vec_fold_int_int.nv	MIGRATE	PASS	compiles+passes; target spec_tests/conformance (language-feature test) unless std-module-shaped
nova_tests/generics/plan101_1_vec_map_int_int.nv	MIGRATE	PASS	compiles+passes; target spec_tests/conformance (language-feature test) unless std-module-shaped
nova_tests/generics/plan101_1_vec_map_int_str.nv	MIGRATE	PASS	compiles+passes; target spec_tests/conformance (language-feature test) unless std-module-shaped
nova_tests/generics/plan101_1_vec_str_elements.nv	MIGRATE	PASS	compiles+passes; target spec_tests/conformance (language-feature test) unless std-module-shaped
nova_tests/generics/plan101_2_receiver_bound_smoke.nv	MIGRATE	PASS	compiles+passes; target spec_tests/conformance (language-feature test) unless std-module-shaped
nova_tests/generics/plan101_3_multibound_three.nv	MIGRATE	PASS	compiles+passes; target spec_tests/conformance (language-feature test) unless std-module-shaped
nova_tests/generics/plan101_3_multibound_two.nv	MIGRATE	PASS	compiles+passes; target spec_tests/conformance (language-feature test) unless std-module-shaped
nova_tests/generics/plan101_3_multibound_with_default.nv	MIGRATE	PASS	compiles+passes; target spec_tests/conformance (language-feature test) unless std-module-shaped
nova_tests/generics/plan101_4_compose_basic.nv	MIGRATE	PASS	compiles+passes; target spec_tests/conformance (language-feature test) unless std-module-shaped
nova_tests/generics/plan101_4_compose_comma_separated.nv	MIGRATE	PASS	compiles+passes; target spec_tests/conformance (language-feature test) unless std-module-shaped
nova_tests/generics/plan101_4_compose_independent_concretes.nv	MIGRATE	PASS	compiles+passes; target spec_tests/conformance (language-feature test) unless std-module-shaped
nova_tests/generics/plan101_4_compose_mix_direct.nv	MIGRATE	PASS	compiles+passes; target spec_tests/conformance (language-feature test) unless std-module-shaped
nova_tests/generics/plan101_4_compose_transitive.nv	MIGRATE	PASS	compiles+passes; target spec_tests/conformance (language-feature test) unless std-module-shaped
nova_tests/lint/conv_clean.nv	MIGRATE	PASS	compiles+passes; target spec_tests/conformance (language-feature test) unless std-module-shaped
nova_tests/lint/conv_pos.nv	MIGRATE	PASS	compiles+passes; target spec_tests/conformance (language-feature test) unless std-module-shaped
nova_tests/map_literals/neg/lint_duplicate_int_key.nv	MIGRATE	PASS	compiles+passes; target spec_tests/conformance (language-feature test) unless std-module-shaped
nova_tests/map_literals/neg/lint_duplicate_str_key.nv	MIGRATE	PASS	compiles+passes; target spec_tests/conformance (language-feature test) unless std-module-shaped
nova_tests/map_literals/neg/lint_nan_key.nv	MIGRATE	PASS	compiles+passes; target spec_tests/conformance (language-feature test) unless std-module-shaped
nova_tests/map_literals/neg/negative_keyword_field.nv	MIGRATE	PASS	compiles+passes; target spec_tests/conformance (language-feature test) unless std-module-shaped
nova_tests/map_literals/neg/negative_mixed_forms.nv	MIGRATE	PASS	compiles+passes; target spec_tests/conformance (language-feature test) unless std-module-shaped
nova_tests/map_literals/neg/negative_no_from_fields.nv	MIGRATE	PASS	compiles+passes; target spec_tests/conformance (language-feature test) unless std-module-shaped
nova_tests/map_literals/neg/negative_user_from_pairs_shadows.nv	MIGRATE	PASS	compiles+passes; target spec_tests/conformance (language-feature test) unless std-module-shaped
nova_tests/map_literals/neg/negative_user_shadows_hashmap.nv	STALE	CODEGEN-FAIL	CODEGEN-FAIL: \\?\D:\Sources\nv-lang\nova-198\std\collections\hashmap.nv:176:42: error: [E7320] no field or method `buckets` on type `HashMap`
nova_tests/map_literals/neg/positive_eval_order.nv	MIGRATE	PASS	compiles+passes; target spec_tests/conformance (language-feature test) unless std-module-shaped
nova_tests/map_literals/positive_clone_merge.nv	STALE	CODEGEN-FAIL	CODEGEN-FAIL: \\?\D:\Sources\nv-lang\nova-198\nova_tests\map_literals\positive_const_map.nv:11:36: error: [E_CONST_NOT_CONSTEXPR] non-constexpr expression в `const` initialiser (member/index/interpolation/map/call-wi...
nova_tests/map_literals/positive_const_map.nv	STALE	CODEGEN-FAIL	CODEGEN-FAIL: \\?\D:\Sources\nv-lang\nova-198\nova_tests\map_literals\positive_const_map.nv:11:36: error: [E_CONST_NOT_CONSTEXPR] non-constexpr expression в `const` initialiser (member/index/interpolation/map/call-wi...
nova_tests/map_literals/positive_empty_in_map_position.nv	STALE	CODEGEN-FAIL	CODEGEN-FAIL: \\?\D:\Sources\nv-lang\nova-198\nova_tests\map_literals\positive_const_map.nv:11:36: error: [E_CONST_NOT_CONSTEXPR] non-constexpr expression в `const` initialiser (member/index/interpolation/map/call-wi...
nova_tests/map_literals/positive_infer.nv	STALE	CODEGEN-FAIL	CODEGEN-FAIL: \\?\D:\Sources\nv-lang\nova-198\nova_tests\map_literals\positive_const_map.nv:11:36: error: [E_CONST_NOT_CONSTEXPR] non-constexpr expression в `const` initialiser (member/index/interpolation/map/call-wi...
nova_tests/map_literals/positive_insert_new_correctness.nv	STALE	CODEGEN-FAIL	CODEGEN-FAIL: \\?\D:\Sources\nv-lang\nova-198\nova_tests\map_literals\positive_const_map.nv:11:36: error: [E_CONST_NOT_CONSTEXPR] non-constexpr expression в `const` initialiser (member/index/interpolation/map/call-wi...
nova_tests/map_literals/positive_int_int.nv	STALE	CODEGEN-FAIL	CODEGEN-FAIL: \\?\D:\Sources\nv-lang\nova-198\nova_tests\map_literals\positive_const_map.nv:11:36: error: [E_CONST_NOT_CONSTEXPR] non-constexpr expression в `const` initialiser (member/index/interpolation/map/call-wi...
nova_tests/map_literals/positive_int_str.nv	STALE	CODEGEN-FAIL	CODEGEN-FAIL: \\?\D:\Sources\nv-lang\nova-198\nova_tests\map_literals\positive_const_map.nv:11:36: error: [E_CONST_NOT_CONSTEXPR] non-constexpr expression в `const` initialiser (member/index/interpolation/map/call-wi...
nova_tests/map_literals/positive_iter_works.nv	STALE	CODEGEN-FAIL	CODEGEN-FAIL: \\?\D:\Sources\nv-lang\nova-198\nova_tests\map_literals\positive_const_map.nv:11:36: error: [E_CONST_NOT_CONSTEXPR] non-constexpr expression в `const` initialiser (member/index/interpolation/map/call-wi...
nova_tests/map_literals/positive_json_value.nv	STALE	CODEGEN-FAIL	CODEGEN-FAIL: \\?\D:\Sources\nv-lang\nova-198\nova_tests\map_literals\positive_const_map.nv:11:36: error: [E_CONST_NOT_CONSTEXPR] non-constexpr expression в `const` initialiser (member/index/interpolation/map/call-wi...
nova_tests/map_literals/positive_nested.nv	STALE	CODEGEN-FAIL	CODEGEN-FAIL: \\?\D:\Sources\nv-lang\nova-198\nova_tests\map_literals\positive_const_map.nv:11:36: error: [E_CONST_NOT_CONSTEXPR] non-constexpr expression в `const` initialiser (member/index/interpolation/map/call-wi...
nova_tests/map_literals/positive_record_arg.nv	STALE	CODEGEN-FAIL	CODEGEN-FAIL: \\?\D:\Sources\nv-lang\nova-198\nova_tests\map_literals\positive_const_map.nv:11:36: error: [E_CONST_NOT_CONSTEXPR] non-constexpr expression в `const` initialiser (member/index/interpolation/map/call-wi...
nova_tests/map_literals/positive_record_punning.nv	STALE	CODEGEN-FAIL	CODEGEN-FAIL: \\?\D:\Sources\nv-lang\nova-198\nova_tests\map_literals\positive_const_map.nv:11:36: error: [E_CONST_NOT_CONSTEXPR] non-constexpr expression в `const` initialiser (member/index/interpolation/map/call-wi...
nova_tests/map_literals/positive_record_punning_str.nv	STALE	CODEGEN-FAIL	CODEGEN-FAIL: \\?\D:\Sources\nv-lang\nova-198\nova_tests\map_literals\positive_const_map.nv:11:36: error: [E_CONST_NOT_CONSTEXPR] non-constexpr expression в `const` initialiser (member/index/interpolation/map/call-wi...
nova_tests/map_literals/positive_record_str_bool.nv	STALE	CODEGEN-FAIL	CODEGEN-FAIL: \\?\D:\Sources\nv-lang\nova-198\nova_tests\map_literals\positive_const_map.nv:11:36: error: [E_CONST_NOT_CONSTEXPR] non-constexpr expression в `const` initialiser (member/index/interpolation/map/call-wi...
nova_tests/map_literals/positive_siphash_smoke.nv	STALE	CODEGEN-FAIL	CODEGEN-FAIL: \\?\D:\Sources\nv-lang\nova-198\nova_tests\map_literals\positive_const_map.nv:11:36: error: [E_CONST_NOT_CONSTEXPR] non-constexpr expression в `const` initialiser (member/index/interpolation/map/call-wi...
nova_tests/map_literals/positive_spread.nv	STALE	CODEGEN-FAIL	CODEGEN-FAIL: \\?\D:\Sources\nv-lang\nova-198\nova_tests\map_literals\positive_const_map.nv:11:36: error: [E_CONST_NOT_CONSTEXPR] non-constexpr expression в `const` initialiser (member/index/interpolation/map/call-wi...
nova_tests/map_literals/positive_str_int.nv	STALE	CODEGEN-FAIL	CODEGEN-FAIL: \\?\D:\Sources\nv-lang\nova-198\nova_tests\map_literals\positive_const_map.nv:11:36: error: [E_CONST_NOT_CONSTEXPR] non-constexpr expression в `const` initialiser (member/index/interpolation/map/call-wi...
nova_tests/map_literals/positive_user_from_fields.nv	STALE	CODEGEN-FAIL	CODEGEN-FAIL: \\?\D:\Sources\nv-lang\nova-198\nova_tests\map_literals\positive_const_map.nv:11:36: error: [E_CONST_NOT_CONSTEXPR] non-constexpr expression в `const` initialiser (member/index/interpolation/map/call-wi...
nova_tests/map_literals/positive_user_from_pairs_with_methods.nv	STALE	CODEGEN-FAIL	CODEGEN-FAIL: \\?\D:\Sources\nv-lang\nova-198\nova_tests\map_literals\positive_const_map.nv:11:36: error: [E_CONST_NOT_CONSTEXPR] non-constexpr expression в `const` initialiser (member/index/interpolation/map/call-wi...
nova_tests/map_literals/positive_with_capacity_boundary.nv	STALE	CODEGEN-FAIL	CODEGEN-FAIL: \\?\D:\Sources\nv-lang\nova-198\nova_tests\map_literals\positive_const_map.nv:11:36: error: [E_CONST_NOT_CONSTEXPR] non-constexpr expression в `const` initialiser (member/index/interpolation/map/call-wi...
nova_tests/modules/bloom_filter.nv	STALE	CODEGEN-FAIL	CODEGEN-FAIL: import resolution: 1 import error(s):
nova_tests/modules/cycle_a.nv	MIGRATE	PASS	compiles+passes; target spec_tests/conformance (language-feature test) unless std-module-shaped
nova_tests/modules/cycle_b.nv	MIGRATE	PASS	compiles+passes; target spec_tests/conformance (language-feature test) unless std-module-shaped
nova_tests/modules/deque.nv	STALE	CODEGEN-FAIL	CODEGEN-FAIL: import resolution: 1 import error(s):
nova_tests/modules/export_import_reexport.nv	MIGRATE	PASS	compiles+passes; target spec_tests/conformance (language-feature test) unless std-module-shaped
nova_tests/modules/file_forbid_clean.nv	MIGRATE	PASS	compiles+passes; target spec_tests/conformance (language-feature test) unless std-module-shaped
nova_tests/modules/folder_internal/helpers.nv	N/A-support	NORESULT	support/library file — no independent test unit (imported by sibling test in same dir tree)
nova_tests/modules/folder_internal/internal/encode.nv	N/A-support	NORESULT	support/library file — no independent test unit (imported by sibling test in same dir tree)
nova_tests/modules/folder_internal/internal/token.nv	N/A-support	NORESULT	support/library file — no independent test unit (imported by sibling test in same dir tree)
nova_tests/modules/folder_internal/public.nv	N/A-support	NORESULT	support/library file — no independent test unit (imported by sibling test in same dir tree)
nova_tests/modules/folder_internal_use.nv	MIGRATE	PASS	compiles+passes; target spec_tests/conformance (language-feature test) unless std-module-shaped
nova_tests/modules/folder_module_basic/helpers.nv	N/A-support	NORESULT	support/library file — no independent test unit (imported by sibling test in same dir tree)
nova_tests/modules/folder_module_basic/users.nv	N/A-support	NORESULT	support/library file — no independent test unit (imported by sibling test in same dir tree)
nova_tests/modules/folder_module_basic_use.nv	MIGRATE	PASS	compiles+passes; target spec_tests/conformance (language-feature test) unless std-module-shaped
nova_tests/modules/folder_module_forbid/_module.nv	N/A-support	NORESULT	support/library file — no independent test unit (imported by sibling test in same dir tree)
nova_tests/modules/folder_module_forbid/core.nv	N/A-support	NORESULT	support/library file — no independent test unit (imported by sibling test in same dir tree)
nova_tests/modules/folder_module_forbid/helper.nv	N/A-support	NORESULT	support/library file — no independent test unit (imported by sibling test in same dir tree)
nova_tests/modules/folder_module_forbid_use.nv	MIGRATE	PASS	compiles+passes; target spec_tests/conformance (language-feature test) unless std-module-shaped
nova_tests/modules/folder_module_with_test/core.nv	N/A-support	NORESULT	support/library file — no independent test unit (imported by sibling test in same dir tree)
nova_tests/modules/folder_module_with_test/helpers_test.nv	N/A-support	NORESULT	support/library file — no independent test unit (imported by sibling test in same dir tree)
nova_tests/modules/folder_module_with_test_use.nv	MIGRATE	PASS	compiles+passes; target spec_tests/conformance (language-feature test) unless std-module-shaped
nova_tests/modules/folder_mutual_recursion/even.nv	N/A-support	NORESULT	support/library file — no independent test unit (imported by sibling test in same dir tree)
nova_tests/modules/folder_mutual_recursion/odd.nv	N/A-support	NORESULT	support/library file — no independent test unit (imported by sibling test in same dir tree)
nova_tests/modules/folder_mutual_recursion_use.nv	MIGRATE	PASS	compiles+passes; target spec_tests/conformance (language-feature test) unless std-module-shaped
nova_tests/modules/folder_per_file_imports/reader.nv	N/A-support	NORESULT	support/library file — no independent test unit (imported by sibling test in same dir tree)
nova_tests/modules/folder_per_file_imports/writer.nv	N/A-support	NORESULT	support/library file — no independent test unit (imported by sibling test in same dir tree)
nova_tests/modules/folder_per_file_imports_use.nv	MIGRATE	PASS	compiles+passes; target spec_tests/conformance (language-feature test) unless std-module-shaped
nova_tests/modules/folder_with_doc/_module.nv	N/A-support	NORESULT	support/library file — no independent test unit (imported by sibling test in same dir tree)
nova_tests/modules/folder_with_doc/core.nv	N/A-support	NORESULT	support/library file — no independent test unit (imported by sibling test in same dir tree)
nova_tests/modules/folder_with_doc/extra.nv	N/A-support	NORESULT	support/library file — no independent test unit (imported by sibling test in same dir tree)
nova_tests/modules/folder_with_doc_use.nv	MIGRATE	PASS	compiles+passes; target spec_tests/conformance (language-feature test) unless std-module-shaped
nova_tests/modules/hashmap_basic.nv	MIGRATE	PASS	compiles+passes; target spec_tests/conformance (language-feature test) unless std-module-shaped
nova_tests/modules/integration.nv	MIGRATE	PASS	compiles+passes; target spec_tests/conformance (language-feature test) unless std-module-shaped
nova_tests/modules/json_ast.nv	MIGRATE	PASS	compiles+passes; target spec_tests/conformance (language-feature test) unless std-module-shaped
nova_tests/modules/lru.nv	STALE	CODEGEN-FAIL	CODEGEN-FAIL: import resolution: 1 import error(s):
nova_tests/modules/peer_isolation_ok/alpha.nv	N/A-support	NORESULT	support/library file — no independent test unit (imported by sibling test in same dir tree)
nova_tests/modules/peer_isolation_ok/beta.nv	N/A-support	NORESULT	support/library file — no independent test unit (imported by sibling test in same dir tree)
nova_tests/modules/peer_isolation_ok_use.nv	MIGRATE	PASS	compiles+passes; target spec_tests/conformance (language-feature test) unless std-module-shaped
nova_tests/modules/prelude_auto_import.nv	MIGRATE	PASS	compiles+passes; target spec_tests/conformance (language-feature test) unless std-module-shaped
nova_tests/modules/priority_queue.nv	STALE	CODEGEN-FAIL	CODEGEN-FAIL: import resolution: 1 import error(s):
nova_tests/modules/reexport_facade/helper.nv	N/A-support	NORESULT	support/library file — no independent test unit (imported by sibling test in same dir tree)
nova_tests/modules/reexport_facade/internal/impl.nv	MIGRATE	PASS	compiles+passes; target spec_tests/conformance (language-feature test) unless std-module-shaped
nova_tests/modules/reexport_facade/public.nv	N/A-support	NORESULT	support/library file — no independent test unit (imported by sibling test in same dir tree)
nova_tests/modules/reexport_facade_use.nv	MIGRATE	PASS	compiles+passes; target spec_tests/conformance (language-feature test) unless std-module-shaped
nova_tests/modules/reexport_selective/extra.nv	N/A-support	NORESULT	support/library file — no independent test unit (imported by sibling test in same dir tree)
nova_tests/modules/reexport_selective/facade.nv	N/A-support	NORESULT	support/library file — no independent test unit (imported by sibling test in same dir tree)
nova_tests/modules/reexport_selective/internal/impl.nv	MIGRATE	PASS	compiles+passes; target spec_tests/conformance (language-feature test) unless std-module-shaped
nova_tests/modules/reexport_selective_use.nv	MIGRATE	PASS	compiles+passes; target spec_tests/conformance (language-feature test) unless std-module-shaped
nova_tests/modules/rename_import_source/core.nv	N/A-support	NORESULT	support/library file — no independent test unit (imported by sibling test in same dir tree)
nova_tests/modules/rename_import_source/helper.nv	N/A-support	NORESULT	support/library file — no independent test unit (imported by sibling test in same dir tree)
nova_tests/modules/rename_import_use.nv	MIGRATE	PASS	compiles+passes; target spec_tests/conformance (language-feature test) unless std-module-shaped
nova_tests/modules/rule_e_file.nv	MIGRATE	PASS	compiles+passes; target spec_tests/conformance (language-feature test) unless std-module-shaped
nova_tests/modules/rule_e_file/sub/alpha.nv	N/A-support	NORESULT	support/library file — no independent test unit (imported by sibling test in same dir tree)
nova_tests/modules/rule_e_file/sub/beta.nv	N/A-support	NORESULT	support/library file — no independent test unit (imported by sibling test in same dir tree)
nova_tests/modules/rule_e_file_use.nv	MIGRATE	PASS	compiles+passes; target spec_tests/conformance (language-feature test) unless std-module-shaped
nova_tests/modules/selective_import.nv	MIGRATE	PASS	compiles+passes; target spec_tests/conformance (language-feature test) unless std-module-shaped
nova_tests/modules/set.nv	MIGRATE	PASS	compiles+passes; target spec_tests/conformance (language-feature test) unless std-module-shaped
nova_tests/modules/set_ops.nv	MIGRATE	PASS	compiles+passes; target spec_tests/conformance (language-feature test) unless std-module-shaped
nova_tests/modules/stack_queue.nv	MIGRATE	PASS	compiles+passes; target spec_tests/conformance (language-feature test) unless std-module-shaped
nova_tests/named_params/basic.nv	MIGRATE	PASS	compiles+passes; target spec_tests/conformance (language-feature test) unless std-module-shaped
nova_tests/named_params/default_const.nv	MIGRATE	PASS	compiles+passes; target spec_tests/conformance (language-feature test) unless std-module-shaped
nova_tests/named_params/imported_mod/config.nv	N/A-support	NORESULT	support/library file — no independent test unit (imported by sibling test in same dir tree)
nova_tests/named_params/imported_mod/limits.nv	N/A-support	NORESULT	support/library file — no independent test unit (imported by sibling test in same dir tree)
nova_tests/named_params/imported_named_run.nv	MIGRATE	PASS	compiles+passes; target spec_tests/conformance (language-feature test) unless std-module-shaped
nova_tests/named_params/imported_named_use.nv	MIGRATE	PASS	compiles+passes; target spec_tests/conformance (language-feature test) unless std-module-shaped
nova_tests/named_params/keyword_only.nv	MIGRATE	PASS	compiles+passes; target spec_tests/conformance (language-feature test) unless std-module-shaped
nova_tests/named_params/methods.nv	MIGRATE	PASS	compiles+passes; target spec_tests/conformance (language-feature test) unless std-module-shaped
nova_tests/named_params/side_effects.nv	MIGRATE	PASS	compiles+passes; target spec_tests/conformance (language-feature test) unless std-module-shaped
nova_tests/named_params/variadic.nv	MIGRATE	PASS	compiles+passes; target spec_tests/conformance (language-feature test) unless std-module-shaped
nova_tests/narrowing/neg/n_binding.nv	MIGRATE	PASS	compiles+passes; target spec_tests/conformance (language-feature test) unless std-module-shaped
nova_tests/narrowing/neg/n_fnarg.nv	MIGRATE	PASS	compiles+passes; target spec_tests/conformance (language-feature test) unless std-module-shaped
nova_tests/narrowing/neg/n_reassign.nv	MIGRATE	PASS	compiles+passes; target spec_tests/conformance (language-feature test) unless std-module-shaped
nova_tests/narrowing/neg/n_u32_to_i32_value_unsafe.nv	MIGRATE	PASS	compiles+passes; target spec_tests/conformance (language-feature test) unless std-module-shaped
nova_tests/narrowing/pos.nv	MIGRATE	PASS	compiles+passes; target spec_tests/conformance (language-feature test) unless std-module-shaped
nova_tests/negative_capability/channel_receiver_no_send.nv	MIGRATE	PASS	compiles+passes; target spec_tests/conformance (language-feature test) unless std-module-shaped
nova_tests/negative_capability/channel_sender_no_recv.nv	MIGRATE	PASS	compiles+passes; target spec_tests/conformance (language-feature test) unless std-module-shaped
nova_tests/negative_capability/folder_cycle_between_modules.nv	MIGRATE	PASS	compiles+passes; target spec_tests/conformance (language-feature test) unless std-module-shaped
nova_tests/negative_capability/folder_cycle_setup/modA/one.nv	N/A-support	NORESULT	support/library file — no independent test unit (imported by sibling test in same dir tree)
nova_tests/negative_capability/folder_cycle_setup/modA/two.nv	N/A-support	NORESULT	support/library file — no independent test unit (imported by sibling test in same dir tree)
nova_tests/negative_capability/folder_cycle_setup/modB/one.nv	N/A-support	NORESULT	support/library file — no independent test unit (imported by sibling test in same dir tree)
nova_tests/negative_capability/folder_cycle_setup/modB/two.nv	N/A-support	NORESULT	support/library file — no independent test unit (imported by sibling test in same dir tree)
nova_tests/negative_capability/folder_file_conflict_setup/admin.nv	MIGRATE	PASS	compiles+passes; target spec_tests/conformance (language-feature test) unless std-module-shaped
nova_tests/negative_capability/folder_file_conflict_setup/admin/groups.nv	N/A-support	NORESULT	support/library file — no independent test unit (imported by sibling test in same dir tree)
nova_tests/negative_capability/folder_file_conflict_setup/admin/users.nv	N/A-support	NORESULT	support/library file — no independent test unit (imported by sibling test in same dir tree)
nova_tests/negative_capability/folder_inconsistent_decl/alpha.nv	MIGRATE	PASS	compiles+passes; target spec_tests/conformance (language-feature test) unless std-module-shaped
nova_tests/negative_capability/folder_inconsistent_decl/beta.nv	MIGRATE	PASS	compiles+passes; target spec_tests/conformance (language-feature test) unless std-module-shaped
nova_tests/negative_capability/import_cycle_rejected.nv	MIGRATE	PASS	compiles+passes; target spec_tests/conformance (language-feature test) unless std-module-shaped
nova_tests/negative_capability/module_forbid_violation_setup/_module.nv	N/A-support	NORESULT	support/library file — no independent test unit (imported by sibling test in same dir tree)
nova_tests/negative_capability/module_forbid_violation_setup/helper.nv	N/A-support	NORESULT	support/library file — no independent test unit (imported by sibling test in same dir tree)
nova_tests/negative_capability/module_forbid_violation_setup/net_user.nv	N/A-support	NORESULT	support/library file — no independent test unit (imported by sibling test in same dir tree)
nova_tests/negative_capability/peer_path_leak_setup/importer.nv	N/A-support	NORESULT	support/library file — no independent test unit (imported by sibling test in same dir tree)
nova_tests/negative_capability/peer_path_leak_setup/leaker.nv	N/A-support	NORESULT	support/library file — no independent test unit (imported by sibling test in same dir tree)
nova_tests/negative_capability/peer_path_leak_target/core.nv	MIGRATE	PASS	compiles+passes; target spec_tests/conformance (language-feature test) unless std-module-shaped
nova_tests/negative_capability/selective_import_unknown_item_rejected.nv	MIGRATE	PASS	compiles+passes; target spec_tests/conformance (language-feature test) unless std-module-shaped
nova_tests/p176repro/generic_wrapper_valuerecord_err/repro.nv	MIGRATE	PASS	compiles+passes; target spec_tests/conformance (language-feature test) unless std-module-shaped
nova_tests/p176repro/result_valuerecord_err/repro.nv	MIGRATE	PASS	compiles+passes; target spec_tests/conformance (language-feature test) unless std-module-shaped
nova_tests/plan03_1/cross_pkg_neg/cross_pkg_test.nv	MIGRATE	PASS	compiles+passes; target spec_tests/conformance (language-feature test) unless std-module-shaped
nova_tests/plan03_1/cycle_dep/consumer/cycle_test.nv	MIGRATE	PASS	compiles+passes; target spec_tests/conformance (language-feature test) unless std-module-shaped
nova_tests/plan03_1/cycle_dep/cyc_a_pkg/amod.nv	N/A-support	NORESULT	support/library file — no independent test unit (imported by sibling test in same dir tree)
nova_tests/plan03_1/cycle_dep/cyc_b_pkg/bmod.nv	N/A-support	NORESULT	support/library file — no independent test unit (imported by sibling test in same dir tree)
nova_tests/plan03_1/dup_dep_neg/dup_dep_neg_test.nv	MIGRATE	PASS	compiles+passes; target spec_tests/conformance (language-feature test) unless std-module-shaped
nova_tests/plan03_1/git_dep_neg/git_dep_neg_test.nv	MIGRATE	PASS	compiles+passes; target spec_tests/conformance (language-feature test) unless std-module-shaped
nova_tests/plan03_1/internal_dep/consumer/leak_internal_test.nv	MIGRATE	PASS	compiles+passes; target spec_tests/conformance (language-feature test) unless std-module-shaped
nova_tests/plan03_1/internal_dep/consumer/use_public_test.nv	MIGRATE	PASS	compiles+passes; target spec_tests/conformance (language-feature test) unless std-module-shaped
nova_tests/plan03_1/internal_dep/deplib/api.nv	N/A-support	NORESULT	support/library file — no independent test unit (imported by sibling test in same dir tree)
nova_tests/plan03_1/internal_dep/deplib/internal/secret.nv	N/A-support	NORESULT	support/library file — no independent test unit (imported by sibling test in same dir tree)
nova_tests/plan03_1/missing_path_neg/missing_path_neg_test.nv	MIGRATE	PASS	compiles+passes; target spec_tests/conformance (language-feature test) unless std-module-shaped
nova_tests/plan03_1/name_mismatch_neg/consumer/name_mismatch_test.nv	MIGRATE	PASS	compiles+passes; target spec_tests/conformance (language-feature test) unless std-module-shaped
nova_tests/plan03_1/name_mismatch_neg/realname/thing.nv	N/A-support	NORESULT	support/library file — no independent test unit (imported by sibling test in same dir tree)
nova_tests/plan03_1/path_dep/consumer/use_path_dep_test.nv	MIGRATE	PASS	compiles+passes; target spec_tests/conformance (language-feature test) unless std-module-shaped
nova_tests/plan03_1/path_dep/mathlib/calc.nv	N/A-support	NORESULT	support/library file — no independent test unit (imported by sibling test in same dir tree)
nova_tests/plan03_1/path_dep_ffi/consumer/use_path_dep_ffi_test.nv	MIGRATE	PASS	compiles+passes; target spec_tests/conformance (language-feature test) unless std-module-shaped
nova_tests/plan03_1/path_dep_ffi/extlib_native/calc.nv	N/A-support	NORESULT	support/library file — no independent test unit (imported by sibling test in same dir tree)
nova_tests/plan03_1/shared_target.nv	MIGRATE	PASS	compiles+passes; target spec_tests/conformance (language-feature test) unless std-module-shaped
nova_tests/plan03_1/std_reserved_neg/std_reserved_test.nv	MIGRATE	PASS	compiles+passes; target spec_tests/conformance (language-feature test) unless std-module-shaped
nova_tests/plan100_1/consume_err_assign_to_live_field.nv	MIGRATE	PASS	compiles+passes; target spec_tests/conformance (language-feature test) unless std-module-shaped
nova_tests/plan100_1/consume_err_branch_forget.nv	MIGRATE	PASS	compiles+passes; target spec_tests/conformance (language-feature test) unless std-module-shaped
nova_tests/plan100_1/consume_err_field_marker_missing.nv	MIGRATE	PASS	compiles+passes; target spec_tests/conformance (language-feature test) unless std-module-shaped
nova_tests/plan100_1/consume_err_forget.nv	MIGRATE	PASS	compiles+passes; target spec_tests/conformance (language-feature test) unless std-module-shaped
nova_tests/plan100_1/consume_err_loop_forget.nv	MIGRATE	PASS	compiles+passes; target spec_tests/conformance (language-feature test) unless std-module-shaped
nova_tests/plan100_1/consume_err_panic_path.nv	MIGRATE	PASS	compiles+passes; target spec_tests/conformance (language-feature test) unless std-module-shaped
nova_tests/plan100_1/consume_err_pass_non_consume.nv	MIGRATE	PASS	compiles+passes; target spec_tests/conformance (language-feature test) unless std-module-shaped
nova_tests/plan100_1/consume_err_record_partial.nv	MIGRATE	PASS	compiles+passes; target spec_tests/conformance (language-feature test) unless std-module-shaped
nova_tests/plan100_1/consume_err_type_marker_missing.nv	MIGRATE	PASS	compiles+passes; target spec_tests/conformance (language-feature test) unless std-module-shaped
nova_tests/plan100_1/consume_ok_both_branches.nv	MIGRATE	PASS	compiles+passes; target spec_tests/conformance (language-feature test) unless std-module-shaped
nova_tests/plan100_1/consume_ok_commit.nv	MIGRATE	PASS	compiles+passes; target spec_tests/conformance (language-feature test) unless std-module-shaped
nova_tests/plan100_1/consume_ok_factory.nv	MIGRATE	PASS	compiles+passes; target spec_tests/conformance (language-feature test) unless std-module-shaped
nova_tests/plan100_1/consume_ok_nested_consume.nv	MIGRATE	PASS	compiles+passes; target spec_tests/conformance (language-feature test) unless std-module-shaped
nova_tests/plan100_1/consume_ok_pass_consume.nv	MIGRATE	PASS	compiles+passes; target spec_tests/conformance (language-feature test) unless std-module-shaped
nova_tests/plan100_1/consume_ok_record_field.nv	MIGRATE	PASS	compiles+passes; target spec_tests/conformance (language-feature test) unless std-module-shaped
nova_tests/plan100_1/consume_ok_reopen.nv	MIGRATE	PASS	compiles+passes; target spec_tests/conformance (language-feature test) unless std-module-shaped
nova_tests/plan100_1/consume_ok_rollback.nv	MIGRATE	PASS	compiles+passes; target spec_tests/conformance (language-feature test) unless std-module-shaped
nova_tests/plan100_1/parser/parser_err_consume_at_return.nv	MIGRATE	PASS	compiles+passes; target spec_tests/conformance (language-feature test) unless std-module-shaped
nova_tests/plan100_1/parser/parser_err_consume_mut_param.nv	MIGRATE	PASS	compiles+passes; target spec_tests/conformance (language-feature test) unless std-module-shaped
nova_tests/plan100_1/parser/parser_err_external_consume.nv	MIGRATE	PASS	compiles+passes; target spec_tests/conformance (language-feature test) unless std-module-shaped
nova_tests/plan100_1/parser/parser_ok_consume_binding.nv	MIGRATE	PASS	compiles+passes; target spec_tests/conformance (language-feature test) unless std-module-shaped
nova_tests/plan100_1/parser/parser_ok_field_consume.nv	MIGRATE	PASS	compiles+passes; target spec_tests/conformance (language-feature test) unless std-module-shaped
nova_tests/plan100_1/parser/parser_ok_type_consume.nv	MIGRATE	PASS	compiles+passes; target spec_tests/conformance (language-feature test) unless std-module-shaped
nova_tests/plan100_2/for_consume_break_ok.nv	MIGRATE	PASS	compiles+passes; target spec_tests/conformance (language-feature test) unless std-module-shaped
nova_tests/plan100_2/for_consume_iter_ok.nv	MIGRATE	PASS	compiles+passes; target spec_tests/conformance (language-feature test) unless std-module-shaped
nova_tests/plan100_2/for_mut_iter_ok.nv	MIGRATE	PASS	compiles+passes; target spec_tests/conformance (language-feature test) unless std-module-shaped
nova_tests/plan100_2/for_view_iter_ok.nv	MIGRATE	PASS	compiles+passes; target spec_tests/conformance (language-feature test) unless std-module-shaped
nova_tests/plan100_2/generic_bound_ok_box.nv	MIGRATE	PASS	compiles+passes; target spec_tests/conformance (language-feature test) unless std-module-shaped
nova_tests/plan100_2/generic_bound_ok_identity.nv	MIGRATE	PASS	compiles+passes; target spec_tests/conformance (language-feature test) unless std-module-shaped
nova_tests/plan100_2/generic_bound_ok_pass_consume.nv	MIGRATE	PASS	compiles+passes; target spec_tests/conformance (language-feature test) unless std-module-shaped
nova_tests/plan100_2/generic_bound_ok_two_args.nv	MIGRATE	PASS	compiles+passes; target spec_tests/conformance (language-feature test) unless std-module-shaped
nova_tests/plan100_2/hashmap_consume_value_ok.nv	MIGRATE	PASS	compiles+passes; target spec_tests/conformance (language-feature test) unless std-module-shaped
nova_tests/plan100_2/mixed_consume_non_consume_ok.nv	MIGRATE	PASS	compiles+passes; target spec_tests/conformance (language-feature test) unless std-module-shaped
nova_tests/plan100_2/neg/for_consume_err_branch_forget.nv	MIGRATE	PASS	compiles+passes; target spec_tests/conformance (language-feature test) unless std-module-shaped
nova_tests/plan100_2/neg/for_consume_err_skip_iteration.nv	MIGRATE	PASS	compiles+passes; target spec_tests/conformance (language-feature test) unless std-module-shaped
nova_tests/plan100_2/neg/generic_bound_err_first_drop.nv	MIGRATE	PASS	compiles+passes; target spec_tests/conformance (language-feature test) unless std-module-shaped
nova_tests/plan100_2/neg/generic_bound_err_forget.nv	MIGRATE	PASS	compiles+passes; target spec_tests/conformance (language-feature test) unless std-module-shaped
nova_tests/plan100_2/neg/generic_bound_err_pass_non_consume.nv	MIGRATE	PASS	compiles+passes; target spec_tests/conformance (language-feature test) unless std-module-shaped
nova_tests/plan100_2/neg/vec_push_err_non_consume_param.nv	MIGRATE	PASS	compiles+passes; target spec_tests/conformance (language-feature test) unless std-module-shaped
nova_tests/plan100_2/vec_push_consume_ok.nv	MIGRATE	PASS	compiles+passes; target spec_tests/conformance (language-feature test) unless std-module-shaped
nova_tests/plan100_3/closure_consume_ok_once.nv	MIGRATE	PASS	compiles+passes; target spec_tests/conformance (language-feature test) unless std-module-shaped
nova_tests/plan100_3/closure_view_ok_multi_invoke.nv	MIGRATE	PASS	compiles+passes; target spec_tests/conformance (language-feature test) unless std-module-shaped
nova_tests/plan100_3/consume_ok_rvalue_to_consume_param.nv	MIGRATE	PASS	compiles+passes; target spec_tests/conformance (language-feature test) unless std-module-shaped
nova_tests/plan100_3/match_view_ok_option.nv	MIGRATE	PASS	compiles+passes; target spec_tests/conformance (language-feature test) unless std-module-shaped
nova_tests/plan100_3/neg/closure_consume_err_double_invoke.nv	MIGRATE	PASS	compiles+passes; target spec_tests/conformance (language-feature test) unless std-module-shaped
nova_tests/plan100_3/neg/view_err_consume_call.nv	MIGRATE	PASS	compiles+passes; target spec_tests/conformance (language-feature test) unless std-module-shaped
nova_tests/plan100_3/neg/view_err_return.nv	MIGRATE	PASS	compiles+passes; target spec_tests/conformance (language-feature test) unless std-module-shaped
nova_tests/plan100_3/neg/view_err_rvalue_in_view.nv	MIGRATE	PASS	compiles+passes; target spec_tests/conformance (language-feature test) unless std-module-shaped
nova_tests/plan100_3/view_ok_pass_through.nv	MIGRATE	PASS	compiles+passes; target spec_tests/conformance (language-feature test) unless std-module-shaped
nova_tests/plan100_3/view_ok_print_field.nv	MIGRATE	PASS	compiles+passes; target spec_tests/conformance (language-feature test) unless std-module-shaped
nova_tests/plan100_4_1/defer_fail_ok_composed_with_primary.nv	MIGRATE	PASS	compiles+passes; target spec_tests/conformance (language-feature test) unless std-module-shaped
nova_tests/plan100_4_1/defer_fail_ok_multi_lifo_composed.nv	MIGRATE	PASS	compiles+passes; target spec_tests/conformance (language-feature test) unless std-module-shaped
nova_tests/plan100_4_1/defer_fail_ok_nested_scope.nv	MIGRATE	PASS	compiles+passes; target spec_tests/conformance (language-feature test) unless std-module-shaped
nova_tests/plan100_4_1/defer_fail_ok_normal_exit.nv	MIGRATE	PASS	compiles+passes; target spec_tests/conformance (language-feature test) unless std-module-shaped
nova_tests/plan100_4_1/defer_fail_ok_question_mark.nv	MIGRATE	PASS	compiles+passes; target spec_tests/conformance (language-feature test) unless std-module-shaped
nova_tests/plan100_4_1/defer_fail_ok_with_explicit_handler.nv	MIGRATE	PASS	compiles+passes; target spec_tests/conformance (language-feature test) unless std-module-shaped
nova_tests/plan100_4_1/defer_fail_ok_with_explicit_throw.nv	MIGRATE	PASS	compiles+passes; target spec_tests/conformance (language-feature test) unless std-module-shaped
nova_tests/plan100_4_1/defer_ok_no_fail_backward_compat.nv	MIGRATE	PASS	compiles+passes; target spec_tests/conformance (language-feature test) unless std-module-shaped
nova_tests/plan100_4_1/multi_error_inspect_empty_chain.nv	MIGRATE	PASS	compiles+passes; target spec_tests/conformance (language-feature test) unless std-module-shaped
nova_tests/plan100_4_1/multi_error_inspect_ok.nv	MIGRATE	PASS	compiles+passes; target spec_tests/conformance (language-feature test) unless std-module-shaped
nova_tests/plan100_4_1/neg/defer_fail_err_break_in_body.nv	MIGRATE	PASS	compiles+passes; target spec_tests/conformance (language-feature test) unless std-module-shaped
nova_tests/plan100_4_1/neg/defer_fail_err_interrupt_in_body.nv	MIGRATE	PASS	compiles+passes; target spec_tests/conformance (language-feature test) unless std-module-shaped
nova_tests/plan100_4_1/neg/defer_fail_err_no_fail_in_sig.nv	MIGRATE	PASS	compiles+passes; target spec_tests/conformance (language-feature test) unless std-module-shaped
nova_tests/plan100_4_1/neg/defer_fail_err_return_in_body.nv	MIGRATE	PASS	compiles+passes; target spec_tests/conformance (language-feature test) unless std-module-shaped
nova_tests/plan100_4_1/neg/defer_fail_err_throw_no_fail_in_sig.nv	MIGRATE	PASS	compiles+passes; target spec_tests/conformance (language-feature test) unless std-module-shaped
nova_tests/plan100_4_1/neg/defer_fail_err_try_no_fail_in_sig.nv	MIGRATE	PASS	compiles+passes; target spec_tests/conformance (language-feature test) unless std-module-shaped
nova_tests/plan100_4_2/defer_cancel_safe_ok.nv	MIGRATE	PASS	compiles+passes; target spec_tests/conformance (language-feature test) unless std-module-shaped
nova_tests/plan100_4_2/defer_db_drain_ok.nv	MIGRATE	PASS	compiles+passes; target spec_tests/conformance (language-feature test) unless std-module-shaped
nova_tests/plan100_4_2/defer_multiple_suspend_ok.nv	MIGRATE	PASS	compiles+passes; target spec_tests/conformance (language-feature test) unless std-module-shaped
nova_tests/plan100_4_2/defer_sleep_ok.nv	MIGRATE	PASS	compiles+passes; target spec_tests/conformance (language-feature test) unless std-module-shaped
nova_tests/plan100_4_2/defer_with_timeout_ok.nv	MIGRATE	PASS	compiles+passes; target spec_tests/conformance (language-feature test) unless std-module-shaped
nova_tests/plan100_4_2/neg/defer_err_blocking_in_body.nv	MIGRATE	PASS	compiles+passes; target spec_tests/conformance (language-feature test) unless std-module-shaped
nova_tests/plan100_4_2/neg/defer_err_parallel_for_in_body.nv	MIGRATE	PASS	compiles+passes; target spec_tests/conformance (language-feature test) unless std-module-shaped
nova_tests/plan100_4_2/neg/defer_err_spawn_in_body.nv	MIGRATE	PASS	compiles+passes; target spec_tests/conformance (language-feature test) unless std-module-shaped
nova_tests/plan100_4_2/neg/defer_err_supervised_in_body.nv	MIGRATE	PASS	compiles+passes; target spec_tests/conformance (language-feature test) unless std-module-shaped
nova_tests/plan100_4_4/backward_compat_no_fail_defers.nv	MIGRATE	PASS	compiles+passes; target spec_tests/conformance (language-feature test) unless std-module-shaped
nova_tests/plan100_4_4/body_fail_defers_fail_composition.nv	MIGRATE	PASS	compiles+passes; target spec_tests/conformance (language-feature test) unless std-module-shaped
nova_tests/plan100_4_4/multi_defer_all_fail_ok_chain.nv	MIGRATE	PASS	compiles+passes; target spec_tests/conformance (language-feature test) unless std-module-shaped
nova_tests/plan100_4_4/multi_defer_continues_after_panic.nv	MIGRATE	PASS	compiles+passes; target spec_tests/conformance (language-feature test) unless std-module-shaped
nova_tests/plan100_4_4/multi_defer_partial_fail_ok.nv	MIGRATE	PASS	compiles+passes; target spec_tests/conformance (language-feature test) unless std-module-shaped
nova_tests/plan100_4_4/multi_error_fmt_chain_ok.nv	MIGRATE	PASS	compiles+passes; target spec_tests/conformance (language-feature test) unless std-module-shaped
nova_tests/plan100_4_4/multi_error_inspect_chain_ok.nv	MIGRATE	PASS	compiles+passes; target spec_tests/conformance (language-feature test) unless std-module-shaped
nova_tests/plan100_4_4/neg/neg_multi_defer_break_in_body.nv	MIGRATE	PASS	compiles+passes; target spec_tests/conformance (language-feature test) unless std-module-shaped
nova_tests/plan100_4_4/neg/neg_multi_defer_interrupt_in_body.nv	MIGRATE	PASS	compiles+passes; target spec_tests/conformance (language-feature test) unless std-module-shaped
nova_tests/plan100_4_4/neg/neg_multi_defer_return_in_body.nv	MIGRATE	PASS	compiles+passes; target spec_tests/conformance (language-feature test) unless std-module-shaped
nova_tests/plan100_4_4/neg/neg_multi_defer_throw_no_fail.nv	MIGRATE	PASS	compiles+passes; target spec_tests/conformance (language-feature test) unless std-module-shaped
nova_tests/plan100_4_4/panic_in_defer_alone_propagates.nv	MIGRATE	PASS	compiles+passes; target spec_tests/conformance (language-feature test) unless std-module-shaped
nova_tests/plan100_4_4/panic_in_defer_ok_composes.nv	MIGRATE	PASS	compiles+passes; target spec_tests/conformance (language-feature test) unless std-module-shaped
nova_tests/plan100_4_5/consume_no_fail_just_commit_ok.nv	MIGRATE	PASS	compiles+passes; target spec_tests/conformance (language-feature test) unless std-module-shaped
nova_tests/plan100_4_5/neg_failable_consume_explicit_only_no_errdefer.nv	MIGRATE	PASS	compiles+passes; target spec_tests/conformance (language-feature test) unless std-module-shaped
nova_tests/plan100_4_5/neg_failable_consume_no_cover_at_all.nv	MIGRATE	PASS	compiles+passes; target spec_tests/conformance (language-feature test) unless std-module-shaped
nova_tests/plan100_4_5/neg_failable_no_errdefer.nv	MIGRATE	PASS	compiles+passes; target spec_tests/conformance (language-feature test) unless std-module-shaped
nova_tests/plan100_6/cross_pkg_consume_import_ok.nv	MIGRATE	PASS	compiles+passes; target spec_tests/conformance (language-feature test) unless std-module-shaped
nova_tests/plan100_6/cross_pkg_consume_reexport_ok.nv	MIGRATE	PASS	compiles+passes; target spec_tests/conformance (language-feature test) unless std-module-shaped
nova_tests/plan100_6/cross_pkg_consume_via_protocol_ok.nv	MIGRATE	PASS	compiles+passes; target spec_tests/conformance (language-feature test) unless std-module-shaped
nova_tests/plan100_6/cross_pkg_consume_with_field_ok.nv	MIGRATE	PASS	compiles+passes; target spec_tests/conformance (language-feature test) unless std-module-shaped
nova_tests/plan100_6/cross_pkg_generic_consume_ok.nv	MIGRATE	PASS	compiles+passes; target spec_tests/conformance (language-feature test) unless std-module-shaped
nova_tests/plan100_6/folder_module_consume_ok.nv	MIGRATE	PASS	compiles+passes; target spec_tests/conformance (language-feature test) unless std-module-shaped
nova_tests/plan100_6/internal_folder_consume_ok.nv	MIGRATE	PASS	compiles+passes; target spec_tests/conformance (language-feature test) unless std-module-shaped
nova_tests/plan100_6/neg/cross_pkg_consume_err_mangling_mismatch.nv	MIGRATE	PASS	compiles+passes; target spec_tests/conformance (language-feature test) unless std-module-shaped
nova_tests/plan100_6/neg/cross_pkg_consume_err_missing_marker_in_b.nv	MIGRATE	PASS	compiles+passes; target spec_tests/conformance (language-feature test) unless std-module-shaped
nova_tests/plan100_6/neg/cross_pkg_consume_err_unknown_consume_method.nv	MIGRATE	PASS	compiles+passes; target spec_tests/conformance (language-feature test) unless std-module-shaped
nova_tests/plan100_6/neg/cross_pkg_consume_err_visibility.nv	MIGRATE	PASS	compiles+passes; target spec_tests/conformance (language-feature test) unless std-module-shaped
nova_tests/plan100_6/neg/nova_toml_consume_contract_err_major_bump.nv	MIGRATE	PASS	compiles+passes; target spec_tests/conformance (language-feature test) unless std-module-shaped
nova_tests/plan100_6/nova_toml_consume_contract_ok.nv	MIGRATE	PASS	compiles+passes; target spec_tests/conformance (language-feature test) unless std-module-shaped
nova_tests/plan100_6/private_consume_local_use_ok.nv	MIGRATE	PASS	compiles+passes; target spec_tests/conformance (language-feature test) unless std-module-shaped
nova_tests/plan100_6/relative_import_consume_ok.nv	MIGRATE	PASS	compiles+passes; target spec_tests/conformance (language-feature test) unless std-module-shaped
nova_tests/plan100_7/tx_commit.nv	MIGRATE	PASS	compiles+passes; target spec_tests/conformance (language-feature test) unless std-module-shaped
nova_tests/plan100_7/tx_rollback.nv	MIGRATE	PASS	compiles+passes; target spec_tests/conformance (language-feature test) unless std-module-shaped
nova_tests/plan100_8/lsp_quickfix_add_consume_marker.nv	MIGRATE	PASS	compiles+passes; target spec_tests/conformance (language-feature test) unless std-module-shaped
nova_tests/plan100_8/neg/diag_D146_view_escape_suggest_alternative.nv	MIGRATE	PASS	compiles+passes; target spec_tests/conformance (language-feature test) unless std-module-shaped
nova_tests/plan100_8/neg/diag_D152_capability_suggest_specific.nv	MIGRATE	PASS	compiles+passes; target spec_tests/conformance (language-feature test) unless std-module-shaped
nova_tests/plan100_8/neg/diag_D153_cross_pkg_with_source_pkg.nv	MIGRATE	PASS	compiles+passes; target spec_tests/conformance (language-feature test) unless std-module-shaped
nova_tests/plan100_8/neg/diag_d133_not_consumed_format.nv	MIGRATE	PASS	compiles+passes; target spec_tests/conformance (language-feature test) unless std-module-shaped
nova_tests/plan100_8/nova_doc_consume_badge.nv	MIGRATE	PASS	compiles+passes; target spec_tests/conformance (language-feature test) unless std-module-shaped
nova_tests/plan101_1/probe/fn_prefix_parse.nv	MIGRATE	PASS	compiles+passes; target spec_tests/conformance (language-feature test) unless std-module-shaped
nova_tests/plan103_3/mutex_mutual_exclusion_observed_interleave.nv	STALE	TIMEOUT	TIMEOUT: killed after 34348ms
nova_tests/plan103_3/mutex_stress_mn_4workers_slow.nv	STALE	TIMEOUT	TIMEOUT: killed after 34348ms
nova_tests/plan103_3/mutex_try_lock_for_timeout.nv	STALE	TIMEOUT	TIMEOUT: killed after 34348ms
nova_tests/plan103_3/mutex_unfair_high_contention.nv	STALE	TIMEOUT	TIMEOUT: killed after 34348ms
nova_tests/plan103_3/reentrant_other_fiber_blocked.nv	STALE	TIMEOUT	TIMEOUT: killed after 34348ms
nova_tests/plan103_3/rwlock_multiple_readers.nv	STALE	TIMEOUT	TIMEOUT: killed after 34348ms
nova_tests/plan103_3/rwlock_no_data_race_under_writes.nv	STALE	TIMEOUT	TIMEOUT: killed after 34348ms
nova_tests/plan103_3/rwlock_read_heavy_stress_slow.nv	STALE	TIMEOUT	TIMEOUT: killed after 34348ms
nova_tests/plan103_3/rwlock_reader_priority_opt_in.nv	STALE	TIMEOUT	TIMEOUT: killed after 34348ms
nova_tests/plan103_3/rwlock_try_write_for_timeout.nv	STALE	TIMEOUT	TIMEOUT: killed after 34348ms
nova_tests/plan103_3/rwlock_writer_excludes_readers.nv	STALE	TIMEOUT	TIMEOUT: killed after 34348ms
nova_tests/plan103_3/rwlock_writer_priority.nv	STALE	TIMEOUT	TIMEOUT: killed after 34348ms
nova_tests/plan103_4/barrier_all_or_none_prop.nv	STALE	RUN-FAIL	RUN-FAIL:   PASS: multiple producers, single consumer — no item lost |   PASS: wait_for times out when no notify arrives |   PASS: wait_for returns Notified when notify arrives before timeout
nova_tests/plan103_4/barrier_cyclic_reusable.nv	STALE	RUN-FAIL	RUN-FAIL:   PASS: multiple producers, single consumer — no item lost |   PASS: wait_for times out when no notify arrives |   PASS: wait_for returns Notified when notify arrives before timeout
nova_tests/plan103_4/barrier_n_party_rendezvous.nv	STALE	RUN-FAIL	RUN-FAIL:   PASS: multiple producers, single consumer — no item lost |   PASS: wait_for times out when no notify arrives |   PASS: wait_for returns Notified when notify arrives before timeout
nova_tests/plan103_4/barrier_wait_with_action.nv	STALE	RUN-FAIL	RUN-FAIL:   PASS: multiple producers, single consumer — no item lost |   PASS: wait_for times out when no notify arrives |   PASS: wait_for returns Notified when notify arrives before timeout
nova_tests/plan103_4/condvar_no_lost_wakeup_prop.nv	STALE	RUN-FAIL	RUN-FAIL:   PASS: multiple producers, single consumer — no item lost |   PASS: wait_for times out when no notify arrives |   PASS: wait_for returns Notified when notify arrives before timeout
nova_tests/plan103_4/condvar_notify_all.nv	STALE	RUN-FAIL	RUN-FAIL:   PASS: multiple producers, single consumer — no item lost |   PASS: wait_for times out when no notify arrives |   PASS: wait_for returns Notified when notify arrives before timeout
nova_tests/plan103_4/condvar_notify_one.nv	STALE	RUN-FAIL	RUN-FAIL:   PASS: multiple producers, single consumer — no item lost |   PASS: wait_for times out when no notify arrives |   PASS: wait_for returns Notified when notify arrives before timeout
nova_tests/plan103_4/condvar_producer_consumer.nv	STALE	RUN-FAIL	RUN-FAIL:   PASS: multiple producers, single consumer — no item lost |   PASS: wait_for times out when no notify arrives |   PASS: wait_for returns Notified when notify arrives before timeout
nova_tests/plan103_4/condvar_wait_for_timeout.nv	STALE	RUN-FAIL	RUN-FAIL:   PASS: multiple producers, single consumer — no item lost |   PASS: wait_for times out when no notify arrives |   PASS: wait_for returns Notified when notify arrives before timeout
nova_tests/plan103_4/condvar_wait_until_predicate.nv	STALE	RUN-FAIL	RUN-FAIL:   PASS: multiple producers, single consumer — no item lost |   PASS: wait_for times out when no notify arrives |   PASS: wait_for returns Notified when notify arrives before timeout
nova_tests/plan103_4/condvar_with_reentrant_warn.nv	STALE	RUN-FAIL	RUN-FAIL:   PASS: multiple producers, single consumer — no item lost |   PASS: wait_for times out when no notify arrives |   PASS: wait_for returns Notified when notify arrives before timeout
nova_tests/plan103_4/countdown_count_down_n.nv	STALE	RUN-FAIL	RUN-FAIL:   PASS: multiple producers, single consumer — no item lost |   PASS: wait_for times out when no notify arrives |   PASS: wait_for returns Notified when notify arrives before timeout
nova_tests/plan103_4/countdown_one_shot_signal.nv	STALE	RUN-FAIL	RUN-FAIL:   PASS: multiple producers, single consumer — no item lost |   PASS: wait_for times out when no notify arrives |   PASS: wait_for returns Notified when notify arrives before timeout
nova_tests/plan103_4/semaphore_batch_n.nv	STALE	RUN-FAIL	RUN-FAIL:   PASS: multiple producers, single consumer — no item lost |   PASS: wait_for times out when no notify arrives |   PASS: wait_for returns Notified when notify arrives before timeout
nova_tests/plan103_4/semaphore_bounded_concurrency.nv	STALE	RUN-FAIL	RUN-FAIL:   PASS: multiple producers, single consumer — no item lost |   PASS: wait_for times out when no notify arrives |   PASS: wait_for returns Notified when notify arrives before timeout
nova_tests/plan103_4/semaphore_no_overcommit_prop.nv	STALE	RUN-FAIL	RUN-FAIL:   PASS: multiple producers, single consumer — no item lost |   PASS: wait_for times out when no notify arrives |   PASS: wait_for returns Notified when notify arrives before timeout
nova_tests/plan103_4/semaphore_try_acquire_for_timeout.nv	STALE	RUN-FAIL	RUN-FAIL:   PASS: multiple producers, single consumer — no item lost |   PASS: wait_for times out when no notify arrives |   PASS: wait_for returns Notified when notify arrives before timeout
nova_tests/plan103_5/once_deprecation_warning.nv	MIGRATE	PASS	compiles+passes; target spec_tests/conformance (language-feature test) unless std-module-shaped
nova_tests/plan103_5/once_stress_mn_4workers_slow.nv	MIGRATE	PASS	compiles+passes; target spec_tests/conformance (language-feature test) unless std-module-shaped
nova_tests/plan103_6/blocking_atomic_fetch_add_ok.nv	STALE	CODEGEN-FAIL	CODEGEN-FAIL: \\?\D:\Sources\nv-lang\nova-198\nova_tests\plan103_6\realtime_atomic_fetch_add_ok.nv:13:17: error: [E_IMPLICIT_NARROWING] cannot pass `int` as argument `v` of narrower type `i32` — implicit int narrowi...
nova_tests/plan103_6/blocking_condvar_notify_warn.nv	STALE	CODEGEN-FAIL	CODEGEN-FAIL: \\?\D:\Sources\nv-lang\nova-198\nova_tests\plan103_6\realtime_atomic_fetch_add_ok.nv:13:17: error: [E_IMPLICIT_NARROWING] cannot pass `int` as argument `v` of narrower type `i32` — implicit int narrowi...
nova_tests/plan103_6/blocking_mutex_unlock_ok.nv	STALE	CODEGEN-FAIL	CODEGEN-FAIL: \\?\D:\Sources\nv-lang\nova-198\nova_tests\plan103_6\realtime_atomic_fetch_add_ok.nv:13:17: error: [E_IMPLICIT_NARROWING] cannot pass `int` as argument `v` of narrower type `i32` — implicit int narrowi...
nova_tests/plan103_6/neg/blocking_condvar_wait_neg.nv	MIGRATE	PASS	compiles+passes; target spec_tests/conformance (language-feature test) unless std-module-shaped
nova_tests/plan103_6/neg/blocking_mutex_lock_neg.nv	MIGRATE	PASS	compiles+passes; target spec_tests/conformance (language-feature test) unless std-module-shaped
nova_tests/plan103_6/neg/realtime_barrier_wait_neg.nv	MIGRATE	PASS	compiles+passes; target spec_tests/conformance (language-feature test) unless std-module-shaped
nova_tests/plan103_6/neg/realtime_condvar_wait_neg.nv	MIGRATE	PASS	compiles+passes; target spec_tests/conformance (language-feature test) unless std-module-shaped
nova_tests/plan103_6/neg/realtime_countdown_await_neg.nv	MIGRATE	PASS	compiles+passes; target spec_tests/conformance (language-feature test) unless std-module-shaped
nova_tests/plan103_6/neg/realtime_lazy_force_neg.nv	MIGRATE	PASS	compiles+passes; target spec_tests/conformance (language-feature test) unless std-module-shaped
nova_tests/plan103_6/neg/realtime_mutex_lock_neg.nv	MIGRATE	PASS	compiles+passes; target spec_tests/conformance (language-feature test) unless std-module-shaped
nova_tests/plan103_6/neg/realtime_once_call_once_neg.nv	MIGRATE	PASS	compiles+passes; target spec_tests/conformance (language-feature test) unless std-module-shaped
nova_tests/plan103_6/neg/realtime_oncecell_get_or_init_neg.nv	MIGRATE	PASS	compiles+passes; target spec_tests/conformance (language-feature test) unless std-module-shaped
nova_tests/plan103_6/neg/realtime_rwlock_read_neg.nv	MIGRATE	PASS	compiles+passes; target spec_tests/conformance (language-feature test) unless std-module-shaped
nova_tests/plan103_6/neg/realtime_rwlock_with_write_neg.nv	MIGRATE	PASS	compiles+passes; target spec_tests/conformance (language-feature test) unless std-module-shaped
nova_tests/plan103_6/neg/realtime_semaphore_acquire_neg.nv	MIGRATE	PASS	compiles+passes; target spec_tests/conformance (language-feature test) unless std-module-shaped
nova_tests/plan103_6/neg/realtime_via_user_fn_neg.nv	MIGRATE	PASS	compiles+passes; target spec_tests/conformance (language-feature test) unless std-module-shaped
nova_tests/plan103_6/realtime_atomic_fetch_add_ok.nv	STALE	CODEGEN-FAIL	CODEGEN-FAIL: \\?\D:\Sources\nv-lang\nova-198\nova_tests\plan103_6\realtime_atomic_fetch_add_ok.nv:13:17: error: [E_IMPLICIT_NARROWING] cannot pass `int` as argument `v` of narrower type `i32` — implicit int narrowi...
nova_tests/plan103_6/realtime_atomic_load_ok.nv	STALE	CODEGEN-FAIL	CODEGEN-FAIL: \\?\D:\Sources\nv-lang\nova-198\nova_tests\plan103_6\realtime_atomic_fetch_add_ok.nv:13:17: error: [E_IMPLICIT_NARROWING] cannot pass `int` as argument `v` of narrower type `i32` — implicit int narrowi...
nova_tests/plan103_6/realtime_fence_ok.nv	STALE	CODEGEN-FAIL	CODEGEN-FAIL: \\?\D:\Sources\nv-lang\nova-198\nova_tests\plan103_6\realtime_atomic_fetch_add_ok.nv:13:17: error: [E_IMPLICIT_NARROWING] cannot pass `int` as argument `v` of narrower type `i32` — implicit int narrowi...
nova_tests/plan103_6/realtime_lazy_is_forced_ok.nv	STALE	CODEGEN-FAIL	CODEGEN-FAIL: \\?\D:\Sources\nv-lang\nova-198\nova_tests\plan103_6\realtime_atomic_fetch_add_ok.nv:13:17: error: [E_IMPLICIT_NARROWING] cannot pass `int` as argument `v` of narrower type `i32` — implicit int narrowi...
nova_tests/plan103_6/realtime_mutex_try_lock_for_neg.nv	STALE	CODEGEN-FAIL	CODEGEN-FAIL: \\?\D:\Sources\nv-lang\nova-198\nova_tests\plan103_6\realtime_atomic_fetch_add_ok.nv:13:17: error: [E_IMPLICIT_NARROWING] cannot pass `int` as argument `v` of narrower type `i32` — implicit int narrowi...
nova_tests/plan103_6/realtime_mutex_try_lock_ok.nv	STALE	CODEGEN-FAIL	CODEGEN-FAIL: \\?\D:\Sources\nv-lang\nova-198\nova_tests\plan103_6\realtime_atomic_fetch_add_ok.nv:13:17: error: [E_IMPLICIT_NARROWING] cannot pass `int` as argument `v` of narrower type `i32` — implicit int narrowi...
nova_tests/plan103_6/realtime_oncecell_get_ok.nv	STALE	CODEGEN-FAIL	CODEGEN-FAIL: \\?\D:\Sources\nv-lang\nova-198\nova_tests\plan103_6\realtime_atomic_fetch_add_ok.nv:13:17: error: [E_IMPLICIT_NARROWING] cannot pass `int` as argument `v` of narrower type `i32` — implicit int narrowi...
nova_tests/plan103_6/realtime_oncecell_set_first_call_ok.nv	STALE	CODEGEN-FAIL	CODEGEN-FAIL: \\?\D:\Sources\nv-lang\nova-198\nova_tests\plan103_6\realtime_atomic_fetch_add_ok.nv:13:17: error: [E_IMPLICIT_NARROWING] cannot pass `int` as argument `v` of narrower type `i32` — implicit int narrowi...
nova_tests/plan103_6/realtime_semaphore_try_acquire_ok.nv	STALE	CODEGEN-FAIL	CODEGEN-FAIL: \\?\D:\Sources\nv-lang\nova-198\nova_tests\plan103_6\realtime_atomic_fetch_add_ok.nv:13:17: error: [E_IMPLICIT_NARROWING] cannot pass `int` as argument `v` of narrower type `i32` — implicit int narrowi...
nova_tests/plan103_6/realtime_try_lock_for_zero_warn.nv	STALE	CODEGEN-FAIL	CODEGEN-FAIL: \\?\D:\Sources\nv-lang\nova-198\nova_tests\plan103_6\realtime_atomic_fetch_add_ok.nv:13:17: error: [E_IMPLICIT_NARROWING] cannot pass `int` as argument `v` of narrower type `i32` — implicit int narrowi...
nova_tests/plan103_8/litmus_iriw_acqrel_allows.nv	STALE	CODEGEN-FAIL	CODEGEN-FAIL: [E_D78_MODULE_PATH_MISMATCH] module declaration does not match file path (D29 rev-3 + legacy)
nova_tests/plan103_8/litmus_iriw_seqcst_forbids.nv	STALE	CODEGEN-FAIL	CODEGEN-FAIL: [E_D78_MODULE_PATH_MISMATCH] module declaration does not match file path (D29 rev-3 + legacy)
nova_tests/plan103_8/litmus_message_passing.nv	STALE	CODEGEN-FAIL	CODEGEN-FAIL: [E_D78_MODULE_PATH_MISMATCH] module declaration does not match file path (D29 rev-3 + legacy)
nova_tests/plan103_8/litmus_refcount_drop.nv	STALE	CODEGEN-FAIL	CODEGEN-FAIL: [E_D78_MODULE_PATH_MISMATCH] module declaration does not match file path (D29 rev-3 + legacy)
nova_tests/plan103_8/prop_barrier_all_or_none.nv	STALE	CODEGEN-FAIL	CODEGEN-FAIL: [E_D78_MODULE_PATH_MISMATCH] module declaration does not match file path (D29 rev-3 + legacy)
nova_tests/plan103_8/prop_cas_loop_convergence.nv	STALE	CODEGEN-FAIL	CODEGEN-FAIL: [E_D78_MODULE_PATH_MISMATCH] module declaration does not match file path (D29 rev-3 + legacy)
nova_tests/plan103_8/prop_condvar_no_lost_wakeup.nv	STALE	CODEGEN-FAIL	CODEGEN-FAIL: [E_D78_MODULE_PATH_MISMATCH] module declaration does not match file path (D29 rev-3 + legacy)
nova_tests/plan103_8/prop_once_exactly_once_under_pressure.nv	STALE	CODEGEN-FAIL	CODEGEN-FAIL: [E_D78_MODULE_PATH_MISMATCH] module declaration does not match file path (D29 rev-3 + legacy)
nova_tests/plan103_8/prop_semaphore_bounded_concurrency.nv	STALE	CODEGEN-FAIL	CODEGEN-FAIL: [E_D78_MODULE_PATH_MISMATCH] module declaration does not match file path (D29 rev-3 + legacy)
nova_tests/plan103_8/stress_cas_loop_high_contention_slow.nv	STALE	CODEGEN-FAIL	CODEGEN-FAIL: [E_D78_MODULE_PATH_MISMATCH] module declaration does not match file path (D29 rev-3 + legacy)
nova_tests/plan103_8/stress_mixed_sync_mn_slow.nv	STALE	CODEGEN-FAIL	CODEGEN-FAIL: [E_D78_MODULE_PATH_MISMATCH] module declaration does not match file path (D29 rev-3 + legacy)
nova_tests/plan103_8/stress_once_oncecell_lazy_combined.nv	STALE	CODEGEN-FAIL	CODEGEN-FAIL: [E_D78_MODULE_PATH_MISMATCH] module declaration does not match file path (D29 rev-3 + legacy)
nova_tests/plan103_8/stress_producer_consumer_bounded_slow.nv	STALE	CODEGEN-FAIL	CODEGEN-FAIL: [E_D78_MODULE_PATH_MISMATCH] module declaration does not match file path (D29 rev-3 + legacy)
nova_tests/plan103_8/stress_rwlock_read_heavy.nv	STALE	CODEGEN-FAIL	CODEGEN-FAIL: [E_D78_MODULE_PATH_MISMATCH] module declaration does not match file path (D29 rev-3 + legacy)
nova_tests/plan103_9/guard_cross_scope_transfer.nv	MIGRATE	PASS	compiles+passes; target spec_tests/conformance (language-feature test) unless std-module-shaped
nova_tests/plan103_9/migration_pilot_api_coexist.nv	MIGRATE	PASS	compiles+passes; target spec_tests/conformance (language-feature test) unless std-module-shaped
nova_tests/plan103_9/mutexguard_basic_unlock.nv	MIGRATE	PASS	compiles+passes; target spec_tests/conformance (language-feature test) unless std-module-shaped
nova_tests/plan103_9/mutexguard_invariant_balanced.nv	MIGRATE	PASS	compiles+passes; target spec_tests/conformance (language-feature test) unless std-module-shaped
nova_tests/plan103_9/mutexguard_with_lock_wrapper.nv	MIGRATE	PASS	compiles+passes; target spec_tests/conformance (language-feature test) unless std-module-shaped
nova_tests/plan103_9/neg/mutexguard_branch_forget_neg.nv	MIGRATE	PASS	compiles+passes; target spec_tests/conformance (language-feature test) unless std-module-shaped
nova_tests/plan103_9/neg/mutexguard_double_unlock_neg.nv	MIGRATE	PASS	compiles+passes; target spec_tests/conformance (language-feature test) unless std-module-shaped
nova_tests/plan103_9/neg/mutexguard_in_realtime_neg.nv	MIGRATE	PASS	compiles+passes; target spec_tests/conformance (language-feature test) unless std-module-shaped
nova_tests/plan103_9/neg/mutexguard_leak_neg.nv	MIGRATE	PASS	compiles+passes; target spec_tests/conformance (language-feature test) unless std-module-shaped
nova_tests/plan103_9/neg/onceguard_commit_and_abort_neg.nv	MIGRATE	PASS	compiles+passes; target spec_tests/conformance (language-feature test) unless std-module-shaped
nova_tests/plan103_9/neg/onceguard_no_commit_no_abort_neg.nv	MIGRATE	PASS	compiles+passes; target spec_tests/conformance (language-feature test) unless std-module-shaped
nova_tests/plan103_9/neg/permit_leak_neg.nv	MIGRATE	PASS	compiles+passes; target spec_tests/conformance (language-feature test) unless std-module-shaped
nova_tests/plan103_9/neg/permit_release_then_use_neg.nv	MIGRATE	PASS	compiles+passes; target spec_tests/conformance (language-feature test) unless std-module-shaped
nova_tests/plan103_9/neg/readguard_leak_neg.nv	MIGRATE	PASS	compiles+passes; target spec_tests/conformance (language-feature test) unless std-module-shaped
nova_tests/plan103_9/neg/writeguard_double_unlock_neg.nv	MIGRATE	PASS	compiles+passes; target spec_tests/conformance (language-feature test) unless std-module-shaped
nova_tests/plan103_9/onceguard_abort_path.nv	MIGRATE	PASS	compiles+passes; target spec_tests/conformance (language-feature test) unless std-module-shaped
nova_tests/plan103_9/onceguard_commit_path.nv	MIGRATE	PASS	compiles+passes; target spec_tests/conformance (language-feature test) unless std-module-shaped
nova_tests/plan103_9/permit_balanced_prop.nv	MIGRATE	PASS	compiles+passes; target spec_tests/conformance (language-feature test) unless std-module-shaped
nova_tests/plan103_9/permit_release_explicit.nv	MIGRATE	PASS	compiles+passes; target spec_tests/conformance (language-feature test) unless std-module-shaped
nova_tests/plan103_9/readguard_writeguard_separated.nv	MIGRATE	PASS	compiles+passes; target spec_tests/conformance (language-feature test) unless std-module-shaped
nova_tests/plan104_7_grammar/neg/neg_priv_field_access.nv	MIGRATE	PASS	compiles+passes; target spec_tests/conformance (language-feature test) unless std-module-shaped
nova_tests/plan104_7_grammar/pos_extern_c_fn.nv	STALE	CODEGEN-FAIL	CODEGEN-FAIL: D:\Sources\nv-lang\nova-198\nova_tests/plan104_7_grammar\pos_extern_c_fn.nv:23:12: error: [E_UNSAFE_UNUSED] `unsafe {{ }}` block contains no operation that requires unsafe context (D216 §21 map: `raw &x...
nova_tests/plan104_7_grammar/pos_pointer_type.nv	STALE	CODEGEN-FAIL	CODEGEN-FAIL: D:\Sources\nv-lang\nova-198\nova_tests/plan104_7_grammar\pos_extern_c_fn.nv:23:12: error: [E_UNSAFE_UNUSED] `unsafe {{ }}` block contains no operation that requires unsafe context (D216 §21 map: `raw &x...
nova_tests/plan104_7_grammar/pos_priv_field_basic.nv	STALE	CODEGEN-FAIL	CODEGEN-FAIL: D:\Sources\nv-lang\nova-198\nova_tests/plan104_7_grammar\pos_extern_c_fn.nv:23:12: error: [E_UNSAFE_UNUSED] `unsafe {{ }}` block contains no operation that requires unsafe context (D216 §21 map: `raw &x...
nova_tests/plan104_7_grammar/pos_priv_type_basic.nv	STALE	CODEGEN-FAIL	CODEGEN-FAIL: D:\Sources\nv-lang\nova-198\nova_tests/plan104_7_grammar\pos_extern_c_fn.nv:23:12: error: [E_UNSAFE_UNUSED] `unsafe {{ }}` block contains no operation that requires unsafe context (D216 §21 map: `raw &x...
nova_tests/plan104_9/neg/neg_int_abs_removed.nv	MIGRATE	PASS	compiles+passes; target spec_tests/conformance (language-feature test) unless std-module-shaped
nova_tests/plan104_9/neg/neg_let_keyword_removed.nv	MIGRATE	PASS	compiles+passes; target spec_tests/conformance (language-feature test) unless std-module-shaped
nova_tests/plan104_9/neg/neg_str_len_removed.nv	MIGRATE	PASS	compiles+passes; target spec_tests/conformance (language-feature test) unless std-module-shaped
nova_tests/plan104_9/pos_current_keywords_compile.nv	MIGRATE	PASS	compiles+passes; target spec_tests/conformance (language-feature test) unless std-module-shaped
nova_tests/plan104_9/pos_f64_methods_accurate.nv	MIGRATE	PASS	compiles+passes; target spec_tests/conformance (language-feature test) unless std-module-shaped
nova_tests/plan104_9/pos_former_keywords_are_identifiers.nv	MIGRATE	PASS	compiles+passes; target spec_tests/conformance (language-feature test) unless std-module-shaped
nova_tests/plan104_9/pos_hover_prelude_calls_in_fn.nv	MIGRATE	PASS	compiles+passes; target spec_tests/conformance (language-feature test) unless std-module-shaped
nova_tests/plan104_9/pos_hover_prelude_calls_in_test.nv	MIGRATE	PASS	compiles+passes; target spec_tests/conformance (language-feature test) unless std-module-shaped
nova_tests/plan104_9/pos_int_methods_accurate.nv	MIGRATE	PASS	compiles+passes; target spec_tests/conformance (language-feature test) unless std-module-shaped
nova_tests/plan104_9/pos_prelude_types_accurate.nv	MIGRATE	PASS	compiles+passes; target spec_tests/conformance (language-feature test) unless std-module-shaped
nova_tests/plan104_9/pos_ro_mut_bindings.nv	MIGRATE	PASS	compiles+passes; target spec_tests/conformance (language-feature test) unless std-module-shaped
nova_tests/plan104_9/pos_str_methods_accurate.nv	MIGRATE	PASS	compiles+passes; target spec_tests/conformance (language-feature test) unless std-module-shaped
nova_tests/plan106/guard_neg_undef.nv	MIGRATE	PASS	compiles+passes; target spec_tests/conformance (language-feature test) unless std-module-shaped
nova_tests/plan106/guard_ok_basic.nv	MIGRATE	PASS	compiles+passes; target spec_tests/conformance (language-feature test) unless std-module-shaped
nova_tests/plan106/guard_ok_ro.nv	STALE	CC-FAIL	CC-FAIL: D:\Sources\nv-lang\nova-198\nova_tests/plan106\guard_ok_ro.c:6984:6: error: use of undeclared identifier '_nv_if_let_662' | D:\Sources\nv-lang\nova-198\nova_tests/plan106\guard_ok_ro.c:6988:13: error: use of ...
nova_tests/plan106/neg_guard_ro_assign.nv	MIGRATE	PASS	compiles+passes; target spec_tests/conformance (language-feature test) unless std-module-shaped
nova_tests/plan106/neg_guard_unknown_var.nv	MIGRATE	PASS	compiles+passes; target spec_tests/conformance (language-feature test) unless std-module-shaped
nova_tests/plan106/neg_guard_var_not_in_scope.nv	MIGRATE	PASS	compiles+passes; target spec_tests/conformance (language-feature test) unless std-module-shaped
nova_tests/plan106/pos_basic_guard.nv	MIGRATE	PASS	compiles+passes; target spec_tests/conformance (language-feature test) unless std-module-shaped
nova_tests/plan106/pos_else_with_guard.nv	MIGRATE	PASS	compiles+passes; target spec_tests/conformance (language-feature test) unless std-module-shaped
nova_tests/plan106/pos_guard_complex.nv	MIGRATE	PASS	compiles+passes; target spec_tests/conformance (language-feature test) unless std-module-shaped
nova_tests/plan106/pos_guard_false.nv	MIGRATE	PASS	compiles+passes; target spec_tests/conformance (language-feature test) unless std-module-shaped
nova_tests/plan106/pos_no_guard_still_works.nv	MIGRATE	PASS	compiles+passes; target spec_tests/conformance (language-feature test) unless std-module-shaped
nova_tests/plan106/pos_ro_guard.nv	MIGRATE	PASS	compiles+passes; target spec_tests/conformance (language-feature test) unless std-module-shaped
nova_tests/plan106/pos_while_guard.nv	MIGRATE	PASS	compiles+passes; target spec_tests/conformance (language-feature test) unless std-module-shaped
nova_tests/plan107/allow_shadow_attr.nv	MIGRATE	PASS	compiles+passes; target spec_tests/conformance (language-feature test) unless std-module-shaped
nova_tests/plan107/folder_no_prelude_inherited/_module.nv	N/A-support	NORESULT	support/library file — no independent test unit (imported by sibling test in same dir tree)
nova_tests/plan107/folder_no_prelude_inherited/peer.nv	STALE	NEG-NO-ERROR	NEG-NO-ERROR: expected `// EXPECT_COMPILE_ERROR undefined identifier `assert`` but codegen succeeded
nova_tests/plan107/no_prelude_attr.nv	MIGRATE	SKIP	z3-backend-gated (skipped under trivial-backend run): no test blocks and no fn main() — nothing to link/run (compiled OK)
nova_tests/plan107/no_prelude_explicit_import_attr.nv	MIGRATE	PASS	compiles+passes; target spec_tests/conformance (language-feature test) unless std-module-shaped
nova_tests/plan107/prelude_core_attr.nv	MIGRATE	PASS	compiles+passes; target spec_tests/conformance (language-feature test) unless std-module-shaped
nova_tests/plan107/prelude_multi_attr.nv	STALE	CODEGEN-FAIL	CODEGEN-FAIL: \\?\D:\Sources\nv-lang\nova-198\std\prelude\errors.nv:242:8: error: [E7320] no field or method `starts_with` on type `str`
nova_tests/plan108/neg/plan108_1_consume_mut_conflict_neg.nv	MIGRATE	PASS	compiles+passes; target spec_tests/conformance (language-feature test) unless std-module-shaped
nova_tests/plan108/neg/plan108_1_mut_consume_conflict_neg.nv	MIGRATE	PASS	compiles+passes; target spec_tests/conformance (language-feature test) unless std-module-shaped
nova_tests/plan108/neg/plan108_1_mut_readonly_conflict_neg.nv	MIGRATE	PASS	compiles+passes; target spec_tests/conformance (language-feature test) unless std-module-shaped
nova_tests/plan108/neg/plan108_1_nomut_array_push_neg.nv	MIGRATE	PASS	compiles+passes; target spec_tests/conformance (language-feature test) unless std-module-shaped
nova_tests/plan108/neg/plan108_1_nomut_hashmap_insert_neg.nv	MIGRATE	PASS	compiles+passes; target spec_tests/conformance (language-feature test) unless std-module-shaped
nova_tests/plan108/neg/plan108_1_nomut_stringbuilder_append_neg.nv	MIGRATE	PASS	compiles+passes; target spec_tests/conformance (language-feature test) unless std-module-shaped
nova_tests/plan108/neg/plan108_1_readonly_explicit_push_neg.nv	STALE	NEG-WRONG-MSG	NEG-WRONG-MSG: expected pattern 'E_PARAM_NOT_MUT' not found in: D:\Sources\nv-lang\nova-198\nova_tests/plan108\neg\plan108_1_readonly_explicit_push_neg.nv:8:17: error: [E_REDUNDANT_PAR
nova_tests/plan108/neg/plan108_1_readonly_mut_conflict_neg.nv	MIGRATE	PASS	compiles+passes; target spec_tests/conformance (language-feature test) unless std-module-shaped
nova_tests/plan108/neg/plan108_2_let_nomut_array_push_neg.nv	STALE	NEG-NO-ERROR	NEG-NO-ERROR: expected `// EXPECT_COMPILE_ERROR E_LOCAL_NOT_MUT` but codegen succeeded
nova_tests/plan108/neg/plan108_2_let_nomut_clear_neg.nv	STALE	NEG-NO-ERROR	NEG-NO-ERROR: expected `// EXPECT_COMPILE_ERROR E_LOCAL_NOT_MUT` but codegen succeeded
nova_tests/plan108/neg/plan108_2_let_nomut_pop_neg.nv	STALE	NEG-NO-ERROR	NEG-NO-ERROR: expected `// EXPECT_COMPILE_ERROR E_LOCAL_NOT_MUT` but codegen succeeded
nova_tests/plan108/neg/plan108_2_let_nomut_stringbuilder_neg.nv	MIGRATE	PASS	compiles+passes; target spec_tests/conformance (language-feature test) unless std-module-shaped
nova_tests/plan108/neg/plan108_2_let_nomut_truncate_neg.nv	STALE	NEG-NO-ERROR	NEG-NO-ERROR: expected `// EXPECT_COMPILE_ERROR E_LOCAL_NOT_MUT` but codegen succeeded
nova_tests/plan108/neg/plan108_2_let_nomut_user_mut_method_neg.nv	MIGRATE	PASS	compiles+passes; target spec_tests/conformance (language-feature test) unless std-module-shaped
nova_tests/plan108/neg/plan108_3_for_default_clear_neg.nv	MIGRATE	PASS	compiles+passes; target spec_tests/conformance (language-feature test) unless std-module-shaped
nova_tests/plan108/neg/plan108_3_for_no_mut_push_neg.nv	MIGRATE	PASS	compiles+passes; target spec_tests/conformance (language-feature test) unless std-module-shaped
nova_tests/plan108/neg/plan108_3_mut_wildcard_neg.nv	MIGRATE	PASS	compiles+passes; target spec_tests/conformance (language-feature test) unless std-module-shaped
nova_tests/plan108/neg/plan108_3_pattern_b_immut_push_neg.nv	MIGRATE	PASS	compiles+passes; target spec_tests/conformance (language-feature test) unless std-module-shaped
nova_tests/plan108/neg/readonly_field_neg_test.nv	MIGRATE	PASS	compiles+passes; target spec_tests/conformance (language-feature test) unless std-module-shaped
nova_tests/plan108/neg/readonly_index_neg_test.nv	MIGRATE	PASS	compiles+passes; target spec_tests/conformance (language-feature test) unless std-module-shaped
nova_tests/plan108/plan108_1_consume_implies_mut_ok.nv	STALE	CODEGEN-FAIL	CODEGEN-FAIL: import resolution: in entry-folder peer 'nova_tests.plan108' (D:\Sources\nv-lang\nova-198\nova_tests/plan108\plan108_1_multi_param_mixed_modifiers_ok.nv): 6:28: [E_REDUNDANT_PARAM_RO] explicit `ro` on a ...
nova_tests/plan108/plan108_1_multi_param_mixed_modifiers_ok.nv	STALE	CODEGEN-FAIL	CODEGEN-FAIL: import resolution: in entry-folder peer 'nova_tests.plan108' (D:\Sources\nv-lang\nova-198\nova_tests/plan108\plan108_1_multi_param_mixed_modifiers_ok.nv): 6:28: [E_REDUNDANT_PARAM_RO] explicit `ro` on a ...
nova_tests/plan108/plan108_1_mut_param_array_push_ok.nv	STALE	CODEGEN-FAIL	CODEGEN-FAIL: import resolution: in entry-folder peer 'nova_tests.plan108' (D:\Sources\nv-lang\nova-198\nova_tests/plan108\plan108_1_multi_param_mixed_modifiers_ok.nv): 6:28: [E_REDUNDANT_PARAM_RO] explicit `ro` on a ...
nova_tests/plan108/plan108_1_mut_param_stringbuilder_ok.nv	STALE	CODEGEN-FAIL	CODEGEN-FAIL: import resolution: in entry-folder peer 'nova_tests.plan108' (D:\Sources\nv-lang\nova-198\nova_tests/plan108\plan108_1_multi_param_mixed_modifiers_ok.nv): 6:28: [E_REDUNDANT_PARAM_RO] explicit `ro` on a ...
nova_tests/plan108/plan108_1_mut_param_user_record_ok.nv	STALE	CODEGEN-FAIL	CODEGEN-FAIL: import resolution: in entry-folder peer 'nova_tests.plan108' (D:\Sources\nv-lang\nova-198\nova_tests/plan108\plan108_1_multi_param_mixed_modifiers_ok.nv): 6:28: [E_REDUNDANT_PARAM_RO] explicit `ro` on a ...
nova_tests/plan108/plan108_1_param_mut_count_invariant_prop.nv	STALE	CODEGEN-FAIL	CODEGEN-FAIL: import resolution: in entry-folder peer 'nova_tests.plan108' (D:\Sources\nv-lang\nova-198\nova_tests/plan108\plan108_1_multi_param_mixed_modifiers_ok.nv): 6:28: [E_REDUNDANT_PARAM_RO] explicit `ro` on a ...
nova_tests/plan108/plan108_1_readonly_param_explicit_ok.nv	STALE	CODEGEN-FAIL	CODEGEN-FAIL: import resolution: in entry-folder peer 'nova_tests.plan108' (D:\Sources\nv-lang\nova-198\nova_tests/plan108\plan108_1_multi_param_mixed_modifiers_ok.nv): 6:28: [E_REDUNDANT_PARAM_RO] explicit `ro` on a ...
nova_tests/plan108/plan108_1_readonly_param_synonym_default_ok.nv	STALE	CODEGEN-FAIL	CODEGEN-FAIL: import resolution: in entry-folder peer 'nova_tests.plan108' (D:\Sources\nv-lang\nova-198\nova_tests/plan108\plan108_1_multi_param_mixed_modifiers_ok.nv): 6:28: [E_REDUNDANT_PARAM_RO] explicit `ro` on a ...
nova_tests/plan108/plan108_2_consume_implies_mut_ok.nv	STALE	CODEGEN-FAIL	CODEGEN-FAIL: import resolution: in entry-folder peer 'nova_tests.plan108' (D:\Sources\nv-lang\nova-198\nova_tests/plan108\plan108_1_multi_param_mixed_modifiers_ok.nv): 6:28: [E_REDUNDANT_PARAM_RO] explicit `ro` on a ...
nova_tests/plan108/plan108_2_let_mut_array_push_ok.nv	STALE	CODEGEN-FAIL	CODEGEN-FAIL: import resolution: in entry-folder peer 'nova_tests.plan108' (D:\Sources\nv-lang\nova-198\nova_tests/plan108\plan108_1_multi_param_mixed_modifiers_ok.nv): 6:28: [E_REDUNDANT_PARAM_RO] explicit `ro` on a ...
nova_tests/plan108/plan108_2_let_mut_count_invariant_prop.nv	STALE	CODEGEN-FAIL	CODEGEN-FAIL: import resolution: in entry-folder peer 'nova_tests.plan108' (D:\Sources\nv-lang\nova-198\nova_tests/plan108\plan108_1_multi_param_mixed_modifiers_ok.nv): 6:28: [E_REDUNDANT_PARAM_RO] explicit `ro` on a ...
nova_tests/plan108/plan108_2_let_mut_stringbuilder_ok.nv	STALE	CODEGEN-FAIL	CODEGEN-FAIL: import resolution: in entry-folder peer 'nova_tests.plan108' (D:\Sources\nv-lang\nova-198\nova_tests/plan108\plan108_1_multi_param_mixed_modifiers_ok.nv): 6:28: [E_REDUNDANT_PARAM_RO] explicit `ro` on a ...
nova_tests/plan108/plan108_2_let_mut_user_record_ok.nv	STALE	CODEGEN-FAIL	CODEGEN-FAIL: import resolution: in entry-folder peer 'nova_tests.plan108' (D:\Sources\nv-lang\nova-198\nova_tests/plan108\plan108_1_multi_param_mixed_modifiers_ok.nv): 6:28: [E_REDUNDANT_PARAM_RO] explicit `ro` on a ...
nova_tests/plan108/plan108_2_let_no_mut_read_ok.nv	STALE	CODEGEN-FAIL	CODEGEN-FAIL: import resolution: in entry-folder peer 'nova_tests.plan108' (D:\Sources\nv-lang\nova-198\nova_tests/plan108\plan108_1_multi_param_mixed_modifiers_ok.nv): 6:28: [E_REDUNDANT_PARAM_RO] explicit `ro` on a ...
nova_tests/plan108/plan108_2_nested_let_mut_ok.nv	STALE	CODEGEN-FAIL	CODEGEN-FAIL: import resolution: in entry-folder peer 'nova_tests.plan108' (D:\Sources\nv-lang\nova-198\nova_tests/plan108\plan108_1_multi_param_mixed_modifiers_ok.nv): 6:28: [E_REDUNDANT_PARAM_RO] explicit `ro` on a ...
nova_tests/plan108/plan108_3_for_consume_implies_mut_ok.nv	STALE	CODEGEN-FAIL	CODEGEN-FAIL: import resolution: in entry-folder peer 'nova_tests.plan108' (D:\Sources\nv-lang\nova-198\nova_tests/plan108\plan108_1_multi_param_mixed_modifiers_ok.nv): 6:28: [E_REDUNDANT_PARAM_RO] explicit `ro` on a ...
nova_tests/plan108/plan108_3_for_default_readonly_ok.nv	STALE	CODEGEN-FAIL	CODEGEN-FAIL: import resolution: in entry-folder peer 'nova_tests.plan108' (D:\Sources\nv-lang\nova-198\nova_tests/plan108\plan108_1_multi_param_mixed_modifiers_ok.nv): 6:28: [E_REDUNDANT_PARAM_RO] explicit `ro` on a ...
nova_tests/plan108/plan108_3_for_mut_loop_var_ok.nv	STALE	CODEGEN-FAIL	CODEGEN-FAIL: import resolution: in entry-folder peer 'nova_tests.plan108' (D:\Sources\nv-lang\nova-198\nova_tests/plan108\plan108_1_multi_param_mixed_modifiers_ok.nv): 6:28: [E_REDUNDANT_PARAM_RO] explicit `ro` on a ...
nova_tests/plan108/plan108_3_group_mut_array_pattern_neg.nv	STALE	CODEGEN-FAIL	CODEGEN-FAIL: import resolution: in entry-folder peer 'nova_tests.plan108' (D:\Sources\nv-lang\nova-198\nova_tests/plan108\plan108_1_multi_param_mixed_modifiers_ok.nv): 6:28: [E_REDUNDANT_PARAM_RO] explicit `ro` on a ...
nova_tests/plan108/plan108_3_group_mut_pattern_record_neg.nv	STALE	CODEGEN-FAIL	CODEGEN-FAIL: import resolution: in entry-folder peer 'nova_tests.plan108' (D:\Sources\nv-lang\nova-198\nova_tests/plan108\plan108_1_multi_param_mixed_modifiers_ok.nv): 6:28: [E_REDUNDANT_PARAM_RO] explicit `ro` on a ...
nova_tests/plan108/plan108_3_group_mut_pattern_tuple_neg.nv	STALE	CODEGEN-FAIL	CODEGEN-FAIL: import resolution: in entry-folder peer 'nova_tests.plan108' (D:\Sources\nv-lang\nova-198\nova_tests/plan108\plan108_1_multi_param_mixed_modifiers_ok.nv): 6:28: [E_REDUNDANT_PARAM_RO] explicit `ro` on a ...
nova_tests/plan108/plan108_3_loop_mut_invariant_prop.nv	STALE	CODEGEN-FAIL	CODEGEN-FAIL: import resolution: in entry-folder peer 'nova_tests.plan108' (D:\Sources\nv-lang\nova-198\nova_tests/plan108\plan108_1_multi_param_mixed_modifiers_ok.nv): 6:28: [E_REDUNDANT_PARAM_RO] explicit `ro` on a ...
nova_tests/plan108/plan108_3_nested_for_mut_ok.nv	STALE	CODEGEN-FAIL	CODEGEN-FAIL: import resolution: in entry-folder peer 'nova_tests.plan108' (D:\Sources\nv-lang\nova-198\nova_tests/plan108\plan108_1_multi_param_mixed_modifiers_ok.nv): 6:28: [E_REDUNDANT_PARAM_RO] explicit `ro` on a ...
nova_tests/plan108/plan108_3_pattern_default_readonly_ok.nv	STALE	CODEGEN-FAIL	CODEGEN-FAIL: import resolution: in entry-folder peer 'nova_tests.plan108' (D:\Sources\nv-lang\nova-198\nova_tests/plan108\plan108_1_multi_param_mixed_modifiers_ok.nv): 6:28: [E_REDUNDANT_PARAM_RO] explicit `ro` on a ...
nova_tests/plan108/plan108_3_pattern_per_name_mut_ok.nv	STALE	CODEGEN-FAIL	CODEGEN-FAIL: import resolution: in entry-folder peer 'nova_tests.plan108' (D:\Sources\nv-lang\nova-198\nova_tests/plan108\plan108_1_multi_param_mixed_modifiers_ok.nv): 6:28: [E_REDUNDANT_PARAM_RO] explicit `ro` on a ...
nova_tests/plan108/readonly_field_test.nv	STALE	CODEGEN-FAIL	CODEGEN-FAIL: import resolution: in entry-folder peer 'nova_tests.plan108' (D:\Sources\nv-lang\nova-198\nova_tests/plan108\plan108_1_multi_param_mixed_modifiers_ok.nv): 6:28: [E_REDUNDANT_PARAM_RO] explicit `ro` on a ...
nova_tests/plan108/readonly_type_test.nv	STALE	CODEGEN-FAIL	CODEGEN-FAIL: import resolution: in entry-folder peer 'nova_tests.plan108' (D:\Sources\nv-lang\nova-198\nova_tests/plan108\plan108_1_multi_param_mixed_modifiers_ok.nv): 6:28: [E_REDUNDANT_PARAM_RO] explicit `ro` on a ...
nova_tests/plan108/str_as_bytes_test.nv	STALE	CODEGEN-FAIL	CODEGEN-FAIL: import resolution: in entry-folder peer 'nova_tests.plan108' (D:\Sources\nv-lang\nova-198\nova_tests/plan108\plan108_1_multi_param_mixed_modifiers_ok.nv): 6:28: [E_REDUNDANT_PARAM_RO] explicit `ro` on a ...
nova_tests/plan108_4/neg/neg_consume_for_mut.nv	MIGRATE	PASS	compiles+passes; target spec_tests/conformance (language-feature test) unless std-module-shaped
nova_tests/plan108_4/neg/neg_method_needs_at.nv	MIGRATE	PASS	compiles+passes; target spec_tests/conformance (language-feature test) unless std-module-shaped
nova_tests/plan108_4/neg/neg_mod_conflict_mut_consume.nv	MIGRATE	PASS	compiles+passes; target spec_tests/conformance (language-feature test) unless std-module-shaped
nova_tests/plan108_4/neg/neg_mut_for_consume.nv	MIGRATE	PASS	compiles+passes; target spec_tests/conformance (language-feature test) unless std-module-shaped
nova_tests/plan108_4/neg/neg_mut_for_ro.nv	MIGRATE	PASS	compiles+passes; target spec_tests/conformance (language-feature test) unless std-module-shaped
nova_tests/plan108_4/neg/neg_ro_for_mut.nv	MIGRATE	PASS	compiles+passes; target spec_tests/conformance (language-feature test) unless std-module-shaped
nova_tests/plan108_4/pos_consume_close_match.nv	STALE	CODEGEN-FAIL	CODEGEN-FAIL: \\?\D:\Sources\nv-lang\nova-198\nova_tests\plan108_4\pos_receiver_at_parse.nv:49:12: error: [E7320] no field or method `fmt` on type `Counter108b`
nova_tests/plan108_4/pos_default_ro_match.nv	STALE	CODEGEN-FAIL	CODEGEN-FAIL: \\?\D:\Sources\nv-lang\nova-198\nova_tests\plan108_4\pos_receiver_at_parse.nv:49:12: error: [E7320] no field or method `fmt` on type `Counter108b`
nova_tests/plan108_4/pos_impl_annotation_match.nv	STALE	CODEGEN-FAIL	CODEGEN-FAIL: \\?\D:\Sources\nv-lang\nova-198\nova_tests\plan108_4\pos_receiver_at_parse.nv:49:12: error: [E7320] no field or method `fmt` on type `Counter108b`
nova_tests/plan108_4/pos_mut_next_match.nv	STALE	CODEGEN-FAIL	CODEGEN-FAIL: \\?\D:\Sources\nv-lang\nova-198\nova_tests\plan108_4\pos_receiver_at_parse.nv:49:12: error: [E7320] no field or method `fmt` on type `Counter108b`
nova_tests/plan108_4/pos_receiver_at_parse.nv	STALE	CODEGEN-FAIL	CODEGEN-FAIL: \\?\D:\Sources\nv-lang\nova-198\nova_tests\plan108_4\pos_receiver_at_parse.nv:49:12: error: [E7320] no field or method `fmt` on type `Counter108b`
nova_tests/plan108_4/pos_recv_mut_match.nv	STALE	CODEGEN-FAIL	CODEGEN-FAIL: \\?\D:\Sources\nv-lang\nova-198\nova_tests\plan108_4\pos_receiver_at_parse.nv:49:12: error: [E7320] no field or method `fmt` on type `Counter108b`
nova_tests/plan108_4/pos_ro_hash_match.nv	STALE	CODEGEN-FAIL	CODEGEN-FAIL: \\?\D:\Sources\nv-lang\nova-198\nova_tests\plan108_4\pos_receiver_at_parse.nv:49:12: error: [E7320] no field or method `fmt` on type `Counter108b`
nova_tests/plan110/app_effect_basic_t8_1.nv	MIGRATE	PASS	compiles+passes; target spec_tests/conformance (language-feature test) unless std-module-shaped
nova_tests/plan110/application_cross_fiber_t8_7.nv	MIGRATE	PASS	compiles+passes; target spec_tests/conformance (language-feature test) unless std-module-shaped
nova_tests/plan110/cancel_safe_attr_parses.nv	MIGRATE	PASS	compiles+passes; target spec_tests/conformance (language-feature test) unless std-module-shaped
nova_tests/plan110/check_consume_never_no_fail_required.nv	MIGRATE	PASS	compiles+passes; target spec_tests/conformance (language-feature test) unless std-module-shaped
nova_tests/plan110/check_consume_unwrap_form.nv	MIGRATE	PASS	compiles+passes; target spec_tests/conformance (language-feature test) unless std-module-shaped
nova_tests/plan110/cleanup_effect_dispatch_t7_1.nv	MIGRATE	PASS	compiles+passes; target spec_tests/conformance (language-feature test) unless std-module-shaped
nova_tests/plan110/codegen_consume_init_only.nv	MIGRATE	PASS	compiles+passes; target spec_tests/conformance (language-feature test) unless std-module-shaped
nova_tests/plan110/codegen_consume_panic_caught.nv	MIGRATE	PASS	compiles+passes; target spec_tests/conformance (language-feature test) unless std-module-shaped
nova_tests/plan110/codegen_consume_throw_caught.nv	MIGRATE	PASS	compiles+passes; target spec_tests/conformance (language-feature test) unless std-module-shaped
nova_tests/plan110/codegen_mixed_defer_consume.nv	MIGRATE	PASS	compiles+passes; target spec_tests/conformance (language-feature test) unless std-module-shaped
nova_tests/plan110/codegen_nested_lifo.nv	MIGRATE	PASS	compiles+passes; target spec_tests/conformance (language-feature test) unless std-module-shaped
nova_tests/plan110/codegen_on_exit_throws_t2_1.nv	MIGRATE	PASS	compiles+passes; target spec_tests/conformance (language-feature test) unless std-module-shaped
nova_tests/plan110/codegen_partial_construction_d188_r1.nv	MIGRATE	PASS	compiles+passes; target spec_tests/conformance (language-feature test) unless std-module-shaped
nova_tests/plan110/codegen_realtime_bypass_d198.nv	MIGRATE	PASS	compiles+passes; target spec_tests/conformance (language-feature test) unless std-module-shaped
nova_tests/plan110/codegen_reentrance_d197.nv	MIGRATE	PASS	compiles+passes; target spec_tests/conformance (language-feature test) unless std-module-shaped
nova_tests/plan110/codegen_typed_error_dispatch_t2_11.nv	MIGRATE	PASS	compiles+passes; target spec_tests/conformance (language-feature test) unless std-module-shaped
nova_tests/plan110/deadline_fire_e2e_v1_1.nv	MIGRATE	PASS	compiles+passes; target spec_tests/conformance (language-feature test) unless std-module-shaped
nova_tests/plan110/ffi_cancel_safe_no_warning_v1_1.nv	MIGRATE	PASS	compiles+passes; target spec_tests/conformance (language-feature test) unless std-module-shaped
nova_tests/plan110/multierror_api_t6_1.nv	MIGRATE	PASS	compiles+passes; target spec_tests/conformance (language-feature test) unless std-module-shaped
nova_tests/plan110/multierror_compose_depth_t11_7.nv	MIGRATE	PASS	compiles+passes; target spec_tests/conformance (language-feature test) unless std-module-shaped
nova_tests/plan110/neg/neg_consume_divergent.nv	MIGRATE	PASS	compiles+passes; target spec_tests/conformance (language-feature test) unless std-module-shaped
nova_tests/plan110/neg/neg_consume_manual_on_exit.nv	MIGRATE	PASS	compiles+passes; target spec_tests/conformance (language-feature test) unless std-module-shaped
nova_tests/plan110/neg/neg_consume_not_consumable.nv	MIGRATE	PASS	compiles+passes; target spec_tests/conformance (language-feature test) unless std-module-shaped
nova_tests/plan110/neg/neg_consume_scope_destructure_binding.nv	MIGRATE	PASS	compiles+passes; target spec_tests/conformance (language-feature test) unless std-module-shaped
nova_tests/plan110/neg/neg_consume_scope_mut_binding.nv	MIGRATE	PASS	compiles+passes; target spec_tests/conformance (language-feature test) unless std-module-shaped
nova_tests/plan110/neg/neg_consume_wrapped_no_unwrap.nv	MIGRATE	PASS	compiles+passes; target spec_tests/conformance (language-feature test) unless std-module-shaped
nova_tests/plan110/neg/neg_on_exit_malformed_sig.nv	MIGRATE	PASS	compiles+passes; target spec_tests/conformance (language-feature test) unless std-module-shaped
nova_tests/plan110/neg/neg_on_exit_non_unit_return_v1_1.nv	MIGRATE	PASS	compiles+passes; target spec_tests/conformance (language-feature test) unless std-module-shaped
nova_tests/plan110/neg/neg_self_dot_invalid.nv	MIGRATE	PASS	compiles+passes; target spec_tests/conformance (language-feature test) unless std-module-shaped
nova_tests/plan110/nested_shield_deadline_outer_fire_neg_v1_1.nv	MIGRATE	PASS	compiles+passes; target spec_tests/conformance (language-feature test) unless std-module-shaped
nova_tests/plan110/nested_shield_deadline_restore_v1_1.nv	MIGRATE	PASS	compiles+passes; target spec_tests/conformance (language-feature test) unless std-module-shaped
nova_tests/plan110/on_exit_throws_compose_v1_1.nv	MIGRATE	PASS	compiles+passes; target spec_tests/conformance (language-feature test) unless std-module-shaped
nova_tests/plan110/on_exit_throws_handler_catches_v1_1.nv	MIGRATE	PASS	compiles+passes; target spec_tests/conformance (language-feature test) unless std-module-shaped
nova_tests/plan110/on_exit_throws_nested_deadline_restored_v1_1.nv	MIGRATE	PASS	compiles+passes; target spec_tests/conformance (language-feature test) unless std-module-shaped
nova_tests/plan110/on_exit_throws_shield_restored_v1_1.nv	MIGRATE	PASS	compiles+passes; target spec_tests/conformance (language-feature test) unless std-module-shaped
nova_tests/plan110/parse_consume_raw_no_regression.nv	MIGRATE	PASS	compiles+passes; target spec_tests/conformance (language-feature test) unless std-module-shaped
nova_tests/plan110/parse_consume_scope_basic.nv	MIGRATE	PASS	compiles+passes; target spec_tests/conformance (language-feature test) unless std-module-shaped
nova_tests/plan110/parse_consume_scope_with_type_annot.nv	MIGRATE	PASS	compiles+passes; target spec_tests/conformance (language-feature test) unless std-module-shaped
nova_tests/plan110/racing_cancels_stress_t11_3.nv	MIGRATE	PASS	compiles+passes; target spec_tests/conformance (language-feature test) unless std-module-shaped
nova_tests/plan110/register_finalizer_lifo_v1_1.nv	MIGRATE	PASS	compiles+passes; target spec_tests/conformance (language-feature test) unless std-module-shaped
nova_tests/plan110/shield_basic_mask_t3_1.nv	MIGRATE	PASS	compiles+passes; target spec_tests/conformance (language-feature test) unless std-module-shaped
nova_tests/plan110/shield_deadline_check_t3_2.nv	MIGRATE	PASS	compiles+passes; target spec_tests/conformance (language-feature test) unless std-module-shaped
nova_tests/plan110/stdlib_mutex_consumable.nv	MIGRATE	PASS	compiles+passes; target spec_tests/conformance (language-feature test) unless std-module-shaped
nova_tests/plan110/stress_high_freq_loop_t11_8.nv	MIGRATE	PASS	compiles+passes; target spec_tests/conformance (language-feature test) unless std-module-shaped
nova_tests/plan110/stress_high_freq_loop_t11_8_slow.nv	MIGRATE	PASS	compiles+passes; target spec_tests/conformance (language-feature test) unless std-module-shaped
nova_tests/plan110/stress_nested_10_levels_t11_2.nv	MIGRATE	PASS	compiles+passes; target spec_tests/conformance (language-feature test) unless std-module-shaped
nova_tests/plan110/timeout_application_level2_t3_8.nv	MIGRATE	PASS	compiles+passes; target spec_tests/conformance (language-feature test) unless std-module-shaped
nova_tests/plan110/with_exit_timeout_level1_v1_1.nv	MIGRATE	PASS	compiles+passes; target spec_tests/conformance (language-feature test) unless std-module-shaped
nova_tests/plan110_9_np/compiles_ok.nv	MIGRATE	PASS	compiles+passes; target spec_tests/conformance (language-feature test) unless std-module-shaped
nova_tests/plan110_9_np/prelude_suppressed_neg.nv	MIGRATE	PASS	compiles+passes; target spec_tests/conformance (language-feature test) unless std-module-shaped
nova_tests/plan114/if_pattern_ok.nv	STALE	CODEGEN-FAIL	CODEGEN-FAIL: import resolution: in entry-folder peer 'nova_tests.plan114' (D:\Sources\nv-lang\nova-198\nova_tests/plan114\ro_type_modifier_ok.nv): 6:13: [E_REDUNDANT_PARAM_RO] explicit `ro` on a parameter is redundan...
nova_tests/plan114/mut_binding_ok.nv	STALE	CODEGEN-FAIL	CODEGEN-FAIL: import resolution: in entry-folder peer 'nova_tests.plan114' (D:\Sources\nv-lang\nova-198\nova_tests/plan114\ro_type_modifier_ok.nv): 6:13: [E_REDUNDANT_PARAM_RO] explicit `ro` on a parameter is redundan...
nova_tests/plan114/neg/ambiguous_ident_pattern_neg.nv	MIGRATE	PASS	compiles+passes; target spec_tests/conformance (language-feature test) unless std-module-shaped
nova_tests/plan114/neg/consume_in_condition_neg.nv	MIGRATE	PASS	compiles+passes; target spec_tests/conformance (language-feature test) unless std-module-shaped
nova_tests/plan114/neg/let_removed_neg.nv	MIGRATE	PASS	compiles+passes; target spec_tests/conformance (language-feature test) unless std-module-shaped
nova_tests/plan114/neg/mut_at_module_level_neg.nv	MIGRATE	PASS	compiles+passes; target spec_tests/conformance (language-feature test) unless std-module-shaped
nova_tests/plan114/neg/plan114_4_1_instance_access_neg.nv	MIGRATE	PASS	compiles+passes; target spec_tests/conformance (language-feature test) unless std-module-shaped
nova_tests/plan114/neg/plan114_4_1_literal_includes_assoc_neg.nv	MIGRATE	PASS	compiles+passes; target spec_tests/conformance (language-feature test) unless std-module-shaped
nova_tests/plan114/neg/plan114_4_1_mut_const_conflict_neg.nv	MIGRATE	PASS	compiles+passes; target spec_tests/conformance (language-feature test) unless std-module-shaped
nova_tests/plan114/neg/plan114_4_1_ro_const_redundant_neg.nv	MIGRATE	PASS	compiles+passes; target spec_tests/conformance (language-feature test) unless std-module-shaped
nova_tests/plan114/neg/plan114_4_2_body_effect_in_body_neg.nv	MIGRATE	PASS	compiles+passes; target spec_tests/conformance (language-feature test) unless std-module-shaped
nova_tests/plan114/neg/plan114_4_2_body_first_class_neg.nv	MIGRATE	PASS	compiles+passes; target spec_tests/conformance (language-feature test) unless std-module-shaped
nova_tests/plan114/neg/plan114_4_2_effect_in_signature_neg.nv	MIGRATE	PASS	compiles+passes; target spec_tests/conformance (language-feature test) unless std-module-shaped
nova_tests/plan114/neg/plan114_4_2_eval_div_zero_neg.nv	MIGRATE	PASS	compiles+passes; target spec_tests/conformance (language-feature test) unless std-module-shaped
nova_tests/plan114/neg/plan114_4_2_eval_overflow_neg.nv	MIGRATE	PASS	compiles+passes; target spec_tests/conformance (language-feature test) unless std-module-shaped
nova_tests/plan114/neg/plan114_4_2_external_const_fn_neg.nv	MIGRATE	PASS	compiles+passes; target spec_tests/conformance (language-feature test) unless std-module-shaped
nova_tests/plan114/neg/plan114_4_2_non_const_arg_neg.nv	MIGRATE	PASS	compiles+passes; target spec_tests/conformance (language-feature test) unless std-module-shaped
nova_tests/plan114/neg/plan114_4_2_param_consume_conflict_neg.nv	MIGRATE	PASS	compiles+passes; target spec_tests/conformance (language-feature test) unless std-module-shaped
nova_tests/plan114/neg/plan114_4_2_param_mut_conflict_neg.nv	MIGRATE	PASS	compiles+passes; target spec_tests/conformance (language-feature test) unless std-module-shaped
nova_tests/plan114/neg/plan114_4_3_generic_size_of_neg.nv	MIGRATE	PASS	compiles+passes; target spec_tests/conformance (language-feature test) unless std-module-shaped
nova_tests/plan114/neg/plan114_4_3_match_non_exhaustive_neg.nv	MIGRATE	PASS	compiles+passes; target spec_tests/conformance (language-feature test) unless std-module-shaped
nova_tests/plan114/neg/plan114_4_3_mixed_runtime_arg_to_const_neg.nv	MIGRATE	PASS	compiles+passes; target spec_tests/conformance (language-feature test) unless std-module-shaped
nova_tests/plan114/neg/plan114_4_3_recursion_depth_exceeded_neg.nv	MIGRATE	PASS	compiles+passes; target spec_tests/conformance (language-feature test) unless std-module-shaped
nova_tests/plan114/neg/plan114_4_4_closure_from_const_fn_arity_neg.nv	MIGRATE	PASS	compiles+passes; target spec_tests/conformance (language-feature test) unless std-module-shaped
nova_tests/plan114/neg/plan114_4_4_closure_from_const_fn_first_class_neg.nv	MIGRATE	PASS	compiles+passes; target spec_tests/conformance (language-feature test) unless std-module-shaped
nova_tests/plan114/neg/plan114_4_4_closure_generic_no_turbofish_neg.nv	MIGRATE	PASS	compiles+passes; target spec_tests/conformance (language-feature test) unless std-module-shaped
nova_tests/plan114/neg/plan114_4_4_closure_outer_not_const_neg.nv	MIGRATE	PASS	compiles+passes; target spec_tests/conformance (language-feature test) unless std-module-shaped
nova_tests/plan114/neg/plan114_4_4_depth_default_exceeded_neg.nv	MIGRATE	PASS	compiles+passes; target spec_tests/conformance (language-feature test) unless std-module-shaped
nova_tests/plan114/neg/plan114_4_4_loop_iterations_exceeded_neg.nv	MIGRATE	PASS	compiles+passes; target spec_tests/conformance (language-feature test) unless std-module-shaped
nova_tests/plan114/neg/plan114_4_4_runtime_hof_generic_neg.nv	STALE	NEG-NO-ERROR	NEG-NO-ERROR: expected `// EXPECT_COMPILE_ERROR E_CONST_FN_TRAMPOLINE_GENERIC` but codegen succeeded
nova_tests/plan114/neg/plan114_4_4_trampoline_generic_no_context_neg.nv	MIGRATE	PASS	compiles+passes; target spec_tests/conformance (language-feature test) unless std-module-shaped
nova_tests/plan114/neg/plan114_4_const_fn_call_neg.nv	MIGRATE	PASS	compiles+passes; target spec_tests/conformance (language-feature test) unless std-module-shaped
nova_tests/plan114/neg/plan114_4_const_member_neg.nv	MIGRATE	PASS	compiles+passes; target spec_tests/conformance (language-feature test) unless std-module-shaped
nova_tests/plan114/neg/plan114_4_const_refers_non_const_neg.nv	MIGRATE	PASS	compiles+passes; target spec_tests/conformance (language-feature test) unless std-module-shaped
nova_tests/plan114/neg/plan114_4_scope_const_non_constexpr_neg.nv	MIGRATE	PASS	compiles+passes; target spec_tests/conformance (language-feature test) unless std-module-shaped
nova_tests/plan114/neg/readonly_removed_neg.nv	MIGRATE	PASS	compiles+passes; target spec_tests/conformance (language-feature test) unless std-module-shaped
nova_tests/plan114/plan114_4_1_assoc_const_basic_ok.nv	STALE	CODEGEN-FAIL	CODEGEN-FAIL: import resolution: in entry-folder peer 'nova_tests.plan114' (D:\Sources\nv-lang\nova-198\nova_tests/plan114\ro_type_modifier_ok.nv): 6:13: [E_REDUNDANT_PARAM_RO] explicit `ro` on a parameter is redundan...
nova_tests/plan114/plan114_4_2_const_fn_basic_ok.nv	STALE	CODEGEN-FAIL	CODEGEN-FAIL: import resolution: in entry-folder peer 'nova_tests.plan114' (D:\Sources\nv-lang\nova-198\nova_tests/plan114\ro_type_modifier_ok.nv): 6:13: [E_REDUNDANT_PARAM_RO] explicit `ro` on a parameter is redundan...
nova_tests/plan114/plan114_4_2_const_fn_chain_ok.nv	STALE	CODEGEN-FAIL	CODEGEN-FAIL: import resolution: in entry-folder peer 'nova_tests.plan114' (D:\Sources\nv-lang\nova-198\nova_tests/plan114\ro_type_modifier_ok.nv): 6:13: [E_REDUNDANT_PARAM_RO] explicit `ro` on a parameter is redundan...
nova_tests/plan114/plan114_4_2_const_fn_expr_body_ok.nv	STALE	CODEGEN-FAIL	CODEGEN-FAIL: import resolution: in entry-folder peer 'nova_tests.plan114' (D:\Sources\nv-lang\nova-198\nova_tests/plan114\ro_type_modifier_ok.nv): 6:13: [E_REDUNDANT_PARAM_RO] explicit `ro` on a parameter is redundan...
nova_tests/plan114/plan114_4_2_const_fn_memoization_ok.nv	STALE	CODEGEN-FAIL	CODEGEN-FAIL: import resolution: in entry-folder peer 'nova_tests.plan114' (D:\Sources\nv-lang\nova-198\nova_tests/plan114\ro_type_modifier_ok.nv): 6:13: [E_REDUNDANT_PARAM_RO] explicit `ro` on a parameter is redundan...
nova_tests/plan114/plan114_4_2_const_fn_no_args_ok.nv	STALE	CODEGEN-FAIL	CODEGEN-FAIL: import resolution: in entry-folder peer 'nova_tests.plan114' (D:\Sources\nv-lang\nova-198\nova_tests/plan114\ro_type_modifier_ok.nv): 6:13: [E_REDUNDANT_PARAM_RO] explicit `ro` on a parameter is redundan...
nova_tests/plan114/plan114_4_2_const_fn_used_in_const_ok.nv	STALE	CODEGEN-FAIL	CODEGEN-FAIL: import resolution: in entry-folder peer 'nova_tests.plan114' (D:\Sources\nv-lang\nova-198\nova_tests/plan114\ro_type_modifier_ok.nv): 6:13: [E_REDUNDANT_PARAM_RO] explicit `ro` on a parameter is redundan...
nova_tests/plan114/plan114_4_3_const_param_runtime_ret_ok.nv	STALE	CODEGEN-FAIL	CODEGEN-FAIL: import resolution: in entry-folder peer 'nova_tests.plan114' (D:\Sources\nv-lang\nova-198\nova_tests/plan114\ro_type_modifier_ok.nv): 6:13: [E_REDUNDANT_PARAM_RO] explicit `ro` on a parameter is redundan...
nova_tests/plan114/plan114_4_3_first_class_alias_ok.nv	STALE	CODEGEN-FAIL	CODEGEN-FAIL: import resolution: in entry-folder peer 'nova_tests.plan114' (D:\Sources\nv-lang\nova-198\nova_tests/plan114\ro_type_modifier_ok.nv): 6:13: [E_REDUNDANT_PARAM_RO] explicit `ro` on a parameter is redundan...
nova_tests/plan114/plan114_4_3_generic_const_id_ok.nv	STALE	CODEGEN-FAIL	CODEGEN-FAIL: import resolution: in entry-folder peer 'nova_tests.plan114' (D:\Sources\nv-lang\nova-198\nova_tests/plan114\ro_type_modifier_ok.nv): 6:13: [E_REDUNDANT_PARAM_RO] explicit `ro` on a parameter is redundan...
nova_tests/plan114/plan114_4_3_if_branching_ok.nv	STALE	CODEGEN-FAIL	CODEGEN-FAIL: import resolution: in entry-folder peer 'nova_tests.plan114' (D:\Sources\nv-lang\nova-198\nova_tests/plan114\ro_type_modifier_ok.nv): 6:13: [E_REDUNDANT_PARAM_RO] explicit `ro` on a parameter is redundan...
nova_tests/plan114/plan114_4_3_match_literal_ok.nv	STALE	CODEGEN-FAIL	CODEGEN-FAIL: import resolution: in entry-folder peer 'nova_tests.plan114' (D:\Sources\nv-lang\nova-198\nova_tests/plan114\ro_type_modifier_ok.nv): 6:13: [E_REDUNDANT_PARAM_RO] explicit `ro` on a parameter is redundan...
nova_tests/plan114/plan114_4_3_mixed_const_runtime_ok.nv	STALE	CODEGEN-FAIL	CODEGEN-FAIL: import resolution: in entry-folder peer 'nova_tests.plan114' (D:\Sources\nv-lang\nova-198\nova_tests/plan114\ro_type_modifier_ok.nv): 6:13: [E_REDUNDANT_PARAM_RO] explicit `ro` on a parameter is redundan...
nova_tests/plan114/plan114_4_3_nested_if_ok.nv	STALE	CODEGEN-FAIL	CODEGEN-FAIL: import resolution: in entry-folder peer 'nova_tests.plan114' (D:\Sources\nv-lang\nova-198\nova_tests/plan114\ro_type_modifier_ok.nv): 6:13: [E_REDUNDANT_PARAM_RO] explicit `ro` on a parameter is redundan...
nova_tests/plan114/plan114_4_3_recursion_factorial_ok.nv	STALE	CODEGEN-FAIL	CODEGEN-FAIL: import resolution: in entry-folder peer 'nova_tests.plan114' (D:\Sources\nv-lang\nova-198\nova_tests/plan114\ro_type_modifier_ok.nv): 6:13: [E_REDUNDANT_PARAM_RO] explicit `ro` on a parameter is redundan...
nova_tests/plan114/plan114_4_3_recursion_fibonacci_ok.nv	STALE	CODEGEN-FAIL	CODEGEN-FAIL: import resolution: in entry-folder peer 'nova_tests.plan114' (D:\Sources\nv-lang\nova-198\nova_tests/plan114\ro_type_modifier_ok.nv): 6:13: [E_REDUNDANT_PARAM_RO] explicit `ro` on a parameter is redundan...
nova_tests/plan114/plan114_4_3_recursion_mutual_ok.nv	STALE	CODEGEN-FAIL	CODEGEN-FAIL: import resolution: in entry-folder peer 'nova_tests.plan114' (D:\Sources\nv-lang\nova-198\nova_tests/plan114\ro_type_modifier_ok.nv): 6:13: [E_REDUNDANT_PARAM_RO] explicit `ro` on a parameter is redundan...
nova_tests/plan114/plan114_4_4_closure_from_const_fn_as_hof_ok.nv	STALE	CODEGEN-FAIL	CODEGEN-FAIL: import resolution: in entry-folder peer 'nova_tests.plan114' (D:\Sources\nv-lang\nova-198\nova_tests/plan114\ro_type_modifier_ok.nv): 6:13: [E_REDUNDANT_PARAM_RO] explicit `ro` on a parameter is redundan...
nova_tests/plan114/plan114_4_4_closure_from_const_fn_basic_ok.nv	STALE	CODEGEN-FAIL	CODEGEN-FAIL: import resolution: in entry-folder peer 'nova_tests.plan114' (D:\Sources\nv-lang\nova-198\nova_tests/plan114\ro_type_modifier_ok.nv): 6:13: [E_REDUNDANT_PARAM_RO] explicit `ro` on a parameter is redundan...
nova_tests/plan114/plan114_4_4_closure_from_const_fn_block_body_ok.nv	STALE	CODEGEN-FAIL	CODEGEN-FAIL: import resolution: in entry-folder peer 'nova_tests.plan114' (D:\Sources\nv-lang\nova-198\nova_tests/plan114\ro_type_modifier_ok.nv): 6:13: [E_REDUNDANT_PARAM_RO] explicit `ro` on a parameter is redundan...
nova_tests/plan114/plan114_4_4_closure_from_const_fn_dedup_ok.nv	STALE	CODEGEN-FAIL	CODEGEN-FAIL: import resolution: in entry-folder peer 'nova_tests.plan114' (D:\Sources\nv-lang\nova-198\nova_tests/plan114\ro_type_modifier_ok.nv): 6:13: [E_REDUNDANT_PARAM_RO] explicit `ro` on a parameter is redundan...
nova_tests/plan114/plan114_4_4_closure_generic_const_arg_ok.nv	STALE	CODEGEN-FAIL	CODEGEN-FAIL: import resolution: in entry-folder peer 'nova_tests.plan114' (D:\Sources\nv-lang\nova-198\nova_tests/plan114\ro_type_modifier_ok.nv): 6:13: [E_REDUNDANT_PARAM_RO] explicit `ro` on a parameter is redundan...
nova_tests/plan114/plan114_4_4_closure_generic_hof_inferred_ok.nv	STALE	CODEGEN-FAIL	CODEGEN-FAIL: import resolution: in entry-folder peer 'nova_tests.plan114' (D:\Sources\nv-lang\nova-198\nova_tests/plan114\ro_type_modifier_ok.nv): 6:13: [E_REDUNDANT_PARAM_RO] explicit `ro` on a parameter is redundan...
nova_tests/plan114/plan114_4_4_closure_generic_ok.nv	STALE	CODEGEN-FAIL	CODEGEN-FAIL: import resolution: in entry-folder peer 'nova_tests.plan114' (D:\Sources\nv-lang\nova-198\nova_tests/plan114\ro_type_modifier_ok.nv): 6:13: [E_REDUNDANT_PARAM_RO] explicit `ro` on a parameter is redundan...
nova_tests/plan114/plan114_4_4_closure_generic_tuple_turbofish_ok.nv	STALE	CODEGEN-FAIL	CODEGEN-FAIL: import resolution: in entry-folder peer 'nova_tests.plan114' (D:\Sources\nv-lang\nova-198\nova_tests/plan114\ro_type_modifier_ok.nv): 6:13: [E_REDUNDANT_PARAM_RO] explicit `ro` on a parameter is redundan...
nova_tests/plan114/plan114_4_4_closure_outer_chained_ok.nv	STALE	CODEGEN-FAIL	CODEGEN-FAIL: import resolution: in entry-folder peer 'nova_tests.plan114' (D:\Sources\nv-lang\nova-198\nova_tests/plan114\ro_type_modifier_ok.nv): 6:13: [E_REDUNDANT_PARAM_RO] explicit `ro` on a parameter is redundan...
nova_tests/plan114/plan114_4_4_closure_outer_const_ok.nv	STALE	CODEGEN-FAIL	CODEGEN-FAIL: import resolution: in entry-folder peer 'nova_tests.plan114' (D:\Sources\nv-lang\nova-198\nova_tests/plan114\ro_type_modifier_ok.nv): 6:13: [E_REDUNDANT_PARAM_RO] explicit `ro` on a parameter is redundan...
nova_tests/plan114/plan114_4_4_closure_outer_pipe_ok.nv	STALE	CODEGEN-FAIL	CODEGEN-FAIL: import resolution: in entry-folder peer 'nova_tests.plan114' (D:\Sources\nv-lang\nova-198\nova_tests/plan114\ro_type_modifier_ok.nv): 6:13: [E_REDUNDANT_PARAM_RO] explicit `ro` on a parameter is redundan...
nova_tests/plan114/plan114_4_4_depth_override_ok.nv	STALE	CODEGEN-FAIL	CODEGEN-FAIL: import resolution: in entry-folder peer 'nova_tests.plan114' (D:\Sources\nv-lang\nova-198\nova_tests/plan114\ro_type_modifier_ok.nv): 6:13: [E_REDUNDANT_PARAM_RO] explicit `ro` on a parameter is redundan...
nova_tests/plan114/plan114_4_4_loop_break_continue_ok.nv	STALE	CODEGEN-FAIL	CODEGEN-FAIL: import resolution: in entry-folder peer 'nova_tests.plan114' (D:\Sources\nv-lang\nova-198\nova_tests/plan114\ro_type_modifier_ok.nv): 6:13: [E_REDUNDANT_PARAM_RO] explicit `ro` on a parameter is redundan...
nova_tests/plan114/plan114_4_4_loop_for_accumulator_ok.nv	STALE	CODEGEN-FAIL	CODEGEN-FAIL: import resolution: in entry-folder peer 'nova_tests.plan114' (D:\Sources\nv-lang\nova-198\nova_tests/plan114\ro_type_modifier_ok.nv): 6:13: [E_REDUNDANT_PARAM_RO] explicit `ro` on a parameter is redundan...
nova_tests/plan114/plan114_4_4_loop_while_ok.nv	STALE	CODEGEN-FAIL	CODEGEN-FAIL: import resolution: in entry-folder peer 'nova_tests.plan114' (D:\Sources\nv-lang\nova-198\nova_tests/plan114\ro_type_modifier_ok.nv): 6:13: [E_REDUNDANT_PARAM_RO] explicit `ro` on a parameter is redundan...
nova_tests/plan114/plan114_4_4_mono_specialization_ok.nv	STALE	CODEGEN-FAIL	CODEGEN-FAIL: import resolution: in entry-folder peer 'nova_tests.plan114' (D:\Sources\nv-lang\nova-198\nova_tests/plan114\ro_type_modifier_ok.nv): 6:13: [E_REDUNDANT_PARAM_RO] explicit `ro` on a parameter is redundan...
nova_tests/plan114/plan114_4_4_pattern_tuple_ok.nv	STALE	CODEGEN-FAIL	CODEGEN-FAIL: import resolution: in entry-folder peer 'nova_tests.plan114' (D:\Sources\nv-lang\nova-198\nova_tests/plan114\ro_type_modifier_ok.nv): 6:13: [E_REDUNDANT_PARAM_RO] explicit `ro` on a parameter is redundan...
nova_tests/plan114/plan114_4_4_pattern_variant_ok.nv	STALE	CODEGEN-FAIL	CODEGEN-FAIL: import resolution: in entry-folder peer 'nova_tests.plan114' (D:\Sources\nv-lang\nova-198\nova_tests/plan114\ro_type_modifier_ok.nv): 6:13: [E_REDUNDANT_PARAM_RO] explicit `ro` on a parameter is redundan...
nova_tests/plan114/plan114_4_4_runtime_hof_alias_ok.nv	STALE	CODEGEN-FAIL	CODEGEN-FAIL: import resolution: in entry-folder peer 'nova_tests.plan114' (D:\Sources\nv-lang\nova-198\nova_tests/plan114\ro_type_modifier_ok.nv): 6:13: [E_REDUNDANT_PARAM_RO] explicit `ro` on a parameter is redundan...
nova_tests/plan114/plan114_4_4_runtime_hof_arg_ok.nv	STALE	CODEGEN-FAIL	CODEGEN-FAIL: import resolution: in entry-folder peer 'nova_tests.plan114' (D:\Sources\nv-lang\nova-198\nova_tests/plan114\ro_type_modifier_ok.nv): 6:13: [E_REDUNDANT_PARAM_RO] explicit `ro` on a parameter is redundan...
nova_tests/plan114/plan114_4_4_runtime_hof_let_binding_ok.nv	STALE	CODEGEN-FAIL	CODEGEN-FAIL: import resolution: in entry-folder peer 'nova_tests.plan114' (D:\Sources\nv-lang\nova-198\nova_tests/plan114\ro_type_modifier_ok.nv): 6:13: [E_REDUNDANT_PARAM_RO] explicit `ro` on a parameter is redundan...
nova_tests/plan114/plan114_4_4_runtime_hof_recursive_ok.nv	STALE	CODEGEN-FAIL	CODEGEN-FAIL: import resolution: in entry-folder peer 'nova_tests.plan114' (D:\Sources\nv-lang\nova-198\nova_tests/plan114\ro_type_modifier_ok.nv): 6:13: [E_REDUNDANT_PARAM_RO] explicit `ro` on a parameter is redundan...
nova_tests/plan114/plan114_4_4_runtime_hof_transitive_ok.nv	STALE	CODEGEN-FAIL	CODEGEN-FAIL: import resolution: in entry-folder peer 'nova_tests.plan114' (D:\Sources\nv-lang\nova-198\nova_tests/plan114\ro_type_modifier_ok.nv): 6:13: [E_REDUNDANT_PARAM_RO] explicit `ro` on a parameter is redundan...
nova_tests/plan114/plan114_4_4_size_of_fixed_array_ok.nv	STALE	CODEGEN-FAIL	CODEGEN-FAIL: import resolution: in entry-folder peer 'nova_tests.plan114' (D:\Sources\nv-lang\nova-198\nova_tests/plan114\ro_type_modifier_ok.nv): 6:13: [E_REDUNDANT_PARAM_RO] explicit `ro` on a parameter is redundan...
nova_tests/plan114/plan114_4_4_size_of_in_const_fn_ok.nv	STALE	CODEGEN-FAIL	CODEGEN-FAIL: import resolution: in entry-folder peer 'nova_tests.plan114' (D:\Sources\nv-lang\nova-198\nova_tests/plan114\ro_type_modifier_ok.nv): 6:13: [E_REDUNDANT_PARAM_RO] explicit `ro` on a parameter is redundan...
nova_tests/plan114/plan114_4_4_size_of_nested_composite_ok.nv	STALE	CODEGEN-FAIL	CODEGEN-FAIL: import resolution: in entry-folder peer 'nova_tests.plan114' (D:\Sources\nv-lang\nova-198\nova_tests/plan114\ro_type_modifier_ok.nv): 6:13: [E_REDUNDANT_PARAM_RO] explicit `ro` on a parameter is redundan...
nova_tests/plan114/plan114_4_4_size_of_padding_ok.nv	STALE	CODEGEN-FAIL	CODEGEN-FAIL: import resolution: in entry-folder peer 'nova_tests.plan114' (D:\Sources\nv-lang\nova-198\nova_tests/plan114\ro_type_modifier_ok.nv): 6:13: [E_REDUNDANT_PARAM_RO] explicit `ro` on a parameter is redundan...
nova_tests/plan114/plan114_4_4_size_of_primitives_ok.nv	STALE	CODEGEN-FAIL	CODEGEN-FAIL: import resolution: in entry-folder peer 'nova_tests.plan114' (D:\Sources\nv-lang\nova-198\nova_tests/plan114\ro_type_modifier_ok.nv): 6:13: [E_REDUNDANT_PARAM_RO] explicit `ro` on a parameter is redundan...
nova_tests/plan114/plan114_4_4_size_of_record_ok.nv	STALE	CODEGEN-FAIL	CODEGEN-FAIL: import resolution: in entry-folder peer 'nova_tests.plan114' (D:\Sources\nv-lang\nova-198\nova_tests/plan114\ro_type_modifier_ok.nv): 6:13: [E_REDUNDANT_PARAM_RO] explicit `ro` on a parameter is redundan...
nova_tests/plan114/plan114_4_4_size_of_sum_ok.nv	STALE	CODEGEN-FAIL	CODEGEN-FAIL: import resolution: in entry-folder peer 'nova_tests.plan114' (D:\Sources\nv-lang\nova-198\nova_tests/plan114\ro_type_modifier_ok.nv): 6:13: [E_REDUNDANT_PARAM_RO] explicit `ro` on a parameter is redundan...
nova_tests/plan114/plan114_4_4_size_of_tuple_ok.nv	STALE	CODEGEN-FAIL	CODEGEN-FAIL: import resolution: in entry-folder peer 'nova_tests.plan114' (D:\Sources\nv-lang\nova-198\nova_tests/plan114\ro_type_modifier_ok.nv): 6:13: [E_REDUNDANT_PARAM_RO] explicit `ro` on a parameter is redundan...
nova_tests/plan114/plan114_4_4_trampoline_generic_inferred_ok.nv	STALE	CODEGEN-FAIL	CODEGEN-FAIL: import resolution: in entry-folder peer 'nova_tests.plan114' (D:\Sources\nv-lang\nova-198\nova_tests/plan114\ro_type_modifier_ok.nv): 6:13: [E_REDUNDANT_PARAM_RO] explicit `ro` on a parameter is redundan...
nova_tests/plan114/plan114_4_4_trampoline_generic_tuple_concrete_ok.nv	STALE	CODEGEN-FAIL	CODEGEN-FAIL: import resolution: in entry-folder peer 'nova_tests.plan114' (D:\Sources\nv-lang\nova-198\nova_tests/plan114\ro_type_modifier_ok.nv): 6:13: [E_REDUNDANT_PARAM_RO] explicit `ro` on a parameter is redundan...
nova_tests/plan114/plan114_4_4_trampoline_generic_two_types_ok.nv	STALE	CODEGEN-FAIL	CODEGEN-FAIL: import resolution: in entry-folder peer 'nova_tests.plan114' (D:\Sources\nv-lang\nova-198\nova_tests/plan114\ro_type_modifier_ok.nv): 6:13: [E_REDUNDANT_PARAM_RO] explicit `ro` on a parameter is redundan...
nova_tests/plan114/plan114_4_const_arithmetic_ok.nv	STALE	CODEGEN-FAIL	CODEGEN-FAIL: import resolution: in entry-folder peer 'nova_tests.plan114' (D:\Sources\nv-lang\nova-198\nova_tests/plan114\ro_type_modifier_ok.nv): 6:13: [E_REDUNDANT_PARAM_RO] explicit `ro` on a parameter is redundan...
nova_tests/plan114/plan114_4_const_literal_ok.nv	STALE	CODEGEN-FAIL	CODEGEN-FAIL: import resolution: in entry-folder peer 'nova_tests.plan114' (D:\Sources\nv-lang\nova-198\nova_tests/plan114\ro_type_modifier_ok.nv): 6:13: [E_REDUNDANT_PARAM_RO] explicit `ro` on a parameter is redundan...
nova_tests/plan114/plan114_4_const_record_ok.nv	STALE	CODEGEN-FAIL	CODEGEN-FAIL: import resolution: in entry-folder peer 'nova_tests.plan114' (D:\Sources\nv-lang\nova-198\nova_tests/plan114\ro_type_modifier_ok.nv): 6:13: [E_REDUNDANT_PARAM_RO] explicit `ro` on a parameter is redundan...
nova_tests/plan114/plan114_4_const_ref_const_ok.nv	STALE	CODEGEN-FAIL	CODEGEN-FAIL: import resolution: in entry-folder peer 'nova_tests.plan114' (D:\Sources\nv-lang\nova-198\nova_tests/plan114\ro_type_modifier_ok.nv): 6:13: [E_REDUNDANT_PARAM_RO] explicit `ro` on a parameter is redundan...
nova_tests/plan114/plan114_4_scope_const_ok.nv	STALE	CODEGEN-FAIL	CODEGEN-FAIL: import resolution: in entry-folder peer 'nova_tests.plan114' (D:\Sources\nv-lang\nova-198\nova_tests/plan114\ro_type_modifier_ok.nv): 6:13: [E_REDUNDANT_PARAM_RO] explicit `ro` on a parameter is redundan...
nova_tests/plan114/ro_binding_ok.nv	STALE	CODEGEN-FAIL	CODEGEN-FAIL: import resolution: in entry-folder peer 'nova_tests.plan114' (D:\Sources\nv-lang\nova-198\nova_tests/plan114\ro_type_modifier_ok.nv): 6:13: [E_REDUNDANT_PARAM_RO] explicit `ro` on a parameter is redundan...
nova_tests/plan114/ro_field_ok.nv	STALE	CODEGEN-FAIL	CODEGEN-FAIL: import resolution: in entry-folder peer 'nova_tests.plan114' (D:\Sources\nv-lang\nova-198\nova_tests/plan114\ro_type_modifier_ok.nv): 6:13: [E_REDUNDANT_PARAM_RO] explicit `ro` on a parameter is redundan...
nova_tests/plan114/ro_type_modifier_ok.nv	STALE	CODEGEN-FAIL	CODEGEN-FAIL: import resolution: in entry-folder peer 'nova_tests.plan114' (D:\Sources\nv-lang\nova-198\nova_tests/plan114\ro_type_modifier_ok.nv): 6:13: [E_REDUNDANT_PARAM_RO] explicit `ro` on a parameter is redundan...
nova_tests/plan115/neg/t1_null_non_ptr_neg.nv	MIGRATE	PASS	compiles+passes; target spec_tests/conformance (language-feature test) unless std-module-shaped
nova_tests/plan115/neg/t1_ptr_arithmetic_neg.nv	MIGRATE	PASS	compiles+passes; target spec_tests/conformance (language-feature test) unless std-module-shaped
nova_tests/plan115/neg/t1_ptr_lt_neg.nv	MIGRATE	PASS	compiles+passes; target spec_tests/conformance (language-feature test) unless std-module-shaped
nova_tests/plan115/neg/t1_ptr_str_cast_neg.nv	MIGRATE	PASS	compiles+passes; target spec_tests/conformance (language-feature test) unless std-module-shaped
nova_tests/plan115/neg/t3_handle_type_mismatch_neg.nv	MIGRATE	PASS	compiles+passes; target spec_tests/conformance (language-feature test) unless std-module-shaped
nova_tests/plan115/t1_null_ptr_ok.nv	MIGRATE	PASS	compiles+passes; target spec_tests/conformance (language-feature test) unless std-module-shaped
nova_tests/plan115/t1_ptr_casts_ok.nv	MIGRATE	PASS	compiles+passes; target spec_tests/conformance (language-feature test) unless std-module-shaped
nova_tests/plan115/t2_external_fn_tuple_ok.nv	MIGRATE	PASS	compiles+passes; target spec_tests/conformance (language-feature test) unless std-module-shaped
nova_tests/plan115/t2_tuple_with_ptr_ok.nv	MIGRATE	PASS	compiles+passes; target spec_tests/conformance (language-feature test) unless std-module-shaped
nova_tests/plan115/t3_handle_pattern_ok.nv	MIGRATE	PASS	compiles+passes; target spec_tests/conformance (language-feature test) unless std-module-shaped
nova_tests/plan115/t4_sqlite_e2e_ok.nv	MIGRATE	PASS	compiles+passes; target spec_tests/conformance (language-feature test) unless std-module-shaped
nova_tests/plan118/neg/plan118_1_6_t4_neg_unsafe_to_safe_coercion.nv	MIGRATE	PASS	compiles+passes; target spec_tests/conformance (language-feature test) unless std-module-shaped
nova_tests/plan118/neg/plan118_1_6_t6_neg_call_unsafe_ptr_outside_unsafe.nv	MIGRATE	PASS	compiles+passes; target spec_tests/conformance (language-feature test) unless std-module-shaped
nova_tests/plan118/neg/plan118_1_6_t9_neg_round_trip_via_addr_of.nv	MIGRATE	PASS	compiles+passes; target spec_tests/conformance (language-feature test) unless std-module-shaped
nova_tests/plan118/neg/plan118_1_addr_chains_t1_neg_call_field_chain.nv	MIGRATE	PASS	compiles+passes; target spec_tests/conformance (language-feature test) unless std-module-shaped
nova_tests/plan118/neg/plan118_1_addr_chains_t2_neg_index_field_chain.nv	MIGRATE	PASS	compiles+passes; target spec_tests/conformance (language-feature test) unless std-module-shaped
nova_tests/plan118/neg/plan118_1_addr_chains_t3_neg_deep_call_chain.nv	MIGRATE	PASS	compiles+passes; target spec_tests/conformance (language-feature test) unless std-module-shaped
nova_tests/plan118/neg/plan118_1_addr_chains_t4_neg_addr_of_mut_ro_field.nv	MIGRATE	PASS	compiles+passes; target spec_tests/conformance (language-feature test) unless std-module-shaped
nova_tests/plan118/neg/plan118_1_addr_chains_t8_neg_amp_call_field_chain.nv	MIGRATE	PASS	compiles+passes; target spec_tests/conformance (language-feature test) unless std-module-shaped
nova_tests/plan118/neg/plan118_1_addr_chains_t9_neg_amp_index_field_chain.nv	MIGRATE	PASS	compiles+passes; target spec_tests/conformance (language-feature test) unless std-module-shaped
nova_tests/plan118/neg/plan118_1_closeout_t10_neg_addr_of_rvalue.nv	MIGRATE	PASS	compiles+passes; target spec_tests/conformance (language-feature test) unless std-module-shaped
nova_tests/plan118/neg/plan118_1_closeout_t3_neg_addr_of_outside_unsafe.nv	MIGRATE	PASS	compiles+passes; target spec_tests/conformance (language-feature test) unless std-module-shaped
nova_tests/plan118/neg/plan118_1_closeout_t4_neg_addr_of_mut_on_ro_binding.nv	MIGRATE	PASS	compiles+passes; target spec_tests/conformance (language-feature test) unless std-module-shaped
nova_tests/plan118/neg/plan118_1_closeout_t5_neg_addr_of_literal.nv	MIGRATE	PASS	compiles+passes; target spec_tests/conformance (language-feature test) unless std-module-shaped
nova_tests/plan118/neg/plan118_1_closeout_t7_neg_addr_of_realtime.nv	MIGRATE	PASS	compiles+passes; target spec_tests/conformance (language-feature test) unless std-module-shaped
nova_tests/plan118/neg/plan118_1_closeout_t8_neg_addr_of_array_index.nv	MIGRATE	PASS	compiles+passes; target spec_tests/conformance (language-feature test) unless std-module-shaped
nova_tests/plan118/neg/plan118_1_closeout_t9_neg_addr_of_record_literal.nv	MIGRATE	PASS	compiles+passes; target spec_tests/conformance (language-feature test) unless std-module-shaped
nova_tests/plan118/neg/plan118_1_t11_neg_write_volatile_on_ro.nv	STALE	NEG-NO-ERROR	NEG-NO-ERROR: expected `// EXPECT_COMPILE_ERROR ` but codegen succeeded
nova_tests/plan118/neg/plan118_2_t1_neg_as_mut_ptr_on_ro_binding.nv	MIGRATE	PASS	compiles+passes; target spec_tests/conformance (language-feature test) unless std-module-shaped
nova_tests/plan118/neg/plan118_4_t3_neg_write_on_ro_ptr.nv	STALE	NEG-NO-ERROR	NEG-NO-ERROR: expected `// EXPECT_COMPILE_ERROR ` but codegen succeeded
nova_tests/plan118/neg/plan118_5_t1_neg_unsafe_t_read_no_wrap.nv	STALE	NEG-WRONG-MSG	NEG-WRONG-MSG: expected pattern 'E_UNSAFE_T_READ_REQUIRES_WRAP' not found in: D:\Sources\nv-lang\nova-198\nova_tests/plan118\neg\plan118_5_t1_neg_unsafe_t_read_no_wrap.nv:12:10: error: [E_UNSAFE_TYP
nova_tests/plan118/neg/plan118_5_t2_neg_unsafe_t_param_read_no_wrap.nv	STALE	NEG-WRONG-MSG	NEG-WRONG-MSG: expected pattern 'E_UNSAFE_T_READ_REQUIRES_WRAP' not found in: D:\Sources\nv-lang\nova-198\nova_tests/plan118\neg\plan118_5_t2_neg_unsafe_t_param_read_no_wrap.nv:11:24: error: [E_UNSA
nova_tests/plan118/neg/plan118_5_t3_neg_unsafe_t_narrow_no_unsafe.nv	STALE	NEG-WRONG-MSG	NEG-WRONG-MSG: expected pattern 'E_UNSAFE_T_NARROW_REQUIRES_UNSAFE' not found in: D:\Sources\nv-lang\nova-198\nova_tests/plan118\neg\plan118_5_t3_neg_unsafe_t_narrow_no_unsafe.nv:13:11: error: [E_UNSAFE
nova_tests/plan118/neg/plan118_5_t4_neg_unsafe_arg_to_safe_param.nv	STALE	NEG-WRONG-MSG	NEG-WRONG-MSG: expected pattern 'E_UNSAFE_ARG_REQUIRES_WRAP' not found in: D:\Sources\nv-lang\nova-198\nova_tests/plan118\neg\plan118_5_t4_neg_unsafe_arg_to_safe_param.nv:18:11: error: [E_UNSAFE_
nova_tests/plan118/neg/plan118_5_t5_neg_unsafe_t_member_read.nv	STALE	NEG-WRONG-MSG	NEG-WRONG-MSG: expected pattern 'E_UNSAFE_T_READ_REQUIRES_WRAP' not found in: D:\Sources\nv-lang\nova-198\nova_tests/plan118\neg\plan118_5_t5_neg_unsafe_t_member_read.nv:18:11: error: [E_UNSAFE_TYPE
nova_tests/plan118/neg/plan118_5_v3_t10_safe_breaks_modifier_order_ok.nv	MIGRATE	PASS	compiles+passes; target spec_tests/conformance (language-feature test) unless std-module-shaped
nova_tests/plan118/neg/plan118_5_v3_t11_neg_ro_redundant_chain.nv	MIGRATE	PASS	compiles+passes; target spec_tests/conformance (language-feature test) unless std-module-shaped
nova_tests/plan118/neg/plan118_5_v3_t12_neg_mut_redundant_chain.nv	MIGRATE	PASS	compiles+passes; target spec_tests/conformance (language-feature test) unless std-module-shaped
nova_tests/plan118/neg/plan118_5_v3_t13_neg_unsafe_redundant_chain.nv	STALE	NEG-WRONG-MSG	NEG-WRONG-MSG: expected pattern 'E_POINTER_PREFIX_MODIFIER' not found in: D:\Sources\nv-lang\nova-198\nova_tests/plan118\neg\plan118_5_v3_t13_neg_unsafe_redundant_chain.nv:11:31: error: [E_UNSAF
nova_tests/plan118/neg/plan118_5_v3_t14_safe_breaks_ro_chain_ok.nv	MIGRATE	PASS	compiles+passes; target spec_tests/conformance (language-feature test) unless std-module-shaped
nova_tests/plan118/neg/plan118_5_v3_t15_safe_breaks_unsafe_chain_ok.nv	MIGRATE	PASS	compiles+passes; target spec_tests/conformance (language-feature test) unless std-module-shaped
nova_tests/plan118/neg/plan118_5_v3_t1_safe_keyword_transparent_ok.nv	MIGRATE	PASS	compiles+passes; target spec_tests/conformance (language-feature test) unless std-module-shaped
nova_tests/plan118/neg/plan118_5_v3_t2_neg_ro_mut_value_type.nv	STALE	NEG-WRONG-MSG	NEG-WRONG-MSG: expected pattern 'E_MUTABILITY_CONFLICT_VALUE_TYPE' not found in: D:\Sources\nv-lang\nova-198\nova_tests/plan118\neg\plan118_5_v3_t2_neg_ro_mut_value_type.nv:13:26: error: [E_REDUNDANT_P
nova_tests/plan118/neg/plan118_5_v3_t3_neg_mut_ro_value_type.nv	STALE	NEG-WRONG-MSG	NEG-WRONG-MSG: expected pattern 'E_MUTABILITY_CONFLICT_VALUE_TYPE' not found in: D:\Sources\nv-lang\nova-198\nova_tests/plan118\neg\plan118_5_v3_t3_neg_mut_ro_value_type.nv:11:29: error: [E_REDUNDANT_R
nova_tests/plan118/neg/plan118_5_v3_t5_neg_ro_mut_nested_constructor.nv	MIGRATE	PASS	compiles+passes; target spec_tests/conformance (language-feature test) unless std-module-shaped
nova_tests/plan118/neg/plan118_5_v3_t8_neg_ro_ptr_unsafe.nv	STALE	NEG-WRONG-MSG	NEG-WRONG-MSG: expected pattern 'E_POINTER_PREFIX_MODIFIER' not found in: D:\Sources\nv-lang\nova-198\nova_tests/plan118\neg\plan118_5_v3_t8_neg_ro_ptr_unsafe.nv:12:27: error: [E_UNSAFE_TYPE_MOD
nova_tests/plan118/neg/plan118_6_neg_addr_of_mut_removed.nv	MIGRATE	PASS	compiles+passes; target spec_tests/conformance (language-feature test) unless std-module-shaped
nova_tests/plan118/neg/plan118_6_neg_addr_of_removed.nv	MIGRATE	PASS	compiles+passes; target spec_tests/conformance (language-feature test) unless std-module-shaped
nova_tests/plan118/neg/plan118_6_neg_deref_unsafe_required.nv	MIGRATE	PASS	compiles+passes; target spec_tests/conformance (language-feature test) unless std-module-shaped
nova_tests/plan118/neg/plan118_6_t6_neg_deref_no_unsafe.nv	MIGRATE	PASS	compiles+passes; target spec_tests/conformance (language-feature test) unless std-module-shaped
nova_tests/plan118/neg/plan118_6_t7_neg_addr_of_removed.nv	MIGRATE	PASS	compiles+passes; target spec_tests/conformance (language-feature test) unless std-module-shaped
nova_tests/plan118/neg/plan118_6_t8_neg_addr_of_mut_removed.nv	MIGRATE	PASS	compiles+passes; target spec_tests/conformance (language-feature test) unless std-module-shaped
nova_tests/plan118/neg/plan118_7_t3_neg_raw_addr_outside_unsafe.nv	MIGRATE	PASS	compiles+passes; target spec_tests/conformance (language-feature test) unless std-module-shaped
nova_tests/plan118/neg/plan118_7_t4_neg_raw_addr_literal.nv	MIGRATE	PASS	compiles+passes; target spec_tests/conformance (language-feature test) unless std-module-shaped
nova_tests/plan118/neg/t1_neg_const_modifier.nv	MIGRATE	PASS	compiles+passes; target spec_tests/conformance (language-feature test) unless std-module-shaped
nova_tests/plan118/neg/t1_neg_pointer_incomplete.nv	MIGRATE	PASS	compiles+passes; target spec_tests/conformance (language-feature test) unless std-module-shaped
nova_tests/plan118/neg/t1_neg_ro_in_expression_pos.nv	MIGRATE	PASS	compiles+passes; target spec_tests/conformance (language-feature test) unless std-module-shaped
nova_tests/plan118/neg/t2_neg_amp_literal.nv	MIGRATE	PASS	compiles+passes; target spec_tests/conformance (language-feature test) unless std-module-shaped
nova_tests/plan118/neg/t2_neg_amp_record_literal.nv	MIGRATE	PASS	compiles+passes; target spec_tests/conformance (language-feature test) unless std-module-shaped
nova_tests/plan118/neg/t3_neg_deref_outside_unsafe.nv	MIGRATE	PASS	compiles+passes; target spec_tests/conformance (language-feature test) unless std-module-shaped
nova_tests/plan118/neg/t3_neg_unsafe_call_no_wrap.nv	MIGRATE	PASS	compiles+passes; target spec_tests/conformance (language-feature test) unless std-module-shaped
nova_tests/plan118/neg/t4_neg_amp_array_index.nv	MIGRATE	PASS	compiles+passes; target spec_tests/conformance (language-feature test) unless std-module-shaped
nova_tests/plan118/neg/t4_neg_ptr_index_outside_unsafe.nv	MIGRATE	PASS	compiles+passes; target spec_tests/conformance (language-feature test) unless std-module-shaped
nova_tests/plan118/neg/t4_neg_ptr_order_compare.nv	MIGRATE	PASS	compiles+passes; target spec_tests/conformance (language-feature test) unless std-module-shaped
nova_tests/plan118/neg/t5_neg_null_ptr_retracted.nv	MIGRATE	PASS	compiles+passes; target spec_tests/conformance (language-feature test) unless std-module-shaped
nova_tests/plan118/neg/t6_neg_callback_throws_over_c_abi.nv	MIGRATE	PASS	compiles+passes; target spec_tests/conformance (language-feature test) unless std-module-shaped
nova_tests/plan118/neg/t6_neg_closure_has_env.nv	MIGRATE	PASS	compiles+passes; target spec_tests/conformance (language-feature test) unless std-module-shaped
nova_tests/plan118/neg/t6_neg_external_fn_fail_effect.nv	MIGRATE	PASS	compiles+passes; target spec_tests/conformance (language-feature test) unless std-module-shaped
nova_tests/plan118/neg/t7_neg_ptr_interp_cast_direct.nv	STALE	NEG-WRONG-MSG	NEG-WRONG-MSG: expected pattern 'E_PTR_NO_DISPLAY_USE_DEBUG_STR' not found in: D:\Sources\nv-lang\nova-198\nova_tests/plan118\neg\t7_neg_ptr_interp_cast_direct.nv:10:29: error: [E_UNSAFE_TYPE_MODIFIE
nova_tests/plan118/neg/t7_neg_ptr_interp_local_var.nv	MIGRATE	PASS	compiles+passes; target spec_tests/conformance (language-feature test) unless std-module-shaped
nova_tests/plan118/neg/t7_neg_ptr_interpolation.nv	MIGRATE	PASS	compiles+passes; target spec_tests/conformance (language-feature test) unless std-module-shaped
nova_tests/plan118/neg/t8_neg_realtime_pointer_op.nv	MIGRATE	PASS	compiles+passes; target spec_tests/conformance (language-feature test) unless std-module-shaped
nova_tests/plan118/plan118_1_6_t1_pos_safe_fn_ptr_assignment_ok.nv	STALE	CODEGEN-FAIL	CODEGEN-FAIL: import resolution: in entry-folder peer 'nova_tests.plan118' (D:\Sources\nv-lang\nova-198\nova_tests/plan118\plan118_1_t8_sizeof_pointer_ok.nv): 20:28: expected `{`, got identifier
nova_tests/plan118/plan118_1_6_t2_pos_safe_to_unsafe_coercion_ok.nv	STALE	CODEGEN-FAIL	CODEGEN-FAIL: import resolution: in entry-folder peer 'nova_tests.plan118' (D:\Sources\nv-lang\nova-198\nova_tests/plan118\plan118_1_t8_sizeof_pointer_ok.nv): 20:28: expected `{`, got identifier
nova_tests/plan118/plan118_1_6_t3_pos_unsafe_fn_ptr_direct_ok.nv	STALE	CODEGEN-FAIL	CODEGEN-FAIL: import resolution: in entry-folder peer 'nova_tests.plan118' (D:\Sources\nv-lang\nova-198\nova_tests/plan118\plan118_1_t8_sizeof_pointer_ok.nv): 20:28: expected `{`, got identifier
nova_tests/plan118/plan118_1_6_t5_pos_call_safe_ptr_anywhere_ok.nv	STALE	CODEGEN-FAIL	CODEGEN-FAIL: import resolution: in entry-folder peer 'nova_tests.plan118' (D:\Sources\nv-lang\nova-198\nova_tests/plan118\plan118_1_t8_sizeof_pointer_ok.nv): 20:28: expected `{`, got identifier
nova_tests/plan118/plan118_1_6_t7_pos_call_unsafe_ptr_inside_unsafe_ok.nv	STALE	CODEGEN-FAIL	CODEGEN-FAIL: import resolution: in entry-folder peer 'nova_tests.plan118' (D:\Sources\nv-lang\nova-198\nova_tests/plan118\plan118_1_t8_sizeof_pointer_ok.nv): 20:28: expected `{`, got identifier
nova_tests/plan118/plan118_1_6_t8_pos_addr_of_unsafe_fn_propagates_ok.nv	STALE	CODEGEN-FAIL	CODEGEN-FAIL: import resolution: in entry-folder peer 'nova_tests.plan118' (D:\Sources\nv-lang\nova-198\nova_tests/plan118\plan118_1_t8_sizeof_pointer_ok.nv): 20:28: expected `{`, got identifier
nova_tests/plan118/plan118_1_addr_chains_t10_pos_amp_nested_field_chain_ok.nv	STALE	CODEGEN-FAIL	CODEGEN-FAIL: import resolution: in entry-folder peer 'nova_tests.plan118' (D:\Sources\nv-lang\nova-198\nova_tests/plan118\plan118_1_t8_sizeof_pointer_ok.nv): 20:28: expected `{`, got identifier
nova_tests/plan118/plan118_1_addr_chains_t11_pos_addr_of_mut_mut_field_chain_ok.nv	STALE	CODEGEN-FAIL	CODEGEN-FAIL: import resolution: in entry-folder peer 'nova_tests.plan118' (D:\Sources\nv-lang\nova-198\nova_tests/plan118\plan118_1_t8_sizeof_pointer_ok.nv): 20:28: expected `{`, got identifier
nova_tests/plan118/plan118_1_addr_chains_t12_pos_addr_of_topderef_consistency_ok.nv	STALE	CODEGEN-FAIL	CODEGEN-FAIL: import resolution: in entry-folder peer 'nova_tests.plan118' (D:\Sources\nv-lang\nova-198\nova_tests/plan118\plan118_1_t8_sizeof_pointer_ok.nv): 20:28: expected `{`, got identifier
nova_tests/plan118/plan118_1_addr_chains_t5_pos_nested_field_chain_ok.nv	STALE	CODEGEN-FAIL	CODEGEN-FAIL: import resolution: in entry-folder peer 'nova_tests.plan118' (D:\Sources\nv-lang\nova-198\nova_tests/plan118\plan118_1_t8_sizeof_pointer_ok.nv): 20:28: expected `{`, got identifier
nova_tests/plan118/plan118_1_addr_chains_t6_pos_self_field_chain_ok.nv	STALE	CODEGEN-FAIL	CODEGEN-FAIL: import resolution: in entry-folder peer 'nova_tests.plan118' (D:\Sources\nv-lang\nova-198\nova_tests/plan118\plan118_1_t8_sizeof_pointer_ok.nv): 20:28: expected `{`, got identifier
nova_tests/plan118/plan118_1_addr_chains_t7_pos_deref_consistency_ok.nv	STALE	CODEGEN-FAIL	CODEGEN-FAIL: import resolution: in entry-folder peer 'nova_tests.plan118' (D:\Sources\nv-lang\nova-198\nova_tests/plan118\plan118_1_t8_sizeof_pointer_ok.nv): 20:28: expected `{`, got identifier
nova_tests/plan118/plan118_1_closeout_t11_pos_cstr_as_cstr_method.nv	STALE	CODEGEN-FAIL	CODEGEN-FAIL: import resolution: in entry-folder peer 'nova_tests.plan118' (D:\Sources\nv-lang\nova-198\nova_tests/plan118\plan118_1_t8_sizeof_pointer_ok.nv): 20:28: expected `{`, got identifier
nova_tests/plan118/plan118_1_closeout_t1_addr_of_unsafe_ok.nv	STALE	CODEGEN-FAIL	CODEGEN-FAIL: import resolution: in entry-folder peer 'nova_tests.plan118' (D:\Sources\nv-lang\nova-198\nova_tests/plan118\plan118_1_t8_sizeof_pointer_ok.nv): 20:28: expected `{`, got identifier
nova_tests/plan118/plan118_1_closeout_t2_addr_of_mut_ok.nv	STALE	CODEGEN-FAIL	CODEGEN-FAIL: import resolution: in entry-folder peer 'nova_tests.plan118' (D:\Sources\nv-lang\nova-198\nova_tests/plan118\plan118_1_t8_sizeof_pointer_ok.nv): 20:28: expected `{`, got identifier
nova_tests/plan118/plan118_1_closeout_t6_cstr_type_decl_ok.nv	STALE	CODEGEN-FAIL	CODEGEN-FAIL: import resolution: in entry-folder peer 'nova_tests.plan118' (D:\Sources\nv-lang\nova-198\nova_tests/plan118\plan118_1_t8_sizeof_pointer_ok.nv): 20:28: expected `{`, got identifier
nova_tests/plan118/plan118_1_t10_write_volatile_ok.nv	STALE	CODEGEN-FAIL	CODEGEN-FAIL: import resolution: in entry-folder peer 'nova_tests.plan118' (D:\Sources\nv-lang\nova-198\nova_tests/plan118\plan118_1_t8_sizeof_pointer_ok.nv): 20:28: expected `{`, got identifier
nova_tests/plan118/plan118_1_t1_usize_isize_aliases_ok.nv	STALE	CODEGEN-FAIL	CODEGEN-FAIL: import resolution: in entry-folder peer 'nova_tests.plan118' (D:\Sources\nv-lang\nova-198\nova_tests/plan118\plan118_1_t8_sizeof_pointer_ok.nv): 20:28: expected `{`, got identifier
nova_tests/plan118/plan118_1_t2_rawmem_copy_from_ok.nv	STALE	CODEGEN-FAIL	CODEGEN-FAIL: import resolution: in entry-folder peer 'nova_tests.plan118' (D:\Sources\nv-lang\nova-198\nova_tests/plan118\plan118_1_t8_sizeof_pointer_ok.nv): 20:28: expected `{`, got identifier
nova_tests/plan118/plan118_1_t3_rawmem_copy_nonoverlapping_ok.nv	STALE	CODEGEN-FAIL	CODEGEN-FAIL: import resolution: in entry-folder peer 'nova_tests.plan118' (D:\Sources\nv-lang\nova-198\nova_tests/plan118\plan118_1_t8_sizeof_pointer_ok.nv): 20:28: expected `{`, got identifier
nova_tests/plan118/plan118_1_t4_rawmem_fill_ok.nv	STALE	CODEGEN-FAIL	CODEGEN-FAIL: import resolution: in entry-folder peer 'nova_tests.plan118' (D:\Sources\nv-lang\nova-198\nova_tests/plan118\plan118_1_t8_sizeof_pointer_ok.nv): 20:28: expected `{`, got identifier
nova_tests/plan118/plan118_1_t5_rawmem_write_bytes_ok.nv	STALE	CODEGEN-FAIL	CODEGEN-FAIL: import resolution: in entry-folder peer 'nova_tests.plan118' (D:\Sources\nv-lang\nova-198\nova_tests/plan118\plan118_1_t8_sizeof_pointer_ok.nv): 20:28: expected `{`, got identifier
nova_tests/plan118/plan118_1_t6_rawmem_compare_ok.nv	STALE	CODEGEN-FAIL	CODEGEN-FAIL: import resolution: in entry-folder peer 'nova_tests.plan118' (D:\Sources\nv-lang\nova-198\nova_tests/plan118\plan118_1_t8_sizeof_pointer_ok.nv): 20:28: expected `{`, got identifier
nova_tests/plan118/plan118_1_t7_rawmem_copy_from_overlap_ok.nv	STALE	CODEGEN-FAIL	CODEGEN-FAIL: import resolution: in entry-folder peer 'nova_tests.plan118' (D:\Sources\nv-lang\nova-198\nova_tests/plan118\plan118_1_t8_sizeof_pointer_ok.nv): 20:28: expected `{`, got identifier
nova_tests/plan118/plan118_1_t8_sizeof_pointer_ok.nv	STALE	CODEGEN-FAIL	CODEGEN-FAIL: import resolution: in entry-folder peer 'nova_tests.plan118' (D:\Sources\nv-lang\nova-198\nova_tests/plan118\plan118_1_t8_sizeof_pointer_ok.nv): 20:28: expected `{`, got identifier
nova_tests/plan118/plan118_1_t9_read_volatile_ok.nv	STALE	CODEGEN-FAIL	CODEGEN-FAIL: import resolution: in entry-folder peer 'nova_tests.plan118' (D:\Sources\nv-lang\nova-198\nova_tests/plan118\plan118_1_t8_sizeof_pointer_ok.nv): 20:28: expected `{`, got identifier
nova_tests/plan118/plan118_2_t1_as_ptr_basic_ok.nv	STALE	CODEGEN-FAIL	CODEGEN-FAIL: import resolution: in entry-folder peer 'nova_tests.plan118' (D:\Sources\nv-lang\nova-198\nova_tests/plan118\plan118_1_t8_sizeof_pointer_ok.nv): 20:28: expected `{`, got identifier
nova_tests/plan118/plan118_4_t1_ptr_read_ok.nv	STALE	CODEGEN-FAIL	CODEGEN-FAIL: import resolution: in entry-folder peer 'nova_tests.plan118' (D:\Sources\nv-lang\nova-198\nova_tests/plan118\plan118_1_t8_sizeof_pointer_ok.nv): 20:28: expected `{`, got identifier
nova_tests/plan118/plan118_4_t2_ptr_write_ok.nv	STALE	CODEGEN-FAIL	CODEGEN-FAIL: import resolution: in entry-folder peer 'nova_tests.plan118' (D:\Sources\nv-lang\nova-198\nova_tests/plan118\plan118_1_t8_sizeof_pointer_ok.nv): 20:28: expected `{`, got identifier
nova_tests/plan118/plan118_4_t4_ptr_roundtrip_ok.nv	STALE	CODEGEN-FAIL	CODEGEN-FAIL: import resolution: in entry-folder peer 'nova_tests.plan118' (D:\Sources\nv-lang\nova-198\nova_tests/plan118\plan118_1_t8_sizeof_pointer_ok.nv): 20:28: expected `{`, got identifier
nova_tests/plan118/plan118_5_t1_canonical_right_binding_ok.nv	STALE	CODEGEN-FAIL	CODEGEN-FAIL: import resolution: in entry-folder peer 'nova_tests.plan118' (D:\Sources\nv-lang\nova-198\nova_tests/plan118\plan118_1_t8_sizeof_pointer_ok.nv): 20:28: expected `{`, got identifier
nova_tests/plan118/plan118_5_t2_chain_canonical_ok.nv	STALE	CODEGEN-FAIL	CODEGEN-FAIL: import resolution: in entry-folder peer 'nova_tests.plan118' (D:\Sources\nv-lang\nova-198\nova_tests/plan118\plan118_1_t8_sizeof_pointer_ok.nv): 20:28: expected `{`, got identifier
nova_tests/plan118/plan118_5_t3_ptr_to_uninit_ok.nv	STALE	CODEGEN-FAIL	CODEGEN-FAIL: import resolution: in entry-folder peer 'nova_tests.plan118' (D:\Sources\nv-lang\nova-198\nova_tests/plan118\plan118_1_t8_sizeof_pointer_ok.nv): 20:28: expected `{`, got identifier
nova_tests/plan118/plan118_5_t4_unsafe_t_in_unsafe_block_ok.nv	STALE	CODEGEN-FAIL	CODEGEN-FAIL: import resolution: in entry-folder peer 'nova_tests.plan118' (D:\Sources\nv-lang\nova-198\nova_tests/plan118\plan118_1_t8_sizeof_pointer_ok.nv): 20:28: expected `{`, got identifier
nova_tests/plan118/plan118_5_t5_unsafe_t_write_ok.nv	STALE	CODEGEN-FAIL	CODEGEN-FAIL: import resolution: in entry-folder peer 'nova_tests.plan118' (D:\Sources\nv-lang\nova-198\nova_tests/plan118\plan118_1_t8_sizeof_pointer_ok.nv): 20:28: expected `{`, got identifier
nova_tests/plan118/plan118_5_t6_unsafe_t_narrow_in_unsafe_ok.nv	STALE	CODEGEN-FAIL	CODEGEN-FAIL: import resolution: in entry-folder peer 'nova_tests.plan118' (D:\Sources\nv-lang\nova-198\nova_tests/plan118\plan118_1_t8_sizeof_pointer_ok.nv): 20:28: expected `{`, got identifier
nova_tests/plan118/plan118_5_t7_unsafe_arg_to_unsafe_param_ok.nv	STALE	CODEGEN-FAIL	CODEGEN-FAIL: import resolution: in entry-folder peer 'nova_tests.plan118' (D:\Sources\nv-lang\nova-198\nova_tests/plan118\plan118_1_t8_sizeof_pointer_ok.nv): 20:28: expected `{`, got identifier
nova_tests/plan118/plan118_5_t8_unsafe_t_member_in_unsafe_ok.nv	STALE	CODEGEN-FAIL	CODEGEN-FAIL: import resolution: in entry-folder peer 'nova_tests.plan118' (D:\Sources\nv-lang\nova-198\nova_tests/plan118\plan118_1_t8_sizeof_pointer_ok.nv): 20:28: expected `{`, got identifier
nova_tests/plan118/plan118_5_t9_npo_unsafe_outer_disables_ok.nv	STALE	CODEGEN-FAIL	CODEGEN-FAIL: import resolution: in entry-folder peer 'nova_tests.plan118' (D:\Sources\nv-lang\nova-198\nova_tests/plan118\plan118_1_t8_sizeof_pointer_ok.nv): 20:28: expected `{`, got identifier
nova_tests/plan118/plan118_5_v3_t16_binding_ro_type_mut_value_ok.nv	STALE	CODEGEN-FAIL	CODEGEN-FAIL: import resolution: in entry-folder peer 'nova_tests.plan118' (D:\Sources\nv-lang\nova-198\nova_tests/plan118\plan118_1_t8_sizeof_pointer_ok.nv): 20:28: expected `{`, got identifier
nova_tests/plan118/plan118_5_v3_t17_binding_mut_type_ro_value_ok.nv	STALE	CODEGEN-FAIL	CODEGEN-FAIL: import resolution: in entry-folder peer 'nova_tests.plan118' (D:\Sources\nv-lang\nova-198\nova_tests/plan118\plan118_1_t8_sizeof_pointer_ok.nv): 20:28: expected `{`, got identifier
nova_tests/plan118/plan118_5_v3_t4_ro_mut_ref_type_ok.nv	STALE	CODEGEN-FAIL	CODEGEN-FAIL: import resolution: in entry-folder peer 'nova_tests.plan118' (D:\Sources\nv-lang\nova-198\nova_tests/plan118\plan118_1_t8_sizeof_pointer_ok.nv): 20:28: expected `{`, got identifier
nova_tests/plan118/plan118_5_v3_t6_neg_ro_wraps_unsafe.nv	STALE	CODEGEN-FAIL	CODEGEN-FAIL: import resolution: in entry-folder peer 'nova_tests.plan118' (D:\Sources\nv-lang\nova-198\nova_tests/plan118\plan118_1_t8_sizeof_pointer_ok.nv): 20:28: expected `{`, got identifier
nova_tests/plan118/plan118_5_v3_t7_neg_mut_wraps_unsafe.nv	STALE	CODEGEN-FAIL	CODEGEN-FAIL: import resolution: in entry-folder peer 'nova_tests.plan118' (D:\Sources\nv-lang\nova-198\nova_tests/plan118\plan118_1_t8_sizeof_pointer_ok.nv): 20:28: expected `{`, got identifier
nova_tests/plan118/plan118_5_v3_t9_safety_outer_ok.nv	STALE	CODEGEN-FAIL	CODEGEN-FAIL: import resolution: in entry-folder peer 'nova_tests.plan118' (D:\Sources\nv-lang\nova-198\nova_tests/plan118\plan118_1_t8_sizeof_pointer_ok.nv): 20:28: expected `{`, got identifier
nova_tests/plan118/plan118_6_t1_addr_of_int_safe.nv	STALE	CODEGEN-FAIL	CODEGEN-FAIL: import resolution: in entry-folder peer 'nova_tests.plan118' (D:\Sources\nv-lang\nova-198\nova_tests/plan118\plan118_1_t8_sizeof_pointer_ok.nv): 20:28: expected `{`, got identifier
nova_tests/plan118/plan118_6_t1_pos_ampersand_int_no_unsafe.nv	STALE	CODEGEN-FAIL	CODEGEN-FAIL: import resolution: in entry-folder peer 'nova_tests.plan118' (D:\Sources\nv-lang\nova-198\nova_tests/plan118\plan118_1_t8_sizeof_pointer_ok.nv): 20:28: expected `{`, got identifier
nova_tests/plan118/plan118_6_t2_addr_of_vr_safe.nv	STALE	CODEGEN-FAIL	CODEGEN-FAIL: import resolution: in entry-folder peer 'nova_tests.plan118' (D:\Sources\nv-lang\nova-198\nova_tests/plan118\plan118_1_t8_sizeof_pointer_ok.nv): 20:28: expected `{`, got identifier
nova_tests/plan118/plan118_6_t2_pos_ampersand_value_record_no_unsafe.nv	STALE	CODEGEN-FAIL	CODEGEN-FAIL: import resolution: in entry-folder peer 'nova_tests.plan118' (D:\Sources\nv-lang\nova-198\nova_tests/plan118\plan118_1_t8_sizeof_pointer_ok.nv): 20:28: expected `{`, got identifier
nova_tests/plan118/plan118_6_t3_pos_mut_binding_ptr_mut.nv	STALE	CODEGEN-FAIL	CODEGEN-FAIL: import resolution: in entry-folder peer 'nova_tests.plan118' (D:\Sources\nv-lang\nova-198\nova_tests/plan118\plan118_1_t8_sizeof_pointer_ok.nv): 20:28: expected `{`, got identifier
nova_tests/plan118/plan118_6_t3_unsafe_addr_of_raw.nv	STALE	CODEGEN-FAIL	CODEGEN-FAIL: import resolution: in entry-folder peer 'nova_tests.plan118' (D:\Sources\nv-lang\nova-198\nova_tests/plan118\plan118_1_t8_sizeof_pointer_ok.nv): 20:28: expected `{`, got identifier
nova_tests/plan118/plan118_6_t4_mut_binding_auto_ptr_mut.nv	STALE	CODEGEN-FAIL	CODEGEN-FAIL: import resolution: in entry-folder peer 'nova_tests.plan118' (D:\Sources\nv-lang\nova-198\nova_tests/plan118\plan118_1_t8_sizeof_pointer_ok.nv): 20:28: expected `{`, got identifier
nova_tests/plan118/plan118_6_t4_pos_unsafe_raw_stack_ptr.nv	STALE	CODEGEN-FAIL	CODEGEN-FAIL: import resolution: in entry-folder peer 'nova_tests.plan118' (D:\Sources\nv-lang\nova-198\nova_tests/plan118\plan118_1_t8_sizeof_pointer_ok.nv): 20:28: expected `{`, got identifier
nova_tests/plan118/plan118_6_t5_pos_ampersand_escape_int.nv	STALE	CODEGEN-FAIL	CODEGEN-FAIL: import resolution: in entry-folder peer 'nova_tests.plan118' (D:\Sources\nv-lang\nova-198\nova_tests/plan118\plan118_1_t8_sizeof_pointer_ok.nv): 20:28: expected `{`, got identifier
nova_tests/plan118/plan118_7_t1_raw_addr_in_unsafe_ok.nv	STALE	CODEGEN-FAIL	CODEGEN-FAIL: import resolution: in entry-folder peer 'nova_tests.plan118' (D:\Sources\nv-lang\nova-198\nova_tests/plan118\plan118_1_t8_sizeof_pointer_ok.nv): 20:28: expected `{`, got identifier
nova_tests/plan118/plan118_7_t2_safe_addr_promotes.nv	STALE	CODEGEN-FAIL	CODEGEN-FAIL: import resolution: in entry-folder peer 'nova_tests.plan118' (D:\Sources\nv-lang\nova-198\nova_tests/plan118\plan118_1_t8_sizeof_pointer_ok.nv): 20:28: expected `{`, got identifier
nova_tests/plan118/t1_1_parse_pointer_types_ok.nv	STALE	CODEGEN-FAIL	CODEGEN-FAIL: import resolution: in entry-folder peer 'nova_tests.plan118' (D:\Sources\nv-lang\nova-198\nova_tests/plan118\plan118_1_t8_sizeof_pointer_ok.nv): 20:28: expected `{`, got identifier
nova_tests/plan118/t1_3_chain_multi_level_ok.nv	STALE	CODEGEN-FAIL	CODEGEN-FAIL: import resolution: in entry-folder peer 'nova_tests.plan118' (D:\Sources\nv-lang\nova-198\nova_tests/plan118\plan118_1_t8_sizeof_pointer_ok.nv): 20:28: expected `{`, got identifier
nova_tests/plan118/t1_6_record_field_pointer_ok.nv	STALE	CODEGEN-FAIL	CODEGEN-FAIL: import resolution: in entry-folder peer 'nova_tests.plan118' (D:\Sources\nv-lang\nova-198\nova_tests/plan118\plan118_1_t8_sizeof_pointer_ok.nv): 20:28: expected `{`, got identifier
nova_tests/plan118/t1_8_ptr_legacy_compat_ok.nv	STALE	CODEGEN-FAIL	CODEGEN-FAIL: import resolution: in entry-folder peer 'nova_tests.plan118' (D:\Sources\nv-lang\nova-198\nova_tests/plan118\plan118_1_t8_sizeof_pointer_ok.nv): 20:28: expected `{`, got identifier
nova_tests/plan118/t1_9_chain_modifiers_ok.nv	STALE	CODEGEN-FAIL	CODEGEN-FAIL: import resolution: in entry-folder peer 'nova_tests.plan118' (D:\Sources\nv-lang\nova-198\nova_tests/plan118\plan118_1_t8_sizeof_pointer_ok.nv): 20:28: expected `{`, got identifier
nova_tests/plan118/t2_1_addr_of_deref_in_unsafe_ok.nv	STALE	CODEGEN-FAIL	CODEGEN-FAIL: import resolution: in entry-folder peer 'nova_tests.plan118' (D:\Sources\nv-lang\nova-198\nova_tests/plan118\plan118_1_t8_sizeof_pointer_ok.nv): 20:28: expected `{`, got identifier
nova_tests/plan118/t2_neg_amp_const_binding.nv	STALE	CODEGEN-FAIL	CODEGEN-FAIL: import resolution: in entry-folder peer 'nova_tests.plan118' (D:\Sources\nv-lang\nova-198\nova_tests/plan118\plan118_1_t8_sizeof_pointer_ok.nv): 20:28: expected `{`, got identifier
nova_tests/plan118/t3_1_unsafe_block_parses_ok.nv	STALE	CODEGEN-FAIL	CODEGEN-FAIL: import resolution: in entry-folder peer 'nova_tests.plan118' (D:\Sources\nv-lang\nova-198\nova_tests/plan118\plan118_1_t8_sizeof_pointer_ok.nv): 20:28: expected `{`, got identifier
nova_tests/plan118/t3_2_unsafe_fn_attr_ok.nv	STALE	CODEGEN-FAIL	CODEGEN-FAIL: import resolution: in entry-folder peer 'nova_tests.plan118' (D:\Sources\nv-lang\nova-198\nova_tests/plan118\plan118_1_t8_sizeof_pointer_ok.nv): 20:28: expected `{`, got identifier
nova_tests/plan118/t3_3_addr_of_deref_in_unsafe_ok.nv	STALE	CODEGEN-FAIL	CODEGEN-FAIL: import resolution: in entry-folder peer 'nova_tests.plan118' (D:\Sources\nv-lang\nova-198\nova_tests/plan118\plan118_1_t8_sizeof_pointer_ok.nv): 20:28: expected `{`, got identifier
nova_tests/plan118/t4_1_auto_deref_record_field_ok.nv	STALE	CODEGEN-FAIL	CODEGEN-FAIL: import resolution: in entry-folder peer 'nova_tests.plan118' (D:\Sources\nv-lang\nova-198\nova_tests/plan118\plan118_1_t8_sizeof_pointer_ok.nv): 20:28: expected `{`, got identifier
nova_tests/plan118/t4_3_ptr_order_compare_in_unsafe_ok.nv	STALE	CODEGEN-FAIL	CODEGEN-FAIL: import resolution: in entry-folder peer 'nova_tests.plan118' (D:\Sources\nv-lang\nova-198\nova_tests/plan118\plan118_1_t8_sizeof_pointer_ok.nv): 20:28: expected `{`, got identifier
nova_tests/plan118/t4_ptr_index_in_unsafe_ok.nv	STALE	CODEGEN-FAIL	CODEGEN-FAIL: import resolution: in entry-folder peer 'nova_tests.plan118' (D:\Sources\nv-lang\nova-198\nova_tests/plan118\plan118_1_t8_sizeof_pointer_ok.nv): 20:28: expected `{`, got identifier
nova_tests/plan118/t5_1_option_pointer_parses_ok.nv	STALE	CODEGEN-FAIL	CODEGEN-FAIL: import resolution: in entry-folder peer 'nova_tests.plan118' (D:\Sources\nv-lang\nova-198\nova_tests/plan118\plan118_1_t8_sizeof_pointer_ok.nv): 20:28: expected `{`, got identifier
nova_tests/plan118/t5_2_npo_some_none_construction_ok.nv	STALE	CODEGEN-FAIL	CODEGEN-FAIL: import resolution: in entry-folder peer 'nova_tests.plan118' (D:\Sources\nv-lang\nova-198\nova_tests/plan118\plan118_1_t8_sizeof_pointer_ok.nv): 20:28: expected `{`, got identifier
nova_tests/plan118/t5_3_npo_match_pattern_ok.nv	STALE	CODEGEN-FAIL	CODEGEN-FAIL: import resolution: in entry-folder peer 'nova_tests.plan118' (D:\Sources\nv-lang\nova-198\nova_tests/plan118\plan118_1_t8_sizeof_pointer_ok.nv): 20:28: expected `{`, got identifier
nova_tests/plan118/t5_4_npo_sizeof_abi_ok.nv	STALE	CODEGEN-FAIL	CODEGEN-FAIL: import resolution: in entry-folder peer 'nova_tests.plan118' (D:\Sources\nv-lang\nova-198\nova_tests/plan118\plan118_1_t8_sizeof_pointer_ok.nv): 20:28: expected `{`, got identifier
nova_tests/plan118/t5_5_npo_option_ptr_ok.nv	STALE	CODEGEN-FAIL	CODEGEN-FAIL: import resolution: in entry-folder peer 'nova_tests.plan118' (D:\Sources\nv-lang\nova-198\nova_tests/plan118\plan118_1_t8_sizeof_pointer_ok.nv): 20:28: expected `{`, got identifier
nova_tests/plan118/t5_6_npo_newtype_handle_ok.nv	STALE	CODEGEN-FAIL	CODEGEN-FAIL: import resolution: in entry-folder peer 'nova_tests.plan118' (D:\Sources\nv-lang\nova-198\nova_tests/plan118\plan118_1_t8_sizeof_pointer_ok.nv): 20:28: expected `{`, got identifier
nova_tests/plan118/t5_7_npo_option_fn_pointer_ok.nv	STALE	CODEGEN-FAIL	CODEGEN-FAIL: import resolution: in entry-folder peer 'nova_tests.plan118' (D:\Sources\nv-lang\nova-198\nova_tests/plan118\plan118_1_t8_sizeof_pointer_ok.nv): 20:28: expected `{`, got identifier
nova_tests/plan118/t5_warn_option_double_nested.nv	STALE	CODEGEN-FAIL	CODEGEN-FAIL: import resolution: in entry-folder peer 'nova_tests.plan118' (D:\Sources\nv-lang\nova-198\nova_tests/plan118\plan118_1_t8_sizeof_pointer_ok.nv): 20:28: expected `{`, got identifier
nova_tests/plan118/t6_1_fn_pointer_type_ok.nv	STALE	CODEGEN-FAIL	CODEGEN-FAIL: import resolution: in entry-folder peer 'nova_tests.plan118' (D:\Sources\nv-lang\nova-198\nova_tests/plan118\plan118_1_t8_sizeof_pointer_ok.nv): 20:28: expected `{`, got identifier
nova_tests/plan118_1_7/neg/t3_neg_call_unsafe_fn_without_wrap.nv	MIGRATE	PASS	compiles+passes; target spec_tests/conformance (language-feature test) unless std-module-shaped
nova_tests/plan118_1_7/neg/t4_neg_unsafe_attr_deprecated.nv	MIGRATE	PASS	compiles+passes; target spec_tests/conformance (language-feature test) unless std-module-shaped
nova_tests/plan118_1_7/t1_pos_unsafe_fn_body_implicit_context.nv	STALE	CODEGEN-FAIL	CODEGEN-FAIL: import resolution: in entry-folder peer 'nova_tests.plan118_1_7' (D:\Sources\nv-lang\nova-198\nova_tests/plan118_1_7\t2_pos_unsafe_fn_keyword_parses.nv): 16:17: [E_EXTERNAL_FN_RETRACTED] `external fn` sy...
nova_tests/plan118_1_7/t2_pos_unsafe_fn_keyword_parses.nv	STALE	CODEGEN-FAIL	CODEGEN-FAIL: import resolution: in entry-folder peer 'nova_tests.plan118_1_7' (D:\Sources\nv-lang\nova-198\nova_tests/plan118_1_7\t2_pos_unsafe_fn_keyword_parses.nv): 16:17: [E_EXTERNAL_FN_RETRACTED] `external fn` sy...
nova_tests/plan118_1_7/t5_pos_unsafe_fn_ptr_type_propagation.nv	STALE	CODEGEN-FAIL	CODEGEN-FAIL: import resolution: in entry-folder peer 'nova_tests.plan118_1_7' (D:\Sources\nv-lang\nova-198\nova_tests/plan118_1_7\t2_pos_unsafe_fn_keyword_parses.nv): 16:17: [E_EXTERNAL_FN_RETRACTED] `external fn` sy...
nova_tests/plan118_1_cstr_nul/t1_pos_as_cstr_no_nul.nv	MIGRATE	PASS	compiles+passes; target spec_tests/conformance (language-feature test) unless std-module-shaped
nova_tests/plan118_1_cstr_nul/t2_neg_as_cstr_embedded_nul.nv	MIGRATE	PASS	compiles+passes; target spec_tests/conformance (language-feature test) unless std-module-shaped
nova_tests/plan118_1_unsafe_extern_fn/neg/t2_neg_unsafe_extern_fn_call_outside_unsafe.nv	STALE	NEG-WRONG-MSG	NEG-WRONG-MSG: expected pattern 'E_UNSAFE_CALL_REQUIRES_WRAP' not found in: D:\Sources\nv-lang\nova-198\nova_tests/plan118_1_unsafe_extern_fn\neg\t2_neg_unsafe_extern_fn_call_outside_unsafe.nv:8:1
nova_tests/plan118_1_unsafe_extern_fn/t1_pos_unsafe_extern_fn_parses_ok.nv	STALE	CODEGEN-FAIL	CODEGEN-FAIL: D:\Sources\nv-lang\nova-198\nova_tests/plan118_1_unsafe_extern_fn\t1_pos_unsafe_extern_fn_parses_ok.nv:6:17: error: [E_EXTERNAL_FN_RETRACTED] `external fn` syntax was removed (D282, Plan 91.12). Use `ext...
nova_tests/plan11_followup/f10_hashmap_self_restored_positive.nv	STALE	CODEGEN-FAIL	CODEGEN-FAIL: import resolution: 3 import error(s):
nova_tests/plan11_followup/f11_stringbuilder_new_methods_positive.nv	STALE	CODEGEN-FAIL	CODEGEN-FAIL: import resolution: 3 import error(s):
nova_tests/plan11_followup/f12_variadic_str_array_positive.nv	STALE	CODEGEN-FAIL	CODEGEN-FAIL: import resolution: 3 import error(s):
nova_tests/plan11_followup/f13_path_join_normalize_positive.nv	STALE	CODEGEN-FAIL	CODEGEN-FAIL: import resolution: 3 import error(s):
nova_tests/plan11_followup/f14_hashmap_clone_filter_positive.nv	STALE	CODEGEN-FAIL	CODEGEN-FAIL: import resolution: 3 import error(s):
nova_tests/plan11_followup/f16_path_alias_variadic_positive.nv	STALE	CODEGEN-FAIL	CODEGEN-FAIL: import resolution: 3 import error(s):
nova_tests/plan11_followup/f17_alias_nonvariadic_check.nv	STALE	CODEGEN-FAIL	CODEGEN-FAIL: import resolution: 3 import error(s):
nova_tests/plan11_followup/f18_hashmap_from_self_positive.nv	STALE	CODEGEN-FAIL	CODEGEN-FAIL: import resolution: 3 import error(s):
nova_tests/plan11_followup/f19_self_factory_simple_positive.nv	STALE	CODEGEN-FAIL	CODEGEN-FAIL: import resolution: 3 import error(s):
nova_tests/plan11_followup/f1_self_return_type_generic_instance_positive.nv	STALE	CODEGEN-FAIL	CODEGEN-FAIL: import resolution: 3 import error(s):
nova_tests/plan11_followup/f20_result_with_tuple_positive.nv	STALE	CODEGEN-FAIL	CODEGEN-FAIL: import resolution: 3 import error(s):
nova_tests/plan11_followup/f2_self_method_static_dispatch_positive.nv	STALE	CODEGEN-FAIL	CODEGEN-FAIL: import resolution: 3 import error(s):
nova_tests/plan11_followup/f3_self_method_instance_dispatch_positive.nv	STALE	CODEGEN-FAIL	CODEGEN-FAIL: import resolution: 3 import error(s):
nova_tests/plan11_followup/f4_self_param_type_positive.nv	STALE	CODEGEN-FAIL	CODEGEN-FAIL: import resolution: 3 import error(s):
nova_tests/plan11_followup/f5_self_literal_in_body_positive.nv	STALE	CODEGEN-FAIL	CODEGEN-FAIL: import resolution: 3 import error(s):
nova_tests/plan11_followup/f7_assert_in_match_arm_positive.nv	STALE	CODEGEN-FAIL	CODEGEN-FAIL: import resolution: 3 import error(s):
nova_tests/plan11_followup/f8_assert_in_if_expr_positive.nv	STALE	CODEGEN-FAIL	CODEGEN-FAIL: import resolution: 3 import error(s):
nova_tests/plan11_followup/neg/f15_stringbuilder_consumed_negative.nv	MIGRATE	PASS	compiles+passes; target spec_tests/conformance (language-feature test) unless std-module-shaped
nova_tests/plan11_followup/neg/f6_self_outside_receiver_negative.nv	MIGRATE	PASS	compiles+passes; target spec_tests/conformance (language-feature test) unless std-module-shaped
nova_tests/plan11_followup/neg/f9_assert_failure_negative.nv	MIGRATE	PASS	compiles+passes; target spec_tests/conformance (language-feature test) unless std-module-shaped
nova_tests/plan120/neg/neg_t4_missing_required.nv	MIGRATE	PASS	compiles+passes; target spec_tests/conformance (language-feature test) unless std-module-shaped
nova_tests/plan120/neg/neg_t5_unknown_field.nv	MIGRATE	PASS	compiles+passes; target spec_tests/conformance (language-feature test) unless std-module-shaped
nova_tests/plan120/neg/neg_t6_named_access_on_positional.nv	MIGRATE	PASS	compiles+passes; target spec_tests/conformance (language-feature test) unless std-module-shaped
nova_tests/plan120/neg/neg_t6_positional_access_on_named.nv	MIGRATE	PASS	compiles+passes; target spec_tests/conformance (language-feature test) unless std-module-shaped
nova_tests/plan120/neg/neg_t7_named_on_positional.nv	MIGRATE	PASS	compiles+passes; target spec_tests/conformance (language-feature test) unless std-module-shaped
nova_tests/plan120/neg/neg_t8_arity_mismatch_named.nv	MIGRATE	PASS	compiles+passes; target spec_tests/conformance (language-feature test) unless std-module-shaped
nova_tests/plan120/neg/neg_t9_unknown_field.nv	MIGRATE	PASS	compiles+passes; target spec_tests/conformance (language-feature test) unless std-module-shaped
nova_tests/plan120/t1_basic_named_tuple.nv	MIGRATE	PASS	compiles+passes; target spec_tests/conformance (language-feature test) unless std-module-shaped
nova_tests/plan120/t2_types.nv	MIGRATE	PASS	compiles+passes; target spec_tests/conformance (language-feature test) unless std-module-shaped
nova_tests/plan120/t3_methods.nv	MIGRATE	PASS	compiles+passes; target spec_tests/conformance (language-feature test) unless std-module-shaped
nova_tests/plan120/t4_defaults.nv	MIGRATE	PASS	compiles+passes; target spec_tests/conformance (language-feature test) unless std-module-shaped
nova_tests/plan120/t5_defaults_methods.nv	MIGRATE	PASS	compiles+passes; target spec_tests/conformance (language-feature test) unless std-module-shaped
nova_tests/plan123/plan123_1_1_v1_1_single_read_region_no_cache_ok.nv	MIGRATE	PASS	compiles+passes; target spec_tests/conformance (language-feature test) unless std-module-shaped
nova_tests/plan123/plan123_1_1_v1_1_three_regions_mixed_ok.nv	MIGRATE	PASS	compiles+passes; target spec_tests/conformance (language-feature test) unless std-module-shaped
nova_tests/plan123/plan123_1_1_v1_1_two_regions_write_ok.nv	MIGRATE	PASS	compiles+passes; target spec_tests/conformance (language-feature test) unless std-module-shaped
nova_tests/plan123/plan123_1_2_v1_2_match_arm_nested_ok.nv	MIGRATE	PASS	compiles+passes; target spec_tests/conformance (language-feature test) unless std-module-shaped
nova_tests/plan123/plan123_1_2_v1_2_negative_below_threshold_nested_ok.nv	MIGRATE	PASS	compiles+passes; target spec_tests/conformance (language-feature test) unless std-module-shaped
nova_tests/plan123/plan123_1_2_v1_2_nested_then_block_with_internal_write_ok.nv	MIGRATE	PASS	compiles+passes; target spec_tests/conformance (language-feature test) unless std-module-shaped
nova_tests/plan123/plan123_1_2_v1_2_nested_while_body_ok.nv	MIGRATE	PASS	compiles+passes; target spec_tests/conformance (language-feature test) unless std-module-shaped
nova_tests/plan123/plan123_1_2_v1_2_outer_and_nested_compose_ok.nv	MIGRATE	PASS	compiles+passes; target spec_tests/conformance (language-feature test) unless std-module-shaped
nova_tests/plan123/plan123_1_deep_expression_tree_ok.nv	MIGRATE	PASS	compiles+passes; target spec_tests/conformance (language-feature test) unless std-module-shaped
nova_tests/plan123/plan123_1_early_return_ok.nv	MIGRATE	PASS	compiles+passes; target spec_tests/conformance (language-feature test) unless std-module-shaped
nova_tests/plan123/plan123_1_embed_field_no_cache_ok.nv	MIGRATE	PASS	compiles+passes; target spec_tests/conformance (language-feature test) unless std-module-shaped
nova_tests/plan123/plan123_1_loop_iteration_ok.nv	MIGRATE	PASS	compiles+passes; target spec_tests/conformance (language-feature test) unless std-module-shaped
nova_tests/plan123/plan123_1_method_with_args_ok.nv	MIGRATE	PASS	compiles+passes; target spec_tests/conformance (language-feature test) unless std-module-shaped
nova_tests/plan123/plan123_1_mixed_ro_mut_ok.nv	MIGRATE	PASS	compiles+passes; target spec_tests/conformance (language-feature test) unless std-module-shaped
nova_tests/plan123/plan123_1_mut_field_compound_assign_ok.nv	MIGRATE	PASS	compiles+passes; target spec_tests/conformance (language-feature test) unless std-module-shaped
nova_tests/plan123/plan123_1_mut_field_straight_line_ok.nv	MIGRATE	PASS	compiles+passes; target spec_tests/conformance (language-feature test) unless std-module-shaped
nova_tests/plan123/plan123_1_mut_field_write_boundary_ok.nv	MIGRATE	PASS	compiles+passes; target spec_tests/conformance (language-feature test) unless std-module-shaped
nova_tests/plan123/plan123_1_named_tuple_ok.nv	MIGRATE	PASS	compiles+passes; target spec_tests/conformance (language-feature test) unless std-module-shaped
nova_tests/plan123/plan123_1_nested_blocks_ok.nv	MIGRATE	PASS	compiles+passes; target spec_tests/conformance (language-feature test) unless std-module-shaped
nova_tests/plan123/plan123_1_prop_collision_avoidance_ok.nv	MIGRATE	PASS	compiles+passes; target spec_tests/conformance (language-feature test) unless std-module-shaped
nova_tests/plan123/plan123_1_prop_semantic_equivalence_ok.nv	MIGRATE	PASS	compiles+passes; target spec_tests/conformance (language-feature test) unless std-module-shaped
nova_tests/plan123/plan123_1_prop_threshold_invariance_ok.nv	MIGRATE	PASS	compiles+passes; target spec_tests/conformance (language-feature test) unless std-module-shaped
nova_tests/plan123/plan123_1_ro_field_unconditional_ok.nv	MIGRATE	PASS	compiles+passes; target spec_tests/conformance (language-feature test) unless std-module-shaped
nova_tests/plan123/plan123_1_static_method_no_cache_ok.nv	MIGRATE	PASS	compiles+passes; target spec_tests/conformance (language-feature test) unless std-module-shaped
nova_tests/plan123/plan123_1_sum_type_no_field_cache_ok.nv	MIGRATE	PASS	compiles+passes; target spec_tests/conformance (language-feature test) unless std-module-shaped
nova_tests/plan123/plan123_1_threshold_boundary_ok.nv	MIGRATE	PASS	compiles+passes; target spec_tests/conformance (language-feature test) unless std-module-shaped
nova_tests/plan123/plan123_2_1_v2_1_loop_body_weighted_ok.nv	MIGRATE	PASS	compiles+passes; target spec_tests/conformance (language-feature test) unless std-module-shaped
nova_tests/plan123/plan123_2_licm_break_continue_ok.nv	MIGRATE	PASS	compiles+passes; target spec_tests/conformance (language-feature test) unless std-module-shaped
nova_tests/plan123/plan123_2_licm_escape_hatch_ok.nv	MIGRATE	PASS	compiles+passes; target spec_tests/conformance (language-feature test) unless std-module-shaped
nova_tests/plan123/plan123_2_licm_for_loop_ok.nv	MIGRATE	PASS	compiles+passes; target spec_tests/conformance (language-feature test) unless std-module-shaped
nova_tests/plan123/plan123_2_licm_loop_keyword_ok.nv	MIGRATE	PASS	compiles+passes; target spec_tests/conformance (language-feature test) unless std-module-shaped
nova_tests/plan123/plan123_2_licm_mut_after_call_ok.nv	MIGRATE	PASS	compiles+passes; target spec_tests/conformance (language-feature test) unless std-module-shaped
nova_tests/plan123/plan123_2_licm_nested_loops_ok.nv	MIGRATE	PASS	compiles+passes; target spec_tests/conformance (language-feature test) unless std-module-shaped
nova_tests/plan123/plan123_2_licm_ro_in_loop_ok.nv	MIGRATE	PASS	compiles+passes; target spec_tests/conformance (language-feature test) unless std-module-shaped
nova_tests/plan123/plan123_2_licm_while_let_ok.nv	MIGRATE	PASS	compiles+passes; target spec_tests/conformance (language-feature test) unless std-module-shaped
nova_tests/plan123/plan123_2_licm_zero_iter_safe_ok.nv	MIGRATE	PASS	compiles+passes; target spec_tests/conformance (language-feature test) unless std-module-shaped
nova_tests/plan123/plan123_2_neg_mut_call_in_loop_ok.nv	MIGRATE	PASS	compiles+passes; target spec_tests/conformance (language-feature test) unless std-module-shaped
nova_tests/plan123/plan123_2_neg_mut_write_in_loop_ok.nv	MIGRATE	PASS	compiles+passes; target spec_tests/conformance (language-feature test) unless std-module-shaped
nova_tests/plan123/plan123_2_neg_parallel_for_skip_ok.nv	MIGRATE	PASS	compiles+passes; target spec_tests/conformance (language-feature test) unless std-module-shaped
nova_tests/plan123/plan123_2_prop_licm_composition_ok.nv	MIGRATE	PASS	compiles+passes; target spec_tests/conformance (language-feature test) unless std-module-shaped
nova_tests/plan123/plan123_2_prop_licm_semantic_equiv_ok.nv	MIGRATE	PASS	compiles+passes; target spec_tests/conformance (language-feature test) unless std-module-shaped
nova_tests/plan123/plan123_3_2_v32_neg_non_literal_arg_not_cached_ok.nv	MIGRATE	PASS	compiles+passes; target spec_tests/conformance (language-feature test) unless std-module-shaped
nova_tests/plan123/plan123_3_2_v32_record_literal_args_ok.nv	MIGRATE	PASS	compiles+passes; target spec_tests/conformance (language-feature test) unless std-module-shaped
nova_tests/plan123/plan123_3_2_v32_tuple_literal_args_ok.nv	MIGRATE	PASS	compiles+passes; target spec_tests/conformance (language-feature test) unless std-module-shaped
nova_tests/plan123/plan123_3_neg_mut_write_skips_ok.nv	MIGRATE	PASS	compiles+passes; target spec_tests/conformance (language-feature test) unless std-module-shaped
nova_tests/plan123/plan123_3_neg_non_pure_skip_ok.nv	MIGRATE	PASS	compiles+passes; target spec_tests/conformance (language-feature test) unless std-module-shaped
nova_tests/plan123/plan123_3_neg_pure_with_args_skip_ok.nv	MIGRATE	PASS	compiles+passes; target spec_tests/conformance (language-feature test) unless std-module-shaped
nova_tests/plan123/plan123_3_prop_pure_escape_hatch_ok.nv	MIGRATE	PASS	compiles+passes; target spec_tests/conformance (language-feature test) unless std-module-shaped
nova_tests/plan123/plan123_3_prop_pure_semantic_ok.nv	MIGRATE	PASS	compiles+passes; target spec_tests/conformance (language-feature test) unless std-module-shaped
nova_tests/plan123/plan123_3_pure_in_conditional_branches_ok.nv	MIGRATE	PASS	compiles+passes; target spec_tests/conformance (language-feature test) unless std-module-shaped
nova_tests/plan123/plan123_3_pure_in_loop_ok.nv	MIGRATE	PASS	compiles+passes; target spec_tests/conformance (language-feature test) unless std-module-shaped
nova_tests/plan123/plan123_3_pure_multiple_methods_ok.nv	MIGRATE	PASS	compiles+passes; target spec_tests/conformance (language-feature test) unless std-module-shaped
nova_tests/plan123/plan123_3_pure_self_method_ok.nv	MIGRATE	PASS	compiles+passes; target spec_tests/conformance (language-feature test) unless std-module-shaped
nova_tests/plan123/plan123_3_pure_three_calls_ok.nv	MIGRATE	PASS	compiles+passes; target spec_tests/conformance (language-feature test) unless std-module-shaped
nova_tests/plan123/plan123_3_pure_threshold_one_skip_ok.nv	MIGRATE	PASS	compiles+passes; target spec_tests/conformance (language-feature test) unless std-module-shaped
nova_tests/plan123/plan123_3_pure_with_ro_fields_composition_ok.nv	MIGRATE	PASS	compiles+passes; target spec_tests/conformance (language-feature test) unless std-module-shaped
nova_tests/plan123/plan123_4_2_v42_chain_prefix_sharing_ok.nv	MIGRATE	PASS	compiles+passes; target spec_tests/conformance (language-feature test) unless std-module-shaped
nova_tests/plan123/plan123_4_3_v43_deep_prefix_three_level_ok.nv	MIGRATE	PASS	compiles+passes; target spec_tests/conformance (language-feature test) unless std-module-shaped
nova_tests/plan123/plan123_4_3_v43_mixed_length_chains_ok.nv	MIGRATE	PASS	compiles+passes; target spec_tests/conformance (language-feature test) unless std-module-shaped
nova_tests/plan123/plan123_4_3_v43_no_deep_prefix_three_distinct_chains_ok.nv	MIGRATE	PASS	compiles+passes; target spec_tests/conformance (language-feature test) unless std-module-shaped
nova_tests/plan123/plan123_4_4_v123_4_4_writebuffer_chain_semantic_ok.nv	MIGRATE	PASS	compiles+passes; target spec_tests/conformance (language-feature test) unless std-module-shaped
nova_tests/plan123/plan123_4_chain_in_loop_ok.nv	MIGRATE	PASS	compiles+passes; target spec_tests/conformance (language-feature test) unless std-module-shaped
nova_tests/plan123/plan123_4_chain_multiple_paths_ok.nv	MIGRATE	PASS	compiles+passes; target spec_tests/conformance (language-feature test) unless std-module-shaped
nova_tests/plan123/plan123_4_chain_three_level_ok.nv	MIGRATE	PASS	compiles+passes; target spec_tests/conformance (language-feature test) unless std-module-shaped
nova_tests/plan123/plan123_4_chain_threshold_single_skip_ok.nv	MIGRATE	PASS	compiles+passes; target spec_tests/conformance (language-feature test) unless std-module-shaped
nova_tests/plan123/plan123_4_chain_two_level_ok.nv	MIGRATE	PASS	compiles+passes; target spec_tests/conformance (language-feature test) unless std-module-shaped
nova_tests/plan123/plan123_4_chain_with_calls_ok.nv	MIGRATE	PASS	compiles+passes; target spec_tests/conformance (language-feature test) unless std-module-shaped
nova_tests/plan123/plan123_4_chain_with_conditionals_ok.nv	MIGRATE	PASS	compiles+passes; target spec_tests/conformance (language-feature test) unless std-module-shaped
nova_tests/plan123/plan123_4_neg_chain_below_threshold_skip_ok.nv	MIGRATE	PASS	compiles+passes; target spec_tests/conformance (language-feature test) unless std-module-shaped
nova_tests/plan123/plan123_4_neg_chain_with_write_skip_ok.nv	MIGRATE	PASS	compiles+passes; target spec_tests/conformance (language-feature test) unless std-module-shaped
nova_tests/plan123/plan123_4_prop_chain_semantic_ok.nv	MIGRATE	PASS	compiles+passes; target spec_tests/conformance (language-feature test) unless std-module-shaped
nova_tests/plan123/plan123_5_4_v5_4_explain_surfaces_nested_ok.nv	MIGRATE	PASS	compiles+passes; target spec_tests/conformance (language-feature test) unless std-module-shaped
nova_tests/plan123/plan123_5_test_explain_ok.nv	MIGRATE	PASS	compiles+passes; target spec_tests/conformance (language-feature test) unless std-module-shaped
nova_tests/plan123/plan123_7_1_ipa_chain_per_root_invalidation_ok.nv	MIGRATE	PASS	compiles+passes; target spec_tests/conformance (language-feature test) unless std-module-shaped
nova_tests/plan123/plan123_7_1_ipa_chain_root_write_invalidates_ok.nv	MIGRATE	PASS	compiles+passes; target spec_tests/conformance (language-feature test) unless std-module-shaped
nova_tests/plan123/plan123_7_1_ipa_licm_mut_hoist_with_non_writing_call_ok.nv	MIGRATE	PASS	compiles+passes; target spec_tests/conformance (language-feature test) unless std-module-shaped
nova_tests/plan123/plan123_7_1_ipa_mut_invalidates_on_writing_call_ok.nv	MIGRATE	PASS	compiles+passes; target spec_tests/conformance (language-feature test) unless std-module-shaped
nova_tests/plan123/plan123_7_1_ipa_mut_survives_non_writing_call_ok.nv	MIGRATE	PASS	compiles+passes; target spec_tests/conformance (language-feature test) unless std-module-shaped
nova_tests/plan123/plan123_7_1_ipa_pure_frame_based_invalidation_ok.nv	MIGRATE	PASS	compiles+passes; target spec_tests/conformance (language-feature test) unless std-module-shaped
nova_tests/plan123/plan123_7_1_ipa_transitive_closure_ok.nv	MIGRATE	PASS	compiles+passes; target spec_tests/conformance (language-feature test) unless std-module-shaped
nova_tests/plan123/plan123_7_1_neg_ipa_disabled_fallback_ok.nv	MIGRATE	PASS	compiles+passes; target spec_tests/conformance (language-feature test) unless std-module-shaped
nova_tests/plan123/plan123_7_1_neg_ipa_unknown_callee_conservative_ok.nv	MIGRATE	PASS	compiles+passes; target spec_tests/conformance (language-feature test) unless std-module-shaped
nova_tests/plan123/plan123_7_1_prop_ipa_semantic_equivalence_ok.nv	MIGRATE	PASS	compiles+passes; target spec_tests/conformance (language-feature test) unless std-module-shaped
nova_tests/plan123/plan123_7_2_v72_explicit_ipa_threading_ok.nv	MIGRATE	PASS	compiles+passes; target spec_tests/conformance (language-feature test) unless std-module-shaped
nova_tests/plan123/plan123_7_2_v72_no_recv_skips_ipa_ok.nv	MIGRATE	PASS	compiles+passes; target spec_tests/conformance (language-feature test) unless std-module-shaped
nova_tests/plan123/plan123_7_5_v7_5_multiple_siblings_ok.nv	MIGRATE	PASS	compiles+passes; target spec_tests/conformance (language-feature test) unless std-module-shaped
nova_tests/plan123/plan123_7_5_v7_5_sibling_survives_field_method_ok.nv	MIGRATE	PASS	compiles+passes; target spec_tests/conformance (language-feature test) unless std-module-shaped
nova_tests/plan123/plan123_7_5_v7_5_var_method_invalidates_neg_ok.nv	MIGRATE	PASS	compiles+passes; target spec_tests/conformance (language-feature test) unless std-module-shaped
nova_tests/plan123/plan123_7_6_v7_6_array_own_cache_survives_ok.nv	MIGRATE	PASS	compiles+passes; target spec_tests/conformance (language-feature test) unless std-module-shaped
nova_tests/plan123/plan123_7_7_v7_7_chain_receiver_sibling_safe_ok.nv	MIGRATE	PASS	compiles+passes; target spec_tests/conformance (language-feature test) unless std-module-shaped
nova_tests/plan123/plan123_7_7_v7_7_depth_3_chain_ok.nv	MIGRATE	PASS	compiles+passes; target spec_tests/conformance (language-feature test) unless std-module-shaped
nova_tests/plan123/plan123_7_ipa_no_regression_ok.nv	MIGRATE	PASS	compiles+passes; target spec_tests/conformance (language-feature test) unless std-module-shaped
nova_tests/plan123/plan123_chain_elem_p1_set_ops_iter_ok.nv	MIGRATE	PASS	compiles+passes; target spec_tests/conformance (language-feature test) unless std-module-shaped
nova_tests/plan123/plan123_chain_elem_p2_hashmap_iter_ok.nv	MIGRATE	PASS	compiles+passes; target spec_tests/conformance (language-feature test) unless std-module-shaped
nova_tests/plan123/plan123_followups_2026_06_05_m1_v7_6_heap_record_field_ok.nv	MIGRATE	PASS	compiles+passes; target spec_tests/conformance (language-feature test) unless std-module-shaped
nova_tests/plan123/plan123_followups_2026_06_05_m1_v7_6_value_record_field_neg.nv	MIGRATE	PASS	compiles+passes; target spec_tests/conformance (language-feature test) unless std-module-shaped
nova_tests/plan123/plan123_followups_2026_06_05_m2_v5_4_1_nested_region_ok.nv	MIGRATE	PASS	compiles+passes; target spec_tests/conformance (language-feature test) unless std-module-shaped
nova_tests/plan123/plan123_followups_2026_06_05_m3_chain_norm_v2_non_fluent_skip_neg.nv	MIGRATE	PASS	compiles+passes; target spec_tests/conformance (language-feature test) unless std-module-shaped
nova_tests/plan123/plan123_followups_2026_06_05_m3_chain_norm_v2_user_fluent_ok.nv	MIGRATE	PASS	compiles+passes; target spec_tests/conformance (language-feature test) unless std-module-shaped
nova_tests/plan123/plan123_followups_2026_06_05_m4_chain_norm_v3_local_root_ok.nv	MIGRATE	PASS	compiles+passes; target spec_tests/conformance (language-feature test) unless std-module-shaped
nova_tests/plan123/plan123_followups_2026_06_05_m5_v2_1_licm_weighted_ok.nv	MIGRATE	PASS	compiles+passes; target spec_tests/conformance (language-feature test) unless std-module-shaped
nova_tests/plan123/plan123_followups_2026_06_05_m6_v2_1_dyn_range_ok.nv	MIGRATE	PASS	compiles+passes; target spec_tests/conformance (language-feature test) unless std-module-shaped
nova_tests/plan123/plan123_followups_2026_06_05_m6_v2_1_dyn_small_range_neg.nv	MIGRATE	PASS	compiles+passes; target spec_tests/conformance (language-feature test) unless std-module-shaped
nova_tests/plan123/plan123_followups_2026_06_05_m7_v7_6_realloc_method_ok.nv	MIGRATE	PASS	compiles+passes; target spec_tests/conformance (language-feature test) unless std-module-shaped
nova_tests/plan123/plan123_followups_2026_06_05_m7_v7_6_realloc_non_self_param_neg.nv	MIGRATE	PASS	compiles+passes; target spec_tests/conformance (language-feature test) unless std-module-shaped
nova_tests/plan123_1/deep_expression_tree_ok.nv	MIGRATE	PASS	compiles+passes; target spec_tests/conformance (language-feature test) unless std-module-shaped
nova_tests/plan123_1/early_return_ok.nv	MIGRATE	PASS	compiles+passes; target spec_tests/conformance (language-feature test) unless std-module-shaped
nova_tests/plan123_1/embed_field_no_cache_ok.nv	MIGRATE	PASS	compiles+passes; target spec_tests/conformance (language-feature test) unless std-module-shaped
nova_tests/plan123_1/loop_iteration_ok.nv	MIGRATE	PASS	compiles+passes; target spec_tests/conformance (language-feature test) unless std-module-shaped
nova_tests/plan123_1/method_with_args_ok.nv	MIGRATE	PASS	compiles+passes; target spec_tests/conformance (language-feature test) unless std-module-shaped
nova_tests/plan123_1/mixed_ro_mut_ok.nv	MIGRATE	PASS	compiles+passes; target spec_tests/conformance (language-feature test) unless std-module-shaped
nova_tests/plan123_1/mut_field_compound_assign_ok.nv	MIGRATE	PASS	compiles+passes; target spec_tests/conformance (language-feature test) unless std-module-shaped
nova_tests/plan123_1/mut_field_straight_line_ok.nv	MIGRATE	PASS	compiles+passes; target spec_tests/conformance (language-feature test) unless std-module-shaped
nova_tests/plan123_1/mut_field_write_boundary_ok.nv	MIGRATE	PASS	compiles+passes; target spec_tests/conformance (language-feature test) unless std-module-shaped
nova_tests/plan123_1/named_tuple_ok.nv	MIGRATE	PASS	compiles+passes; target spec_tests/conformance (language-feature test) unless std-module-shaped
nova_tests/plan123_1/nested_blocks_ok.nv	MIGRATE	PASS	compiles+passes; target spec_tests/conformance (language-feature test) unless std-module-shaped
nova_tests/plan123_1/prop_collision_avoidance_ok.nv	MIGRATE	PASS	compiles+passes; target spec_tests/conformance (language-feature test) unless std-module-shaped
nova_tests/plan123_1/prop_semantic_equivalence_ok.nv	MIGRATE	PASS	compiles+passes; target spec_tests/conformance (language-feature test) unless std-module-shaped
nova_tests/plan123_1/prop_threshold_invariance_ok.nv	MIGRATE	PASS	compiles+passes; target spec_tests/conformance (language-feature test) unless std-module-shaped
nova_tests/plan123_1/ro_field_unconditional_ok.nv	MIGRATE	PASS	compiles+passes; target spec_tests/conformance (language-feature test) unless std-module-shaped
nova_tests/plan123_1/static_method_no_cache_ok.nv	MIGRATE	PASS	compiles+passes; target spec_tests/conformance (language-feature test) unless std-module-shaped
nova_tests/plan123_1/sum_type_no_field_cache_ok.nv	MIGRATE	PASS	compiles+passes; target spec_tests/conformance (language-feature test) unless std-module-shaped
nova_tests/plan123_1/threshold_boundary_ok.nv	MIGRATE	PASS	compiles+passes; target spec_tests/conformance (language-feature test) unless std-module-shaped
nova_tests/plan123_1_1/v1_1_single_read_region_no_cache_ok.nv	MIGRATE	PASS	compiles+passes; target spec_tests/conformance (language-feature test) unless std-module-shaped
nova_tests/plan123_1_1/v1_1_three_regions_mixed_ok.nv	MIGRATE	PASS	compiles+passes; target spec_tests/conformance (language-feature test) unless std-module-shaped
nova_tests/plan123_1_1/v1_1_two_regions_write_ok.nv	MIGRATE	PASS	compiles+passes; target spec_tests/conformance (language-feature test) unless std-module-shaped
nova_tests/plan123_1_2/v1_2_match_arm_nested_ok.nv	STALE	CODEGEN-FAIL	CODEGEN-FAIL: \\?\D:\Sources\nv-lang\nova-198\std\collections\vec_iter.nv:528:22: error: [E_PREFIX_SHADOWS_NAMED_TYPE] `fn[Acc] ...` — generic `Acc` shadows named type `Acc` in scope (Plan 101.1 / D145). Rename one:
nova_tests/plan123_1_2/v1_2_negative_below_threshold_nested_ok.nv	STALE	CODEGEN-FAIL	CODEGEN-FAIL: \\?\D:\Sources\nv-lang\nova-198\std\collections\vec_iter.nv:528:22: error: [E_PREFIX_SHADOWS_NAMED_TYPE] `fn[Acc] ...` — generic `Acc` shadows named type `Acc` in scope (Plan 101.1 / D145). Rename one:
nova_tests/plan123_1_2/v1_2_nested_then_block_with_internal_write_ok.nv	STALE	CODEGEN-FAIL	CODEGEN-FAIL: \\?\D:\Sources\nv-lang\nova-198\std\collections\vec_iter.nv:528:22: error: [E_PREFIX_SHADOWS_NAMED_TYPE] `fn[Acc] ...` — generic `Acc` shadows named type `Acc` in scope (Plan 101.1 / D145). Rename one:
nova_tests/plan123_1_2/v1_2_nested_while_body_ok.nv	STALE	CODEGEN-FAIL	CODEGEN-FAIL: \\?\D:\Sources\nv-lang\nova-198\std\collections\vec_iter.nv:528:22: error: [E_PREFIX_SHADOWS_NAMED_TYPE] `fn[Acc] ...` — generic `Acc` shadows named type `Acc` in scope (Plan 101.1 / D145). Rename one:
nova_tests/plan123_1_2/v1_2_outer_and_nested_compose_ok.nv	STALE	CODEGEN-FAIL	CODEGEN-FAIL: \\?\D:\Sources\nv-lang\nova-198\std\collections\vec_iter.nv:528:22: error: [E_PREFIX_SHADOWS_NAMED_TYPE] `fn[Acc] ...` — generic `Acc` shadows named type `Acc` in scope (Plan 101.1 / D145). Rename one:
nova_tests/plan123_2/licm_break_continue_ok.nv	MIGRATE	PASS	compiles+passes; target spec_tests/conformance (language-feature test) unless std-module-shaped
nova_tests/plan123_2/licm_escape_hatch_ok.nv	MIGRATE	PASS	compiles+passes; target spec_tests/conformance (language-feature test) unless std-module-shaped
nova_tests/plan123_2/licm_for_loop_ok.nv	MIGRATE	PASS	compiles+passes; target spec_tests/conformance (language-feature test) unless std-module-shaped
nova_tests/plan123_2/licm_loop_keyword_ok.nv	MIGRATE	PASS	compiles+passes; target spec_tests/conformance (language-feature test) unless std-module-shaped
nova_tests/plan123_2/licm_mut_after_call_ok.nv	MIGRATE	PASS	compiles+passes; target spec_tests/conformance (language-feature test) unless std-module-shaped
nova_tests/plan123_2/licm_nested_loops_ok.nv	MIGRATE	PASS	compiles+passes; target spec_tests/conformance (language-feature test) unless std-module-shaped
nova_tests/plan123_2/licm_ro_in_loop_ok.nv	MIGRATE	PASS	compiles+passes; target spec_tests/conformance (language-feature test) unless std-module-shaped
nova_tests/plan123_2/licm_while_let_ok.nv	MIGRATE	PASS	compiles+passes; target spec_tests/conformance (language-feature test) unless std-module-shaped
nova_tests/plan123_2/licm_zero_iter_safe_ok.nv	MIGRATE	PASS	compiles+passes; target spec_tests/conformance (language-feature test) unless std-module-shaped
nova_tests/plan123_2/neg_mut_call_in_loop_ok.nv	MIGRATE	PASS	compiles+passes; target spec_tests/conformance (language-feature test) unless std-module-shaped
nova_tests/plan123_2/neg_mut_write_in_loop_ok.nv	MIGRATE	PASS	compiles+passes; target spec_tests/conformance (language-feature test) unless std-module-shaped
nova_tests/plan123_2/neg_parallel_for_skip_ok.nv	MIGRATE	PASS	compiles+passes; target spec_tests/conformance (language-feature test) unless std-module-shaped
nova_tests/plan123_2/prop_licm_composition_ok.nv	MIGRATE	PASS	compiles+passes; target spec_tests/conformance (language-feature test) unless std-module-shaped
nova_tests/plan123_2/prop_licm_semantic_equiv_ok.nv	MIGRATE	PASS	compiles+passes; target spec_tests/conformance (language-feature test) unless std-module-shaped
nova_tests/plan123_2_1/v2_1_loop_body_weighted_ok.nv	MIGRATE	PASS	compiles+passes; target spec_tests/conformance (language-feature test) unless std-module-shaped
nova_tests/plan123_3/neg_mut_write_skips_ok.nv	MIGRATE	PASS	compiles+passes; target spec_tests/conformance (language-feature test) unless std-module-shaped
nova_tests/plan123_3/neg_non_pure_skip_ok.nv	MIGRATE	PASS	compiles+passes; target spec_tests/conformance (language-feature test) unless std-module-shaped
nova_tests/plan123_3/neg_pure_with_args_skip_ok.nv	MIGRATE	PASS	compiles+passes; target spec_tests/conformance (language-feature test) unless std-module-shaped
nova_tests/plan123_3/prop_pure_escape_hatch_ok.nv	MIGRATE	PASS	compiles+passes; target spec_tests/conformance (language-feature test) unless std-module-shaped
nova_tests/plan123_3/prop_pure_semantic_ok.nv	MIGRATE	PASS	compiles+passes; target spec_tests/conformance (language-feature test) unless std-module-shaped
nova_tests/plan123_3/pure_in_conditional_branches_ok.nv	MIGRATE	PASS	compiles+passes; target spec_tests/conformance (language-feature test) unless std-module-shaped
nova_tests/plan123_3/pure_in_loop_ok.nv	MIGRATE	PASS	compiles+passes; target spec_tests/conformance (language-feature test) unless std-module-shaped
nova_tests/plan123_3/pure_multiple_methods_ok.nv	MIGRATE	PASS	compiles+passes; target spec_tests/conformance (language-feature test) unless std-module-shaped
nova_tests/plan123_3/pure_self_method_ok.nv	MIGRATE	PASS	compiles+passes; target spec_tests/conformance (language-feature test) unless std-module-shaped
nova_tests/plan123_3/pure_three_calls_ok.nv	MIGRATE	PASS	compiles+passes; target spec_tests/conformance (language-feature test) unless std-module-shaped
nova_tests/plan123_3/pure_threshold_one_skip_ok.nv	MIGRATE	PASS	compiles+passes; target spec_tests/conformance (language-feature test) unless std-module-shaped
nova_tests/plan123_3/pure_with_ro_fields_composition_ok.nv	MIGRATE	PASS	compiles+passes; target spec_tests/conformance (language-feature test) unless std-module-shaped
nova_tests/plan123_3_1/neg_non_literal_arg_skip_ok.nv	STALE	CODEGEN-FAIL	CODEGEN-FAIL: \\?\D:\Sources\nv-lang\nova-198\std\runtime\string\core.nv:85:5: error: [E7310] type `Vec` is not generic — it takes no type arguments, but 1 was provided
nova_tests/plan123_3_1/pure_bool_arg_ok.nv	STALE	CODEGEN-FAIL	CODEGEN-FAIL: \\?\D:\Sources\nv-lang\nova-198\std\runtime\string\core.nv:85:5: error: [E7310] type `Vec` is not generic — it takes no type arguments, but 1 was provided
nova_tests/plan123_3_1/pure_different_args_separate_caches_ok.nv	STALE	CODEGEN-FAIL	CODEGEN-FAIL: \\?\D:\Sources\nv-lang\nova-198\std\runtime\string\core.nv:85:5: error: [E7310] type `Vec` is not generic — it takes no type arguments, but 1 was provided
nova_tests/plan123_3_1/pure_literal_int_arg_ok.nv	STALE	CODEGEN-FAIL	CODEGEN-FAIL: \\?\D:\Sources\nv-lang\nova-198\std\runtime\string\core.nv:85:5: error: [E7310] type `Vec` is not generic — it takes no type arguments, but 1 was provided
nova_tests/plan123_3_2/v32_neg_non_literal_arg_not_cached_ok.nv	MIGRATE	PASS	compiles+passes; target spec_tests/conformance (language-feature test) unless std-module-shaped
nova_tests/plan123_3_2/v32_record_literal_args_ok.nv	MIGRATE	PASS	compiles+passes; target spec_tests/conformance (language-feature test) unless std-module-shaped
nova_tests/plan123_3_2/v32_tuple_literal_args_ok.nv	MIGRATE	PASS	compiles+passes; target spec_tests/conformance (language-feature test) unless std-module-shaped
nova_tests/plan123_4/chain_in_loop_ok.nv	MIGRATE	PASS	compiles+passes; target spec_tests/conformance (language-feature test) unless std-module-shaped
nova_tests/plan123_4/chain_multiple_paths_ok.nv	MIGRATE	PASS	compiles+passes; target spec_tests/conformance (language-feature test) unless std-module-shaped
nova_tests/plan123_4/chain_three_level_ok.nv	MIGRATE	PASS	compiles+passes; target spec_tests/conformance (language-feature test) unless std-module-shaped
nova_tests/plan123_4/chain_threshold_single_skip_ok.nv	MIGRATE	PASS	compiles+passes; target spec_tests/conformance (language-feature test) unless std-module-shaped
nova_tests/plan123_4/chain_two_level_ok.nv	MIGRATE	PASS	compiles+passes; target spec_tests/conformance (language-feature test) unless std-module-shaped
nova_tests/plan123_4/chain_with_calls_ok.nv	MIGRATE	PASS	compiles+passes; target spec_tests/conformance (language-feature test) unless std-module-shaped
nova_tests/plan123_4/chain_with_conditionals_ok.nv	MIGRATE	PASS	compiles+passes; target spec_tests/conformance (language-feature test) unless std-module-shaped
nova_tests/plan123_4/neg_chain_below_threshold_skip_ok.nv	MIGRATE	PASS	compiles+passes; target spec_tests/conformance (language-feature test) unless std-module-shaped
nova_tests/plan123_4/neg_chain_with_write_skip_ok.nv	MIGRATE	PASS	compiles+passes; target spec_tests/conformance (language-feature test) unless std-module-shaped
nova_tests/plan123_4/prop_chain_semantic_ok.nv	MIGRATE	PASS	compiles+passes; target spec_tests/conformance (language-feature test) unless std-module-shaped
nova_tests/plan123_4_2/v42_chain_prefix_sharing_ok.nv	MIGRATE	PASS	compiles+passes; target spec_tests/conformance (language-feature test) unless std-module-shaped
nova_tests/plan123_4_3/v43_deep_prefix_three_level_ok.nv	MIGRATE	PASS	compiles+passes; target spec_tests/conformance (language-feature test) unless std-module-shaped
nova_tests/plan123_4_3/v43_mixed_length_chains_ok.nv	MIGRATE	PASS	compiles+passes; target spec_tests/conformance (language-feature test) unless std-module-shaped
nova_tests/plan123_4_3/v43_no_deep_prefix_three_distinct_chains_ok.nv	MIGRATE	PASS	compiles+passes; target spec_tests/conformance (language-feature test) unless std-module-shaped
nova_tests/plan123_4_4/v123_4_4_writebuffer_chain_semantic_ok.nv	STALE	CODEGEN-FAIL	CODEGEN-FAIL: \\?\D:\Sources\nv-lang\nova-198\std\collections\vec_iter.nv:528:22: error: [E_PREFIX_SHADOWS_NAMED_TYPE] `fn[Acc] ...` — generic `Acc` shadows named type `Acc` in scope (Plan 101.1 / D145). Rename one:
nova_tests/plan123_5/test_explain_ok.nv	MIGRATE	PASS	compiles+passes; target spec_tests/conformance (language-feature test) unless std-module-shaped
nova_tests/plan123_5_4/v5_4_explain_surfaces_nested_ok.nv	MIGRATE	PASS	compiles+passes; target spec_tests/conformance (language-feature test) unless std-module-shaped
nova_tests/plan123_7/ipa_no_regression_ok.nv	MIGRATE	PASS	compiles+passes; target spec_tests/conformance (language-feature test) unless std-module-shaped
nova_tests/plan123_7_1/ipa_chain_per_root_invalidation_ok.nv	MIGRATE	PASS	compiles+passes; target spec_tests/conformance (language-feature test) unless std-module-shaped
nova_tests/plan123_7_1/ipa_chain_root_write_invalidates_ok.nv	MIGRATE	PASS	compiles+passes; target spec_tests/conformance (language-feature test) unless std-module-shaped
nova_tests/plan123_7_1/ipa_licm_mut_hoist_with_non_writing_call_ok.nv	MIGRATE	PASS	compiles+passes; target spec_tests/conformance (language-feature test) unless std-module-shaped
nova_tests/plan123_7_1/ipa_mut_invalidates_on_writing_call_ok.nv	MIGRATE	PASS	compiles+passes; target spec_tests/conformance (language-feature test) unless std-module-shaped
nova_tests/plan123_7_1/ipa_mut_survives_non_writing_call_ok.nv	MIGRATE	PASS	compiles+passes; target spec_tests/conformance (language-feature test) unless std-module-shaped
nova_tests/plan123_7_1/ipa_pure_frame_based_invalidation_ok.nv	MIGRATE	PASS	compiles+passes; target spec_tests/conformance (language-feature test) unless std-module-shaped
nova_tests/plan123_7_1/ipa_transitive_closure_ok.nv	MIGRATE	PASS	compiles+passes; target spec_tests/conformance (language-feature test) unless std-module-shaped
nova_tests/plan123_7_1/neg_ipa_disabled_fallback_ok.nv	MIGRATE	PASS	compiles+passes; target spec_tests/conformance (language-feature test) unless std-module-shaped
nova_tests/plan123_7_1/neg_ipa_unknown_callee_conservative_ok.nv	MIGRATE	PASS	compiles+passes; target spec_tests/conformance (language-feature test) unless std-module-shaped
nova_tests/plan123_7_1/prop_ipa_semantic_equivalence_ok.nv	MIGRATE	PASS	compiles+passes; target spec_tests/conformance (language-feature test) unless std-module-shaped
nova_tests/plan123_7_2/v72_explicit_ipa_threading_ok.nv	MIGRATE	PASS	compiles+passes; target spec_tests/conformance (language-feature test) unless std-module-shaped
nova_tests/plan123_7_2/v72_no_recv_skips_ipa_ok.nv	MIGRATE	PASS	compiles+passes; target spec_tests/conformance (language-feature test) unless std-module-shaped
nova_tests/plan123_7_5/v7_5_multiple_siblings_ok.nv	MIGRATE	PASS	compiles+passes; target spec_tests/conformance (language-feature test) unless std-module-shaped
nova_tests/plan123_7_5/v7_5_sibling_survives_field_method_ok.nv	MIGRATE	PASS	compiles+passes; target spec_tests/conformance (language-feature test) unless std-module-shaped
nova_tests/plan123_7_5/v7_5_var_method_invalidates_neg_ok.nv	MIGRATE	PASS	compiles+passes; target spec_tests/conformance (language-feature test) unless std-module-shaped
nova_tests/plan123_7_6/v7_6_array_own_cache_survives_ok.nv	MIGRATE	PASS	compiles+passes; target spec_tests/conformance (language-feature test) unless std-module-shaped
nova_tests/plan123_7_7/v7_7_chain_receiver_sibling_safe_ok.nv	MIGRATE	PASS	compiles+passes; target spec_tests/conformance (language-feature test) unless std-module-shaped
nova_tests/plan123_7_7/v7_7_depth_3_chain_ok.nv	MIGRATE	PASS	compiles+passes; target spec_tests/conformance (language-feature test) unless std-module-shaped
nova_tests/plan123_chain_elem/p1_set_ops_iter_ok.nv	MIGRATE	PASS	compiles+passes; target spec_tests/conformance (language-feature test) unless std-module-shaped
nova_tests/plan123_chain_elem/p2_hashmap_iter_ok.nv	MIGRATE	PASS	compiles+passes; target spec_tests/conformance (language-feature test) unless std-module-shaped
nova_tests/plan123_followups_2026_06_05/m1_v7_6_heap_record_field_ok.nv	MIGRATE	PASS	compiles+passes; target spec_tests/conformance (language-feature test) unless std-module-shaped
nova_tests/plan123_followups_2026_06_05/m1_v7_6_value_record_field_neg.nv	MIGRATE	PASS	compiles+passes; target spec_tests/conformance (language-feature test) unless std-module-shaped
nova_tests/plan123_followups_2026_06_05/m2_v5_4_1_nested_region_ok.nv	MIGRATE	PASS	compiles+passes; target spec_tests/conformance (language-feature test) unless std-module-shaped
nova_tests/plan123_followups_2026_06_05/m3_chain_norm_v2_non_fluent_skip_neg.nv	MIGRATE	PASS	compiles+passes; target spec_tests/conformance (language-feature test) unless std-module-shaped
nova_tests/plan123_followups_2026_06_05/m3_chain_norm_v2_user_fluent_ok.nv	MIGRATE	PASS	compiles+passes; target spec_tests/conformance (language-feature test) unless std-module-shaped
nova_tests/plan123_followups_2026_06_05/m4_chain_norm_v3_local_root_ok.nv	MIGRATE	PASS	compiles+passes; target spec_tests/conformance (language-feature test) unless std-module-shaped
nova_tests/plan123_followups_2026_06_05/m5_v2_1_licm_weighted_ok.nv	MIGRATE	PASS	compiles+passes; target spec_tests/conformance (language-feature test) unless std-module-shaped
nova_tests/plan123_followups_2026_06_05/m6_v2_1_dyn_range_ok.nv	MIGRATE	PASS	compiles+passes; target spec_tests/conformance (language-feature test) unless std-module-shaped
nova_tests/plan123_followups_2026_06_05/m6_v2_1_dyn_small_range_neg.nv	MIGRATE	PASS	compiles+passes; target spec_tests/conformance (language-feature test) unless std-module-shaped
nova_tests/plan123_followups_2026_06_05/m7_v7_6_realloc_method_ok.nv	MIGRATE	PASS	compiles+passes; target spec_tests/conformance (language-feature test) unless std-module-shaped
nova_tests/plan123_followups_2026_06_05/m7_v7_6_realloc_non_self_param_neg.nv	MIGRATE	PASS	compiles+passes; target spec_tests/conformance (language-feature test) unless std-module-shaped
nova_tests/plan124/neg/plan124_1_priv_cross_instance_free_fn_neg.nv	MIGRATE	PASS	compiles+passes; target spec_tests/conformance (language-feature test) unless std-module-shaped
nova_tests/plan124/neg/plan124_1_priv_init_outside_neg.nv	MIGRATE	PASS	compiles+passes; target spec_tests/conformance (language-feature test) unless std-module-shaped
nova_tests/plan124/neg/plan124_1_priv_pattern_outside_neg.nv	MIGRATE	PASS	compiles+passes; target spec_tests/conformance (language-feature test) unless std-module-shaped
nova_tests/plan124/neg/plan124_1_priv_pub_conflict_neg.nv	MIGRATE	PASS	compiles+passes; target spec_tests/conformance (language-feature test) unless std-module-shaped
nova_tests/plan124/neg/plan124_1_priv_read_outside_neg.nv	MIGRATE	PASS	compiles+passes; target spec_tests/conformance (language-feature test) unless std-module-shaped
nova_tests/plan124/neg/plan124_1_priv_write_outside_neg.nv	MIGRATE	PASS	compiles+passes; target spec_tests/conformance (language-feature test) unless std-module-shaped
nova_tests/plan124/neg/plan124_2_for_pattern_outside_neg.nv	STALE	NEG-WRONG-MSG	NEG-WRONG-MSG: expected pattern 'E_PRIV_FIELD_PATTERN' not found in: codegen error: complex pattern in let binding not yet supported: Record { type_path: Some(["Account"]), fields: [RecordP
nova_tests/plan124/neg/plan124_2_if_let_outside_neg.nv	STALE	NEG-NO-ERROR	NEG-NO-ERROR: expected `// EXPECT_COMPILE_ERROR E_PRIV_FIELD_PATTERN` but codegen succeeded
nova_tests/plan124/neg/plan124_2_match_arm_outside_neg.nv	STALE	NEG-NO-ERROR	NEG-NO-ERROR: expected `// EXPECT_COMPILE_ERROR E_PRIV_FIELD_PATTERN` but codegen succeeded
nova_tests/plan124/neg/plan124_2_nested_destructure_outside_neg.nv	STALE	NEG-NO-ERROR	NEG-NO-ERROR: expected `// EXPECT_COMPILE_ERROR E_PRIV_FIELD_PATTERN` but codegen succeeded
nova_tests/plan124/neg/plan124_2_spread_outside_neg.nv	STALE	NEG-NO-ERROR	NEG-NO-ERROR: expected `// EXPECT_COMPILE_ERROR E_PRIV_FIELD_INIT_SPREAD` but codegen succeeded
nova_tests/plan124/neg/plan124_2_while_let_outside_neg.nv	STALE	NEG-NO-ERROR	NEG-NO-ERROR: expected `// EXPECT_COMPILE_ERROR E_PRIV_FIELD_PATTERN` but codegen succeeded
nova_tests/plan124/neg/plan124_3_generic_priv_pattern_outside_neg.nv	STALE	NEG-NO-ERROR	NEG-NO-ERROR: expected `// EXPECT_COMPILE_ERROR E_PRIV_FIELD_PATTERN` but codegen succeeded
nova_tests/plan124/neg/plan124_3_generic_priv_read_outside_neg.nv	STALE	NEG-NO-ERROR	NEG-NO-ERROR: expected `// EXPECT_COMPILE_ERROR E_PRIV_FIELD_READ` but codegen succeeded
nova_tests/plan124/neg/plan124_3_generic_priv_write_after_new_neg.nv	STALE	NEG-WRONG-MSG	NEG-WRONG-MSG: expected pattern 'E_PRIV_FIELD_WRITE' not found in: D:\Sources\nv-lang\nova-198\nova_tests/plan124\neg\plan124_3_generic_priv_write_after_new_neg.nv:23:5: error: [E_READONL
nova_tests/plan124/neg/plan124_3_generic_priv_write_outside_neg.nv	STALE	NEG-WRONG-MSG	NEG-WRONG-MSG: expected pattern 'E_PRIV_FIELD_WRITE' not found in: D:\Sources\nv-lang\nova-198\nova_tests/plan124\neg\plan124_3_generic_priv_write_outside_neg.nv:17:5: error: [E_READONLY_
nova_tests/plan124/neg/plan124_6_neg_pub_to_not_listed.nv	MIGRATE	PASS	compiles+passes; target spec_tests/conformance (language-feature test) unless std-module-shaped
nova_tests/plan124/neg/plan124_6_neg_regular_fn_same_module.nv	STALE	NEG-NO-ERROR	NEG-NO-ERROR: expected `// EXPECT_COMPILE_ERROR E_PRIV_FIELD_READ` but codegen succeeded
nova_tests/plan124/neg/plan124_6_neg_test_cross_module_no_attr.nv	MIGRATE	PASS	compiles+passes; target spec_tests/conformance (language-feature test) unless std-module-shaped
nova_tests/plan124/neg/plan124_6_no_attr_still_blocked_neg.nv	MIGRATE	PASS	compiles+passes; target spec_tests/conformance (language-feature test) unless std-module-shaped
nova_tests/plan124/neg/plan124_6_test_access_wrong_type_neg.nv	MIGRATE	PASS	compiles+passes; target spec_tests/conformance (language-feature test) unless std-module-shaped
nova_tests/plan124/neg/plan124_6_visible_to_non_friend_neg.nv	MIGRATE	PASS	compiles+passes; target spec_tests/conformance (language-feature test) unless std-module-shaped
nova_tests/plan124/neg/plan124_8_binding_mut_mut_redundant_neg.nv	MIGRATE	PASS	compiles+passes; target spec_tests/conformance (language-feature test) unless std-module-shaped
nova_tests/plan124/neg/plan124_8_binding_ro_ro_redundant_neg.nv	MIGRATE	PASS	compiles+passes; target spec_tests/conformance (language-feature test) unless std-module-shaped
nova_tests/plan124/neg/plan124_8_d175_binding_dominates_neg.nv	MIGRATE	PASS	compiles+passes; target spec_tests/conformance (language-feature test) unless std-module-shaped
nova_tests/plan124/neg/plan124_8_modifier_order_independence_ok.nv	MIGRATE	PASS	compiles+passes; target spec_tests/conformance (language-feature test) unless std-module-shaped
nova_tests/plan124/neg/plan124_8_ro_binding_scope_outer_ro_still_blocks_neg.nv	MIGRATE	PASS	compiles+passes; target spec_tests/conformance (language-feature test) unless std-module-shaped
nova_tests/plan124/neg/plan124_8_tuple_field_write_through_ro_chain_neg.nv	MIGRATE	PASS	compiles+passes; target spec_tests/conformance (language-feature test) unless std-module-shaped
nova_tests/plan124/neg/plan124_8_tuple_mut_field_neg.nv	MIGRATE	PASS	compiles+passes; target spec_tests/conformance (language-feature test) unless std-module-shaped
nova_tests/plan124/neg/plan124_8_tuple_priv_field_neg.nv	MIGRATE	PASS	compiles+passes; target spec_tests/conformance (language-feature test) unless std-module-shaped
nova_tests/plan124/neg/plan124_8_tuple_pub_field_neg.nv	MIGRATE	PASS	compiles+passes; target spec_tests/conformance (language-feature test) unless std-module-shaped
nova_tests/plan124/neg/plan124_8_tuple_ro_field_neg.nv	MIGRATE	PASS	compiles+passes; target spec_tests/conformance (language-feature test) unless std-module-shaped
nova_tests/plan124/neg/plan124_8_zero_on_move_duplicate_neg.nv	MIGRATE	PASS	compiles+passes; target spec_tests/conformance (language-feature test) unless std-module-shaped
nova_tests/plan124/neg/plan124_8_zero_on_move_on_alias_neg.nv	MIGRATE	PASS	compiles+passes; target spec_tests/conformance (language-feature test) unless std-module-shaped
nova_tests/plan124/neg/plan124_8_zero_on_move_on_protocol_neg.nv	MIGRATE	PASS	compiles+passes; target spec_tests/conformance (language-feature test) unless std-module-shaped
nova_tests/plan124/plan124_1_priv_cross_instance_ok.nv	STALE	CODEGEN-FAIL	CODEGEN-FAIL: \\?\D:\Sources\nv-lang\nova-198\std\collections\vec_iter.nv:528:22: error: [E_PREFIX_SHADOWS_NAMED_TYPE] `fn[Acc] ...` — generic `Acc` shadows named type `Acc` in scope (Plan 101.1 / D145). Rename one:
nova_tests/plan124/plan124_1_priv_field_basic.nv	STALE	CODEGEN-FAIL	CODEGEN-FAIL: \\?\D:\Sources\nv-lang\nova-198\std\collections\vec_iter.nv:528:22: error: [E_PREFIX_SHADOWS_NAMED_TYPE] `fn[Acc] ...` — generic `Acc` shadows named type `Acc` in scope (Plan 101.1 / D145). Rename one:
nova_tests/plan124/plan124_1_priv_intentional_expose_ok.nv	STALE	CODEGEN-FAIL	CODEGEN-FAIL: \\?\D:\Sources\nv-lang\nova-198\std\collections\vec_iter.nv:528:22: error: [E_PREFIX_SHADOWS_NAMED_TYPE] `fn[Acc] ...` — generic `Acc` shadows named type `Acc` in scope (Plan 101.1 / D145). Rename one:
nova_tests/plan124/plan124_1_priv_read_inside_method_ok.nv	STALE	CODEGEN-FAIL	CODEGEN-FAIL: \\?\D:\Sources\nv-lang\nova-198\std\collections\vec_iter.nv:528:22: error: [E_PREFIX_SHADOWS_NAMED_TYPE] `fn[Acc] ...` — generic `Acc` shadows named type `Acc` in scope (Plan 101.1 / D145). Rename one:
nova_tests/plan124/plan124_1_smoke_parse.nv	STALE	CODEGEN-FAIL	CODEGEN-FAIL: \\?\D:\Sources\nv-lang\nova-198\std\collections\vec_iter.nv:528:22: error: [E_PREFIX_SHADOWS_NAMED_TYPE] `fn[Acc] ...` — generic `Acc` shadows named type `Acc` in scope (Plan 101.1 / D145). Rename one:
nova_tests/plan124/plan124_1_type_level_priv.nv	STALE	CODEGEN-FAIL	CODEGEN-FAIL: \\?\D:\Sources\nv-lang\nova-198\std\collections\vec_iter.nv:528:22: error: [E_PREFIX_SHADOWS_NAMED_TYPE] `fn[Acc] ...` — generic `Acc` shadows named type `Acc` in scope (Plan 101.1 / D145). Rename one:
nova_tests/plan124/plan124_2_for_pattern_public_outside_ok.nv	STALE	CODEGEN-FAIL	CODEGEN-FAIL: \\?\D:\Sources\nv-lang\nova-198\std\collections\vec_iter.nv:528:22: error: [E_PREFIX_SHADOWS_NAMED_TYPE] `fn[Acc] ...` — generic `Acc` shadows named type `Acc` in scope (Plan 101.1 / D145). Rename one:
nova_tests/plan124/plan124_2_if_let_inside_method_ok.nv	STALE	CODEGEN-FAIL	CODEGEN-FAIL: \\?\D:\Sources\nv-lang\nova-198\std\collections\vec_iter.nv:528:22: error: [E_PREFIX_SHADOWS_NAMED_TYPE] `fn[Acc] ...` — generic `Acc` shadows named type `Acc` in scope (Plan 101.1 / D145). Rename one:
nova_tests/plan124/plan124_2_match_arm_inside_method_ok.nv	STALE	CODEGEN-FAIL	CODEGEN-FAIL: \\?\D:\Sources\nv-lang\nova-198\std\collections\vec_iter.nv:528:22: error: [E_PREFIX_SHADOWS_NAMED_TYPE] `fn[Acc] ...` — generic `Acc` shadows named type `Acc` in scope (Plan 101.1 / D145). Rename one:
nova_tests/plan124/plan124_2_nested_destructure_inside_method_ok.nv	STALE	CODEGEN-FAIL	CODEGEN-FAIL: \\?\D:\Sources\nv-lang\nova-198\std\collections\vec_iter.nv:528:22: error: [E_PREFIX_SHADOWS_NAMED_TYPE] `fn[Acc] ...` — generic `Acc` shadows named type `Acc` in scope (Plan 101.1 / D145). Rename one:
nova_tests/plan124/plan124_2_public_field_match_outside_ok.nv	STALE	CODEGEN-FAIL	CODEGEN-FAIL: \\?\D:\Sources\nv-lang\nova-198\std\collections\vec_iter.nv:528:22: error: [E_PREFIX_SHADOWS_NAMED_TYPE] `fn[Acc] ...` — generic `Acc` shadows named type `Acc` in scope (Plan 101.1 / D145). Rename one:
nova_tests/plan124/plan124_2_rest_pattern_ignores_priv_ok.nv	STALE	CODEGEN-FAIL	CODEGEN-FAIL: \\?\D:\Sources\nv-lang\nova-198\std\collections\vec_iter.nv:528:22: error: [E_PREFIX_SHADOWS_NAMED_TYPE] `fn[Acc] ...` — generic `Acc` shadows named type `Acc` in scope (Plan 101.1 / D145). Rename one:
nova_tests/plan124/plan124_2_spread_inside_method_ok.nv	STALE	CODEGEN-FAIL	CODEGEN-FAIL: \\?\D:\Sources\nv-lang\nova-198\std\collections\vec_iter.nv:528:22: error: [E_PREFIX_SHADOWS_NAMED_TYPE] `fn[Acc] ...` — generic `Acc` shadows named type `Acc` in scope (Plan 101.1 / D145). Rename one:
nova_tests/plan124/plan124_2_spread_no_priv_outside_ok.nv	STALE	CODEGEN-FAIL	CODEGEN-FAIL: \\?\D:\Sources\nv-lang\nova-198\std\collections\vec_iter.nv:528:22: error: [E_PREFIX_SHADOWS_NAMED_TYPE] `fn[Acc] ...` — generic `Acc` shadows named type `Acc` in scope (Plan 101.1 / D145). Rename one:
nova_tests/plan124/plan124_3_generic_priv_inside_method_ok.nv	STALE	CODEGEN-FAIL	CODEGEN-FAIL: \\?\D:\Sources\nv-lang\nova-198\std\collections\vec_iter.nv:528:22: error: [E_PREFIX_SHADOWS_NAMED_TYPE] `fn[Acc] ...` — generic `Acc` shadows named type `Acc` in scope (Plan 101.1 / D145). Rename one:
nova_tests/plan124/plan124_3_generic_pub_only_no_false_positive_ok.nv	STALE	CODEGEN-FAIL	CODEGEN-FAIL: \\?\D:\Sources\nv-lang\nova-198\std\collections\vec_iter.nv:528:22: error: [E_PREFIX_SHADOWS_NAMED_TYPE] `fn[Acc] ...` — generic `Acc` shadows named type `Acc` in scope (Plan 101.1 / D145). Rename one:
nova_tests/plan124/plan124_3_generic_public_field_outside_ok.nv	STALE	CODEGEN-FAIL	CODEGEN-FAIL: \\?\D:\Sources\nv-lang\nova-198\std\collections\vec_iter.nv:528:22: error: [E_PREFIX_SHADOWS_NAMED_TYPE] `fn[Acc] ...` — generic `Acc` shadows named type `Acc` in scope (Plan 101.1 / D145). Rename one:
nova_tests/plan124/plan124_3_generic_stack_inside_ok.nv	STALE	CODEGEN-FAIL	CODEGEN-FAIL: \\?\D:\Sources\nv-lang\nova-198\std\collections\vec_iter.nv:528:22: error: [E_PREFIX_SHADOWS_NAMED_TYPE] `fn[Acc] ...` — generic `Acc` shadows named type `Acc` in scope (Plan 101.1 / D145). Rename one:
nova_tests/plan124/plan124_3_generic_static_constructor_ok.nv	STALE	CODEGEN-FAIL	CODEGEN-FAIL: \\?\D:\Sources\nv-lang\nova-198\std\collections\vec_iter.nv:528:22: error: [E_PREFIX_SHADOWS_NAMED_TYPE] `fn[Acc] ...` — generic `Acc` shadows named type `Acc` in scope (Plan 101.1 / D145). Rename one:
nova_tests/plan124/plan124_3_option_priv_field_pass.nv	STALE	CODEGEN-FAIL	CODEGEN-FAIL: \\?\D:\Sources\nv-lang\nova-198\std\collections\vec_iter.nv:528:22: error: [E_PREFIX_SHADOWS_NAMED_TYPE] `fn[Acc] ...` — generic `Acc` shadows named type `Acc` in scope (Plan 101.1 / D145). Rename one:
nova_tests/plan124/plan124_4_named_tuple_no_priv_ok.nv	STALE	CODEGEN-FAIL	CODEGEN-FAIL: \\?\D:\Sources\nv-lang\nova-198\std\collections\vec_iter.nv:528:22: error: [E_PREFIX_SHADOWS_NAMED_TYPE] `fn[Acc] ...` — generic `Acc` shadows named type `Acc` in scope (Plan 101.1 / D145). Rename one:
nova_tests/plan124/plan124_5_doc_mixed_priv_fixture.nv	STALE	CODEGEN-FAIL	CODEGEN-FAIL: \\?\D:\Sources\nv-lang\nova-198\std\collections\vec_iter.nv:528:22: error: [E_PREFIX_SHADOWS_NAMED_TYPE] `fn[Acc] ...` — generic `Acc` shadows named type `Acc` in scope (Plan 101.1 / D145). Rename one:
nova_tests/plan124/plan124_5_doc_no_priv_fixture.nv	STALE	CODEGEN-FAIL	CODEGEN-FAIL: \\?\D:\Sources\nv-lang\nova-198\std\collections\vec_iter.nv:528:22: error: [E_PREFIX_SHADOWS_NAMED_TYPE] `fn[Acc] ...` — generic `Acc` shadows named type `Acc` in scope (Plan 101.1 / D145). Rename one:
nova_tests/plan124/plan124_5_doc_priv_fixture.nv	STALE	CODEGEN-FAIL	CODEGEN-FAIL: \\?\D:\Sources\nv-lang\nova-198\std\collections\vec_iter.nv:528:22: error: [E_PREFIX_SHADOWS_NAMED_TYPE] `fn[Acc] ...` — generic `Acc` shadows named type `Acc` in scope (Plan 101.1 / D145). Rename one:
nova_tests/plan124/plan124_6_pos_implicit_same_module.nv	STALE	CODEGEN-FAIL	CODEGEN-FAIL: \\?\D:\Sources\nv-lang\nova-198\std\collections\vec_iter.nv:528:22: error: [E_PREFIX_SHADOWS_NAMED_TYPE] `fn[Acc] ...` — generic `Acc` shadows named type `Acc` in scope (Plan 101.1 / D145). Rename one:
nova_tests/plan124/plan124_6_pos_own_methods_unchanged.nv	STALE	CODEGEN-FAIL	CODEGEN-FAIL: \\?\D:\Sources\nv-lang\nova-198\std\collections\vec_iter.nv:528:22: error: [E_PREFIX_SHADOWS_NAMED_TYPE] `fn[Acc] ...` — generic `Acc` shadows named type `Acc` in scope (Plan 101.1 / D145). Rename one:
nova_tests/plan124/plan124_6_pos_pub_to_multi.nv	STALE	CODEGEN-FAIL	CODEGEN-FAIL: \\?\D:\Sources\nv-lang\nova-198\std\collections\vec_iter.nv:528:22: error: [E_PREFIX_SHADOWS_NAMED_TYPE] `fn[Acc] ...` — generic `Acc` shadows named type `Acc` in scope (Plan 101.1 / D145). Rename one:
nova_tests/plan124/plan124_6_pos_pub_to_single.nv	STALE	CODEGEN-FAIL	CODEGEN-FAIL: \\?\D:\Sources\nv-lang\nova-198\std\collections\vec_iter.nv:528:22: error: [E_PREFIX_SHADOWS_NAMED_TYPE] `fn[Acc] ...` — generic `Acc` shadows named type `Acc` in scope (Plan 101.1 / D145). Rename one:
nova_tests/plan124/plan124_6_pos_test_access_cross_module.nv	STALE	CODEGEN-FAIL	CODEGEN-FAIL: \\?\D:\Sources\nv-lang\nova-198\std\collections\vec_iter.nv:528:22: error: [E_PREFIX_SHADOWS_NAMED_TYPE] `fn[Acc] ...` — generic `Acc` shadows named type `Acc` in scope (Plan 101.1 / D145). Rename one:
nova_tests/plan124/plan124_6_test_access_grants_priv_ok.nv	STALE	CODEGEN-FAIL	CODEGEN-FAIL: \\?\D:\Sources\nv-lang\nova-198\std\collections\vec_iter.nv:528:22: error: [E_PREFIX_SHADOWS_NAMED_TYPE] `fn[Acc] ...` — generic `Acc` shadows named type `Acc` in scope (Plan 101.1 / D145). Rename one:
nova_tests/plan124/plan124_6_test_access_init_priv_ok.nv	STALE	CODEGEN-FAIL	CODEGEN-FAIL: \\?\D:\Sources\nv-lang\nova-198\std\collections\vec_iter.nv:528:22: error: [E_PREFIX_SHADOWS_NAMED_TYPE] `fn[Acc] ...` — generic `Acc` shadows named type `Acc` in scope (Plan 101.1 / D145). Rename one:
nova_tests/plan124/plan124_6_test_access_multiple_types_ok.nv	STALE	CODEGEN-FAIL	CODEGEN-FAIL: \\?\D:\Sources\nv-lang\nova-198\std\collections\vec_iter.nv:528:22: error: [E_PREFIX_SHADOWS_NAMED_TYPE] `fn[Acc] ...` — generic `Acc` shadows named type `Acc` in scope (Plan 101.1 / D145). Rename one:
nova_tests/plan124/plan124_6_visible_to_friend_ok.nv	STALE	CODEGEN-FAIL	CODEGEN-FAIL: \\?\D:\Sources\nv-lang\nova-198\std\collections\vec_iter.nv:528:22: error: [E_PREFIX_SHADOWS_NAMED_TYPE] `fn[Acc] ...` — generic `Acc` shadows named type `Acc` in scope (Plan 101.1 / D145). Rename one:
nova_tests/plan124/plan124_8_binding_mut_ro_type_ok.nv	STALE	CODEGEN-FAIL	CODEGEN-FAIL: \\?\D:\Sources\nv-lang\nova-198\std\collections\vec_iter.nv:528:22: error: [E_PREFIX_SHADOWS_NAMED_TYPE] `fn[Acc] ...` — generic `Acc` shadows named type `Acc` in scope (Plan 101.1 / D145). Rename one:
nova_tests/plan124/plan124_8_binding_ro_mut_type_ok.nv	STALE	CODEGEN-FAIL	CODEGEN-FAIL: \\?\D:\Sources\nv-lang\nova-198\std\collections\vec_iter.nv:528:22: error: [E_PREFIX_SHADOWS_NAMED_TYPE] `fn[Acc] ...` — generic `Acc` shadows named type `Acc` in scope (Plan 101.1 / D145). Rename one:
nova_tests/plan124/plan124_8_d175_mut_binding_ok.nv	STALE	CODEGEN-FAIL	CODEGEN-FAIL: \\?\D:\Sources\nv-lang\nova-198\std\collections\vec_iter.nv:528:22: error: [E_PREFIX_SHADOWS_NAMED_TYPE] `fn[Acc] ...` — generic `Acc` shadows named type `Acc` in scope (Plan 101.1 / D145). Rename one:
nova_tests/plan124/plan124_8_heap_record_priv_flip_preserved_ok.nv	STALE	CODEGEN-FAIL	CODEGEN-FAIL: \\?\D:\Sources\nv-lang\nova-198\std\collections\vec_iter.nv:528:22: error: [E_PREFIX_SHADOWS_NAMED_TYPE] `fn[Acc] ...` — generic `Acc` shadows named type `Acc` in scope (Plan 101.1 / D145). Rename one:
nova_tests/plan124/plan124_8_plan115_positional_tuple_preserved_ok.nv	STALE	CODEGEN-FAIL	CODEGEN-FAIL: \\?\D:\Sources\nv-lang\nova-198\std\collections\vec_iter.nv:528:22: error: [E_PREFIX_SHADOWS_NAMED_TYPE] `fn[Acc] ...` — generic `Acc` shadows named type `Acc` in scope (Plan 101.1 / D145). Rename one:
nova_tests/plan124/plan124_8_ro_binding_scope_block_exit_ok.nv	STALE	CODEGEN-FAIL	CODEGEN-FAIL: \\?\D:\Sources\nv-lang\nova-198\std\collections\vec_iter.nv:528:22: error: [E_PREFIX_SHADOWS_NAMED_TYPE] `fn[Acc] ...` — generic `Acc` shadows named type `Acc` in scope (Plan 101.1 / D145). Rename one:
nova_tests/plan124/plan124_8_ro_binding_scope_shadowing_ok.nv	STALE	CODEGEN-FAIL	CODEGEN-FAIL: \\?\D:\Sources\nv-lang\nova-198\std\collections\vec_iter.nv:528:22: error: [E_PREFIX_SHADOWS_NAMED_TYPE] `fn[Acc] ...` — generic `Acc` shadows named type `Acc` in scope (Plan 101.1 / D145). Rename one:
nova_tests/plan124/plan124_8_tuple_binding_mut_ok.nv	STALE	CODEGEN-FAIL	CODEGEN-FAIL: \\?\D:\Sources\nv-lang\nova-198\std\collections\vec_iter.nv:528:22: error: [E_PREFIX_SHADOWS_NAMED_TYPE] `fn[Acc] ...` — generic `Acc` shadows named type `Acc` in scope (Plan 101.1 / D145). Rename one:
nova_tests/plan124/plan124_8_tuple_multiline_ok.nv	STALE	CODEGEN-FAIL	CODEGEN-FAIL: \\?\D:\Sources\nv-lang\nova-198\std\collections\vec_iter.nv:528:22: error: [E_PREFIX_SHADOWS_NAMED_TYPE] `fn[Acc] ...` — generic `Acc` shadows named type `Acc` in scope (Plan 101.1 / D145). Rename one:
nova_tests/plan124/plan124_8_tuple_multiline_trailing_ok.nv	STALE	CODEGEN-FAIL	CODEGEN-FAIL: \\?\D:\Sources\nv-lang\nova-198\std\collections\vec_iter.nv:528:22: error: [E_PREFIX_SHADOWS_NAMED_TYPE] `fn[Acc] ...` — generic `Acc` shadows named type `Acc` in scope (Plan 101.1 / D145). Rename one:
nova_tests/plan124/plan124_8_tuple_mut_field_compound_ok.nv	STALE	CODEGEN-FAIL	CODEGEN-FAIL: \\?\D:\Sources\nv-lang\nova-198\std\collections\vec_iter.nv:528:22: error: [E_PREFIX_SHADOWS_NAMED_TYPE] `fn[Acc] ...` — generic `Acc` shadows named type `Acc` in scope (Plan 101.1 / D145). Rename one:
nova_tests/plan124/plan124_8_tuple_mut_field_method_call_ok.nv	STALE	CODEGEN-FAIL	CODEGEN-FAIL: \\?\D:\Sources\nv-lang\nova-198\std\collections\vec_iter.nv:528:22: error: [E_PREFIX_SHADOWS_NAMED_TYPE] `fn[Acc] ...` — generic `Acc` shadows named type `Acc` in scope (Plan 101.1 / D145). Rename one:
nova_tests/plan124/plan124_8_tuple_mut_single_field_write_ok.nv	STALE	CODEGEN-FAIL	CODEGEN-FAIL: \\?\D:\Sources\nv-lang\nova-198\std\collections\vec_iter.nv:528:22: error: [E_PREFIX_SHADOWS_NAMED_TYPE] `fn[Acc] ...` — generic `Acc` shadows named type `Acc` in scope (Plan 101.1 / D145). Rename one:
nova_tests/plan124/plan124_8_tuple_singleline_ok.nv	STALE	CODEGEN-FAIL	CODEGEN-FAIL: \\?\D:\Sources\nv-lang\nova-198\std\collections\vec_iter.nv:528:22: error: [E_PREFIX_SHADOWS_NAMED_TYPE] `fn[Acc] ...` — generic `Acc` shadows named type `Acc` in scope (Plan 101.1 / D145). Rename one:
nova_tests/plan124/plan124_8_tuple_trailing_comma_ok.nv	STALE	CODEGEN-FAIL	CODEGEN-FAIL: \\?\D:\Sources\nv-lang\nova-198\std\collections\vec_iter.nv:528:22: error: [E_PREFIX_SHADOWS_NAMED_TYPE] `fn[Acc] ...` — generic `Acc` shadows named type `Acc` in scope (Plan 101.1 / D145). Rename one:
nova_tests/plan124/plan124_8_value_identifier_backward_compat_ok.nv	STALE	CODEGEN-FAIL	CODEGEN-FAIL: \\?\D:\Sources\nv-lang\nova-198\std\collections\vec_iter.nv:528:22: error: [E_PREFIX_SHADOWS_NAMED_TYPE] `fn[Acc] ...` — generic `Acc` shadows named type `Acc` in scope (Plan 101.1 / D145). Rename one:
nova_tests/plan124/plan124_8_value_record_basic_ok.nv	STALE	CODEGEN-FAIL	CODEGEN-FAIL: \\?\D:\Sources\nv-lang\nova-198\std\collections\vec_iter.nv:528:22: error: [E_PREFIX_SHADOWS_NAMED_TYPE] `fn[Acc] ...` — generic `Acc` shadows named type `Acc` in scope (Plan 101.1 / D145). Rename one:
nova_tests/plan124/plan124_8_value_record_method_ok.nv	STALE	CODEGEN-FAIL	CODEGEN-FAIL: \\?\D:\Sources\nv-lang\nova-198\std\collections\vec_iter.nv:528:22: error: [E_PREFIX_SHADOWS_NAMED_TYPE] `fn[Acc] ...` — generic `Acc` shadows named type `Acc` in scope (Plan 101.1 / D145). Rename one:
nova_tests/plan124/plan124_8_value_record_priv_compose_ok.nv	STALE	CODEGEN-FAIL	CODEGEN-FAIL: \\?\D:\Sources\nv-lang\nova-198\std\collections\vec_iter.nv:528:22: error: [E_PREFIX_SHADOWS_NAMED_TYPE] `fn[Acc] ...` — generic `Acc` shadows named type `Acc` in scope (Plan 101.1 / D145). Rename one:
nova_tests/plan124/plan124_8_value_record_priv_flip_ok.nv	STALE	CODEGEN-FAIL	CODEGEN-FAIL: \\?\D:\Sources\nv-lang\nova-198\std\collections\vec_iter.nv:528:22: error: [E_PREFIX_SHADOWS_NAMED_TYPE] `fn[Acc] ...` — generic `Acc` shadows named type `Acc` in scope (Plan 101.1 / D145). Rename one:
nova_tests/plan124/plan124_8_value_record_v2_method_pointer_ok.nv	STALE	CODEGEN-FAIL	CODEGEN-FAIL: \\?\D:\Sources\nv-lang\nova-198\std\collections\vec_iter.nv:528:22: error: [E_PREFIX_SHADOWS_NAMED_TYPE] `fn[Acc] ...` — generic `Acc` shadows named type `Acc` in scope (Plan 101.1 / D145). Rename one:
nova_tests/plan124/plan124_8_value_record_v2_multiple_instances_ok.nv	STALE	CODEGEN-FAIL	CODEGEN-FAIL: \\?\D:\Sources\nv-lang\nova-198\std\collections\vec_iter.nv:528:22: error: [E_PREFIX_SHADOWS_NAMED_TYPE] `fn[Acc] ...` — generic `Acc` shadows named type `Acc` in scope (Plan 101.1 / D145). Rename one:
nova_tests/plan124/plan124_8_value_record_v2_return_value_ok.nv	STALE	CODEGEN-FAIL	CODEGEN-FAIL: \\?\D:\Sources\nv-lang\nova-198\std\collections\vec_iter.nv:528:22: error: [E_PREFIX_SHADOWS_NAMED_TYPE] `fn[Acc] ...` — generic `Acc` shadows named type `Acc` in scope (Plan 101.1 / D145). Rename one:
nova_tests/plan124/plan124_8_value_record_v2_sizeof_ok.nv	STALE	CODEGEN-FAIL	CODEGEN-FAIL: \\?\D:\Sources\nv-lang\nova-198\std\collections\vec_iter.nv:528:22: error: [E_PREFIX_SHADOWS_NAMED_TYPE] `fn[Acc] ...` — generic `Acc` shadows named type `Acc` in scope (Plan 101.1 / D145). Rename one:
nova_tests/plan124/plan124_8_zero_on_move_named_tuple_ok.nv	STALE	CODEGEN-FAIL	CODEGEN-FAIL: \\?\D:\Sources\nv-lang\nova-198\std\collections\vec_iter.nv:528:22: error: [E_PREFIX_SHADOWS_NAMED_TYPE] `fn[Acc] ...` — generic `Acc` shadows named type `Acc` in scope (Plan 101.1 / D145). Rename one:
nova_tests/plan124/plan124_8_zero_on_move_record_ok.nv	STALE	CODEGEN-FAIL	CODEGEN-FAIL: \\?\D:\Sources\nv-lang\nova-198\std\collections\vec_iter.nv:528:22: error: [E_PREFIX_SHADOWS_NAMED_TYPE] `fn[Acc] ...` — generic `Acc` shadows named type `Acc` in scope (Plan 101.1 / D145). Rename one:
nova_tests/plan124/plan124_8_zero_on_move_value_record_ok.nv	STALE	CODEGEN-FAIL	CODEGEN-FAIL: \\?\D:\Sources\nv-lang\nova-198\std\collections\vec_iter.nv:528:22: error: [E_PREFIX_SHADOWS_NAMED_TYPE] `fn[Acc] ...` — generic `Acc` shadows named type `Acc` in scope (Plan 101.1 / D145). Rename one:
nova_tests/plan124/plan124_9_p1_two_level_nested_literal_ok.nv	STALE	CODEGEN-FAIL	CODEGEN-FAIL: \\?\D:\Sources\nv-lang\nova-198\std\collections\vec_iter.nv:528:22: error: [E_PREFIX_SHADOWS_NAMED_TYPE] `fn[Acc] ...` — generic `Acc` shadows named type `Acc` in scope (Plan 101.1 / D145). Rename one:
nova_tests/plan124/plan124_9_p2_three_level_nested_literal_ok.nv	STALE	CODEGEN-FAIL	CODEGEN-FAIL: \\?\D:\Sources\nv-lang\nova-198\std\collections\vec_iter.nv:528:22: error: [E_PREFIX_SHADOWS_NAMED_TYPE] `fn[Acc] ...` — generic `Acc` shadows named type `Acc` in scope (Plan 101.1 / D145). Rename one:
nova_tests/plan124/plan124_9_p3_four_level_nested_literal_ok.nv	STALE	CODEGEN-FAIL	CODEGEN-FAIL: \\?\D:\Sources\nv-lang\nova-198\std\collections\vec_iter.nv:528:22: error: [E_PREFIX_SHADOWS_NAMED_TYPE] `fn[Acc] ...` — generic `Acc` shadows named type `Acc` in scope (Plan 101.1 / D145). Rename one:
nova_tests/plan124/plan124_9_p4_nested_value_record_literal_ok.nv	STALE	CODEGEN-FAIL	CODEGEN-FAIL: \\?\D:\Sources\nv-lang\nova-198\std\collections\vec_iter.nv:528:22: error: [E_PREFIX_SHADOWS_NAMED_TYPE] `fn[Acc] ...` — generic `Acc` shadows named type `Acc` in scope (Plan 101.1 / D145). Rename one:
nova_tests/plan124/plan124_9_p5_nested_mixed_heap_value_ok.nv	STALE	CODEGEN-FAIL	CODEGEN-FAIL: \\?\D:\Sources\nv-lang\nova-198\std\collections\vec_iter.nv:528:22: error: [E_PREFIX_SHADOWS_NAMED_TYPE] `fn[Acc] ...` — generic `Acc` shadows named type `Acc` in scope (Plan 101.1 / D145). Rename one:
nova_tests/plan124/plan124_9_p6_nested_literal_with_multiple_fields_ok.nv	STALE	CODEGEN-FAIL	CODEGEN-FAIL: \\?\D:\Sources\nv-lang\nova-198\std\collections\vec_iter.nv:528:22: error: [E_PREFIX_SHADOWS_NAMED_TYPE] `fn[Acc] ...` — generic `Acc` shadows named type `Acc` in scope (Plan 101.1 / D145). Rename one:
nova_tests/plan124/plan124_9_repro_nested_literal.nv	STALE	CODEGEN-FAIL	CODEGEN-FAIL: \\?\D:\Sources\nv-lang\nova-198\std\collections\vec_iter.nv:528:22: error: [E_PREFIX_SHADOWS_NAMED_TYPE] `fn[Acc] ...` — generic `Acc` shadows named type `Acc` in scope (Plan 101.1 / D145). Rename one:
nova_tests/plan125/block_only_throw_in_let.nv	MIGRATE	PASS	compiles+passes; target spec_tests/conformance (language-feature test) unless std-module-shaped
nova_tests/plan125/if_chain_throws.nv	MIGRATE	PASS	compiles+passes; target spec_tests/conformance (language-feature test) unless std-module-shaped
nova_tests/plan125/if_else_throw_then_str.nv	MIGRATE	PASS	compiles+passes; target spec_tests/conformance (language-feature test) unless std-module-shaped
nova_tests/plan125/if_let_throw_else_str.nv	MIGRATE	PASS	compiles+passes; target spec_tests/conformance (language-feature test) unless std-module-shaped
nova_tests/plan125/if_then_block_with_stmts_then_throw.nv	MIGRATE	PASS	compiles+passes; target spec_tests/conformance (language-feature test) unless std-module-shaped
nova_tests/plan125/if_then_exit_else_str.nv	MIGRATE	PASS	compiles+passes; target spec_tests/conformance (language-feature test) unless std-module-shaped
nova_tests/plan125/if_then_interrupt_else_str.nv	MIGRATE	PASS	compiles+passes; target spec_tests/conformance (language-feature test) unless std-module-shaped
nova_tests/plan125/if_then_panic_else_str.nv	MIGRATE	PASS	compiles+passes; target spec_tests/conformance (language-feature test) unless std-module-shaped
nova_tests/plan125/if_then_throw_else_bool.nv	MIGRATE	PASS	compiles+passes; target spec_tests/conformance (language-feature test) unless std-module-shaped
nova_tests/plan125/if_then_throw_else_list_int.nv	MIGRATE	PASS	compiles+passes; target spec_tests/conformance (language-feature test) unless std-module-shaped
nova_tests/plan125/if_then_throw_else_str.nv	MIGRATE	PASS	compiles+passes; target spec_tests/conformance (language-feature test) unless std-module-shaped
nova_tests/plan125/if_then_throw_else_struct.nv	MIGRATE	PASS	compiles+passes; target spec_tests/conformance (language-feature test) unless std-module-shaped
nova_tests/plan125/if_then_user_never_else_int.nv	MIGRATE	PASS	compiles+passes; target spec_tests/conformance (language-feature test) unless std-module-shaped
nova_tests/plan125/match_arm_panic_others_int.nv	MIGRATE	PASS	compiles+passes; target spec_tests/conformance (language-feature test) unless std-module-shaped
nova_tests/plan125/match_arm_throw_others_value.nv	MIGRATE	PASS	compiles+passes; target spec_tests/conformance (language-feature test) unless std-module-shaped
nova_tests/plan125/neg/assert_not_divergent.nv	MIGRATE	PASS	compiles+passes; target spec_tests/conformance (language-feature test) unless std-module-shaped
nova_tests/plan125/neg/break_loop_scope_only.nv	MIGRATE	PASS	compiles+passes; target spec_tests/conformance (language-feature test) unless std-module-shaped
nova_tests/plan125/neg/early_return_then_value.nv	MIGRATE	PASS	compiles+passes; target spec_tests/conformance (language-feature test) unless std-module-shaped
nova_tests/plan125/neg/let_throw_no_context.nv	STALE	CC-FAIL	CC-FAIL: D:\Sources\nv-lang\nova-198\nova_tests/plan125\neg\let_throw_no_context.c:6883:6: error: use of undeclared identifier 'x' | D:\Sources\nv-lang\nova-198\nova_tests/plan125\neg\let_throw_no_context.c:6883:60: e...
nova_tests/plan125/nested_if_throws_in_match.nv	MIGRATE	PASS	compiles+passes; target spec_tests/conformance (language-feature test) unless std-module-shaped
nova_tests/plan125/nested_match_in_if.nv	MIGRATE	PASS	compiles+passes; target spec_tests/conformance (language-feature test) unless std-module-shaped
nova_tests/plan125/two_branch_diverging_match_int.nv	MIGRATE	PASS	compiles+passes; target spec_tests/conformance (language-feature test) unless std-module-shaped
nova_tests/plan125_1/d196_consume_divergent_branch.nv	MIGRATE	PASS	compiles+passes; target spec_tests/conformance (language-feature test) unless std-module-shaped
nova_tests/plan125_1/interrupt_in_let_typed.nv	MIGRATE	PASS	compiles+passes; target spec_tests/conformance (language-feature test) unless std-module-shaped
nova_tests/plan125_1/neg/d196_consume_required_in_live_branch.nv	MIGRATE	PASS	compiles+passes; target spec_tests/conformance (language-feature test) unless std-module-shaped
nova_tests/plan125_1/neg/let_never_no_context.nv	STALE	CC-FAIL	CC-FAIL: D:\Sources\nv-lang\nova-198\nova_tests/plan125_1\neg\let_never_no_context.c:6883:6: error: use of undeclared identifier 'x' | D:\Sources\nv-lang\nova-198\nova_tests/plan125_1\neg\let_never_no_context.c:6883:6...
nova_tests/plan125_1/neg/never_no_assignment.nv	MIGRATE	PASS	compiles+passes; target spec_tests/conformance (language-feature test) unless std-module-shaped
nova_tests/plan125_1/never_arg_to_fn.nv	MIGRATE	PASS	compiles+passes; target spec_tests/conformance (language-feature test) unless std-module-shaped
nova_tests/plan125_1/never_in_return_position.nv	MIGRATE	PASS	compiles+passes; target spec_tests/conformance (language-feature test) unless std-module-shaped
nova_tests/plan125_1/never_subtype_of_bool.nv	MIGRATE	PASS	compiles+passes; target spec_tests/conformance (language-feature test) unless std-module-shaped
nova_tests/plan125_1/never_subtype_of_int.nv	MIGRATE	PASS	compiles+passes; target spec_tests/conformance (language-feature test) unless std-module-shaped
nova_tests/plan125_1/never_subtype_of_list.nv	MIGRATE	PASS	compiles+passes; target spec_tests/conformance (language-feature test) unless std-module-shaped
nova_tests/plan125_1/never_subtype_of_str.nv	MIGRATE	PASS	compiles+passes; target spec_tests/conformance (language-feature test) unless std-module-shaped
nova_tests/plan125_1/never_subtype_of_struct.nv	MIGRATE	PASS	compiles+passes; target spec_tests/conformance (language-feature test) unless std-module-shaped
nova_tests/plan125_1/panic_in_match_arm_typed.nv	MIGRATE	PASS	compiles+passes; target spec_tests/conformance (language-feature test) unless std-module-shaped
nova_tests/plan125_1/throw_in_let_typed.nv	MIGRATE	PASS	compiles+passes; target spec_tests/conformance (language-feature test) unless std-module-shaped
nova_tests/plan125_1/unreachable_call_typed.nv	MIGRATE	PASS	compiles+passes; target spec_tests/conformance (language-feature test) unless std-module-shaped
nova_tests/plan125_2/loop_inf_in_match_arm.nv	STALE	CODEGEN-FAIL	CODEGEN-FAIL: codegen error: unsupported operator Add on nova_unit
nova_tests/plan125_2/loop_inf_in_then_else_value.nv	STALE	CODEGEN-FAIL	CODEGEN-FAIL: codegen error: unsupported operator Add on nova_unit
nova_tests/plan125_2/neg/break_in_outer_loop_only.nv	MIGRATE	PASS	compiles+passes; target spec_tests/conformance (language-feature test) unless std-module-shaped
nova_tests/plan125_2/neg/loop_panic_inside_NOT_diverges_via_break.nv	MIGRATE	PASS	compiles+passes; target spec_tests/conformance (language-feature test) unless std-module-shaped
nova_tests/plan125_2/neg/loop_with_break_NOT_divergent.nv	MIGRATE	PASS	compiles+passes; target spec_tests/conformance (language-feature test) unless std-module-shaped
nova_tests/plan125_2/neg/loop_with_break_concrete.nv	MIGRATE	PASS	compiles+passes; target spec_tests/conformance (language-feature test) unless std-module-shaped
nova_tests/plan125_2/neg/regression_concurrency_loop_pattern.nv	MIGRATE	PASS	compiles+passes; target spec_tests/conformance (language-feature test) unless std-module-shaped
nova_tests/plan125_2/neg/stmt_break_in_loop_last_stmt.nv	MIGRATE	PASS	compiles+passes; target spec_tests/conformance (language-feature test) unless std-module-shaped
nova_tests/plan125_2/neg/while_cond_var_NOT_divergent.nv	MIGRATE	PASS	compiles+passes; target spec_tests/conformance (language-feature test) unless std-module-shaped
nova_tests/plan125_2/neg/while_false_NOT_divergent.nv	MIGRATE	PASS	compiles+passes; target spec_tests/conformance (language-feature test) unless std-module-shaped
nova_tests/plan125_2/neg/while_var_cond.nv	MIGRATE	PASS	compiles+passes; target spec_tests/conformance (language-feature test) unless std-module-shaped
nova_tests/plan125_2/stmt_break_in_if_else_int.nv	STALE	CODEGEN-FAIL	CODEGEN-FAIL: codegen error: unsupported operator Add on nova_unit
nova_tests/plan125_2/stmt_continue_in_if_else_int.nv	STALE	CODEGEN-FAIL	CODEGEN-FAIL: codegen error: unsupported operator Add on nova_unit
nova_tests/plan125_2/while_true_inf_in_else.nv	STALE	CODEGEN-FAIL	CODEGEN-FAIL: codegen error: unsupported operator Add on nova_unit
nova_tests/plan125_2/while_true_no_break_match_arm.nv	STALE	CODEGEN-FAIL	CODEGEN-FAIL: codegen error: unsupported operator Add on nova_unit
nova_tests/plan125_followups/method_call_never_runtime.nv	MIGRATE	PASS	compiles+passes; target spec_tests/conformance (language-feature test) unless std-module-shaped
nova_tests/plan125_followups/method_call_never_static.nv	MIGRATE	PASS	compiles+passes; target spec_tests/conformance (language-feature test) unless std-module-shaped
nova_tests/plan125_followups/method_call_never_user_type.nv	MIGRATE	PASS	compiles+passes; target spec_tests/conformance (language-feature test) unless std-module-shaped
nova_tests/plan125_followups/never_cast_arg_position.nv	MIGRATE	PASS	compiles+passes; target spec_tests/conformance (language-feature test) unless std-module-shaped
nova_tests/plan125_followups/never_cast_f64_target.nv	MIGRATE	PASS	compiles+passes; target spec_tests/conformance (language-feature test) unless std-module-shaped
nova_tests/plan125_followups/never_cast_let_typed.nv	MIGRATE	PASS	compiles+passes; target spec_tests/conformance (language-feature test) unless std-module-shaped
nova_tests/plan125_followups/unreachable_basic.nv	MIGRATE	PASS	compiles+passes; target spec_tests/conformance (language-feature test) unless std-module-shaped
nova_tests/plan125_followups/unreachable_match_default.nv	MIGRATE	PASS	compiles+passes; target spec_tests/conformance (language-feature test) unless std-module-shaped
nova_tests/plan125_followups/unreachable_runtime_fires.nv	MIGRATE	PASS	compiles+passes; target spec_tests/conformance (language-feature test) unless std-module-shaped
nova_tests/plan126/neg/p16_field_lacks_protocol_neg.nv	MIGRATE	PASS	compiles+passes; target spec_tests/conformance (language-feature test) unless std-module-shaped
nova_tests/plan126/neg/p17_hashable_field_lacks_neg.nv	MIGRATE	PASS	compiles+passes; target spec_tests/conformance (language-feature test) unless std-module-shaped
nova_tests/plan126/neg/p18_cloneable_field_lacks_neg.nv	MIGRATE	PASS	compiles+passes; target spec_tests/conformance (language-feature test) unless std-module-shaped
nova_tests/plan126/neg/p19_comparable_field_lacks_neg.nv	MIGRATE	PASS	compiles+passes; target spec_tests/conformance (language-feature test) unless std-module-shaped
nova_tests/plan126/neg/p20_printable_field_lacks_neg.nv	MIGRATE	PASS	compiles+passes; target spec_tests/conformance (language-feature test) unless std-module-shaped
nova_tests/plan126/neg/p21_unsupported_kind_neg.nv	MIGRATE	PASS	compiles+passes; target spec_tests/conformance (language-feature test) unless std-module-shaped
nova_tests/plan126/p01_equatable_record_ok.nv	STALE	CODEGEN-FAIL	CODEGEN-FAIL: codegen error: [E_UNKNOWN_TYPE_METHOD] `str.from(...)` — тип `str` неизвестен codegen'у (нет import или typedef). Single-key fallback на `ReadBuffer.from` отвергнут — s...
nova_tests/plan126/p02_hashable_record_ok.nv	STALE	CODEGEN-FAIL	CODEGEN-FAIL: codegen error: [E_UNKNOWN_TYPE_METHOD] `str.from(...)` — тип `str` неизвестен codegen'у (нет import или typedef). Single-key fallback на `ReadBuffer.from` отвергнут — s...
nova_tests/plan126/p03_cloneable_record_ok.nv	STALE	CODEGEN-FAIL	CODEGEN-FAIL: codegen error: [E_UNKNOWN_TYPE_METHOD] `str.from(...)` — тип `str` неизвестен codegen'у (нет import или typedef). Single-key fallback на `ReadBuffer.from` отвергнут — s...
nova_tests/plan126/p04_comparable_record_ok.nv	STALE	CODEGEN-FAIL	CODEGEN-FAIL: codegen error: [E_UNKNOWN_TYPE_METHOD] `str.from(...)` — тип `str` неизвестен codegen'у (нет import или typedef). Single-key fallback на `ReadBuffer.from` отвергнут — s...
nova_tests/plan126/p05_printable_record_ok.nv	STALE	CODEGEN-FAIL	CODEGEN-FAIL: codegen error: [E_UNKNOWN_TYPE_METHOD] `str.from(...)` — тип `str` неизвестен codegen'у (нет import или typedef). Single-key fallback на `ReadBuffer.from` отвергнут — s...
nova_tests/plan126/p06_combined_all_protocols_ok.nv	STALE	CODEGEN-FAIL	CODEGEN-FAIL: codegen error: [E_UNKNOWN_TYPE_METHOD] `str.from(...)` — тип `str` неизвестен codegen'у (нет import или typedef). Single-key fallback на `ReadBuffer.from` отвергнут — s...
nova_tests/plan126/p07_nested_records_ok.nv	STALE	CODEGEN-FAIL	CODEGEN-FAIL: codegen error: [E_UNKNOWN_TYPE_METHOD] `str.from(...)` — тип `str` неизвестен codegen'у (нет import или typedef). Single-key fallback на `ReadBuffer.from` отвергнут — s...
nova_tests/plan126/p08_nested_3level_ok.nv	STALE	CODEGEN-FAIL	CODEGEN-FAIL: codegen error: [E_UNKNOWN_TYPE_METHOD] `str.from(...)` — тип `str` неизвестен codegen'у (нет import или typedef). Single-key fallback на `ReadBuffer.from` отвергнут — s...
nova_tests/plan126/p09_explicit_method_override_ok.nv	STALE	CODEGEN-FAIL	CODEGEN-FAIL: codegen error: [E_UNKNOWN_TYPE_METHOD] `str.from(...)` — тип `str` неизвестен codegen'у (нет import или typedef). Single-key fallback на `ReadBuffer.from` отвергнут — s...
nova_tests/plan126/p10_string_field_ok.nv	STALE	CODEGEN-FAIL	CODEGEN-FAIL: codegen error: [E_UNKNOWN_TYPE_METHOD] `str.from(...)` — тип `str` неизвестен codegen'у (нет import или typedef). Single-key fallback на `ReadBuffer.from` отвергнут — s...
nova_tests/plan126/p11_bool_char_fields_ok.nv	STALE	CODEGEN-FAIL	CODEGEN-FAIL: codegen error: [E_UNKNOWN_TYPE_METHOD] `str.from(...)` — тип `str` неизвестен codegen'у (нет import или typedef). Single-key fallback на `ReadBuffer.from` отвергнут — s...
nova_tests/plan126/p12_empty_record_ok.nv	STALE	CODEGEN-FAIL	CODEGEN-FAIL: codegen error: [E_UNKNOWN_TYPE_METHOD] `str.from(...)` — тип `str` неизвестен codegen'у (нет import или typedef). Single-key fallback на `ReadBuffer.from` отвергнут — s...
nova_tests/plan126/p13_named_tuple_ok.nv	STALE	CODEGEN-FAIL	CODEGEN-FAIL: codegen error: [E_UNKNOWN_TYPE_METHOD] `str.from(...)` — тип `str` неизвестен codegen'у (нет import или typedef). Single-key fallback на `ReadBuffer.from` отвергнут — s...
nova_tests/plan126/p14_value_record_ok.nv	STALE	CODEGEN-FAIL	CODEGEN-FAIL: codegen error: [E_UNKNOWN_TYPE_METHOD] `str.from(...)` — тип `str` неизвестен codegen'у (нет import или typedef). Single-key fallback на `ReadBuffer.from` отвергнут — s...
nova_tests/plan126/p15_priv_field_compose_ok.nv	STALE	CODEGEN-FAIL	CODEGEN-FAIL: codegen error: [E_UNKNOWN_TYPE_METHOD] `str.from(...)` — тип `str` неизвестен codegen'у (нет import или typedef). Single-key fallback на `ReadBuffer.from` отвергнут — s...
nova_tests/plan126_2/neg/n1_no_impl_no_autoderive_neg.nv	MIGRATE	PASS	compiles+passes; target spec_tests/conformance (language-feature test) unless std-module-shaped
nova_tests/plan126_2/neg/n2_field_lacks_protocol_neg.nv	MIGRATE	PASS	compiles+passes; target spec_tests/conformance (language-feature test) unless std-module-shaped
nova_tests/plan126_2/p1_equatable_runtime_ok.nv	STALE	CC-FAIL	CC-FAIL: D:\Sources\nv-lang\nova-198\nova_tests/plan126_2\p1_equatable_runtime_ok.c:7054:42: error: passing 'int' to parameter of incompatible type 'nova_str' | D:\Sources\nv-lang\nova-198\nova_tests/plan126_2\p1_equa...
nova_tests/plan126_2/p2_hashable_runtime_ok.nv	STALE	CC-FAIL	CC-FAIL: D:\Sources\nv-lang\nova-198\nova_tests/plan126_2\p1_equatable_runtime_ok.c:7054:42: error: passing 'int' to parameter of incompatible type 'nova_str' | D:\Sources\nv-lang\nova-198\nova_tests/plan126_2\p1_equa...
nova_tests/plan126_2/p3_cloneable_runtime_ok.nv	STALE	CC-FAIL	CC-FAIL: D:\Sources\nv-lang\nova-198\nova_tests/plan126_2\p1_equatable_runtime_ok.c:7054:42: error: passing 'int' to parameter of incompatible type 'nova_str' | D:\Sources\nv-lang\nova-198\nova_tests/plan126_2\p1_equa...
nova_tests/plan126_2/p4_comparable_runtime_ok.nv	STALE	CC-FAIL	CC-FAIL: D:\Sources\nv-lang\nova-198\nova_tests/plan126_2\p1_equatable_runtime_ok.c:7054:42: error: passing 'int' to parameter of incompatible type 'nova_str' | D:\Sources\nv-lang\nova-198\nova_tests/plan126_2\p1_equa...
nova_tests/plan126_2/p5_printable_runtime_ok.nv	STALE	CC-FAIL	CC-FAIL: D:\Sources\nv-lang\nova-198\nova_tests/plan126_2\p1_equatable_runtime_ok.c:7054:42: error: passing 'int' to parameter of incompatible type 'nova_str' | D:\Sources\nv-lang\nova-198\nova_tests/plan126_2\p1_equa...
nova_tests/plan126_2/p6_heap_record_equatable_override_ok.nv	STALE	CC-FAIL	CC-FAIL: D:\Sources\nv-lang\nova-198\nova_tests/plan126_2\p1_equatable_runtime_ok.c:7054:42: error: passing 'int' to parameter of incompatible type 'nova_str' | D:\Sources\nv-lang\nova-198\nova_tests/plan126_2\p1_equa...
nova_tests/plan126_2/p7_nested_record_clone_deep_ok.nv	STALE	CC-FAIL	CC-FAIL: D:\Sources\nv-lang\nova-198\nova_tests/plan126_2\p1_equatable_runtime_ok.c:7054:42: error: passing 'int' to parameter of incompatible type 'nova_str' | D:\Sources\nv-lang\nova-198\nova_tests/plan126_2\p1_equa...
nova_tests/plan126_2/p8_explicit_method_wins_ok.nv	STALE	CC-FAIL	CC-FAIL: D:\Sources\nv-lang\nova-198\nova_tests/plan126_2\p1_equatable_runtime_ok.c:7054:42: error: passing 'int' to parameter of incompatible type 'nova_str' | D:\Sources\nv-lang\nova-198\nova_tests/plan126_2\p1_equa...
nova_tests/plan127/neg/t13_neg_escape_after_consume.nv	MIGRATE	PASS	compiles+passes; target spec_tests/conformance (language-feature test) unless std-module-shaped
nova_tests/plan127/neg/t14_neg_escape_addr_literal.nv	MIGRATE	PASS	compiles+passes; target spec_tests/conformance (language-feature test) unless std-module-shaped
nova_tests/plan127/neg/t15_neg_consume_drain_then_addr.nv	MIGRATE	PASS	compiles+passes; target spec_tests/conformance (language-feature test) unless std-module-shaped
nova_tests/plan127/neg/t16_neg_addr_of_const_binding.nv	STALE	CODEGEN-FAIL	CODEGEN-FAIL: D:\Sources\nv-lang\nova-198\nova_tests/plan127\neg\t16_neg_addr_of_const_binding.nv:10:12: error: [E_UNSAFE_UNUSED] `unsafe {{ }}` block contains no operation that requires unsafe context (D216 §21 map:...
nova_tests/plan127/neg/t17_neg_addr_of_index.nv	MIGRATE	PASS	compiles+passes; target spec_tests/conformance (language-feature test) unless std-module-shaped
nova_tests/plan127/t10_nested_block_escape_ok.nv	STALE	CODEGEN-FAIL	CODEGEN-FAIL: D:\Sources\nv-lang\nova-198\nova_tests/plan127\t10_nested_block_escape_ok.nv:14:16: error: [E_UNSAFE_UNUSED] `unsafe {{ }}` block contains no operation that requires unsafe context (D216 §21 map: `raw &...
nova_tests/plan127/t11_match_arm_escape_ok.nv	STALE	CODEGEN-FAIL	CODEGEN-FAIL: D:\Sources\nv-lang\nova-198\nova_tests/plan127\t10_nested_block_escape_ok.nv:14:16: error: [E_UNSAFE_UNUSED] `unsafe {{ }}` block contains no operation that requires unsafe context (D216 §21 map: `raw &...
nova_tests/plan127/t12_priv_field_after_promote_ok.nv	STALE	CODEGEN-FAIL	CODEGEN-FAIL: D:\Sources\nv-lang\nova-198\nova_tests/plan127\t10_nested_block_escape_ok.nv:14:16: error: [E_UNSAFE_UNUSED] `unsafe {{ }}` block contains no operation that requires unsafe context (D216 §21 map: `raw &...
nova_tests/plan127/t1_local_only_no_escape_ok.nv	STALE	CODEGEN-FAIL	CODEGEN-FAIL: D:\Sources\nv-lang\nova-198\nova_tests/plan127\t10_nested_block_escape_ok.nv:14:16: error: [E_UNSAFE_UNUSED] `unsafe {{ }}` block contains no operation that requires unsafe context (D216 §21 map: `raw &...
nova_tests/plan127/t2_return_addr_auto_promote_ok.nv	STALE	CODEGEN-FAIL	CODEGEN-FAIL: D:\Sources\nv-lang\nova-198\nova_tests/plan127\t10_nested_block_escape_ok.nv:14:16: error: [E_UNSAFE_UNUSED] `unsafe {{ }}` block contains no operation that requires unsafe context (D216 §21 map: `raw &...
nova_tests/plan127/t3_field_access_after_promote_ok.nv	STALE	CODEGEN-FAIL	CODEGEN-FAIL: D:\Sources\nv-lang\nova-198\nova_tests/plan127\t10_nested_block_escape_ok.nv:14:16: error: [E_UNSAFE_UNUSED] `unsafe {{ }}` block contains no operation that requires unsafe context (D216 §21 map: `raw &...
nova_tests/plan127/t4_no_value_record_no_promote_ok.nv	STALE	CODEGEN-FAIL	CODEGEN-FAIL: D:\Sources\nv-lang\nova-198\nova_tests/plan127\t10_nested_block_escape_ok.nv:14:16: error: [E_UNSAFE_UNUSED] `unsafe {{ }}` block contains no operation that requires unsafe context (D216 §21 map: `raw &...
nova_tests/plan127/t5_two_locals_one_escapes_ok.nv	STALE	CODEGEN-FAIL	CODEGEN-FAIL: D:\Sources\nv-lang\nova-198\nova_tests/plan127\t10_nested_block_escape_ok.nv:14:16: error: [E_UNSAFE_UNUSED] `unsafe {{ }}` block contains no operation that requires unsafe context (D216 §21 map: `raw &...
nova_tests/plan127/t6_branch_one_arm_escapes_ok.nv	STALE	CODEGEN-FAIL	CODEGEN-FAIL: D:\Sources\nv-lang\nova-198\nova_tests/plan127\t10_nested_block_escape_ok.nv:14:16: error: [E_UNSAFE_UNUSED] `unsafe {{ }}` block contains no operation that requires unsafe context (D216 §21 map: `raw &...
nova_tests/plan127/t7_return_by_value_no_promote_ok.nv	STALE	CODEGEN-FAIL	CODEGEN-FAIL: D:\Sources\nv-lang\nova-198\nova_tests/plan127\t10_nested_block_escape_ok.nv:14:16: error: [E_UNSAFE_UNUSED] `unsafe {{ }}` block contains no operation that requires unsafe context (D216 §21 map: `raw &...
nova_tests/plan127/t8_multiple_field_types_promote_ok.nv	STALE	CODEGEN-FAIL	CODEGEN-FAIL: D:\Sources\nv-lang\nova-198\nova_tests/plan127\t10_nested_block_escape_ok.nv:14:16: error: [E_UNSAFE_UNUSED] `unsafe {{ }}` block contains no operation that requires unsafe context (D216 §21 map: `raw &...
nova_tests/plan127/t9_repeat_addr_of_same_local_ok.nv	STALE	CODEGEN-FAIL	CODEGEN-FAIL: D:\Sources\nv-lang\nova-198\nova_tests/plan127\t10_nested_block_escape_ok.nv:14:16: error: [E_UNSAFE_UNUSED] `unsafe {{ }}` block contains no operation that requires unsafe context (D216 §21 map: `raw &...
nova_tests/plan127_1/p1_value_promoted_single_field_access_ok.nv	STALE	CODEGEN-FAIL	CODEGEN-FAIL: D:\Sources\nv-lang\nova-198\nova_tests/plan127_1\p1_value_promoted_single_field_access_ok.nv:14:12: error: [E_UNSAFE_UNUSED] `unsafe {{ }}` block contains no operation that requires unsafe context (D216 ...
nova_tests/plan127_1/p2_value_promoted_chained_field_access_ok.nv	STALE	CODEGEN-FAIL	CODEGEN-FAIL: D:\Sources\nv-lang\nova-198\nova_tests/plan127_1\p1_value_promoted_single_field_access_ok.nv:14:12: error: [E_UNSAFE_UNUSED] `unsafe {{ }}` block contains no operation that requires unsafe context (D216 ...
nova_tests/plan127_1/p3_value_promoted_method_call_chained_ok.nv	STALE	CODEGEN-FAIL	CODEGEN-FAIL: D:\Sources\nv-lang\nova-198\nova_tests/plan127_1\p1_value_promoted_single_field_access_ok.nv:14:12: error: [E_UNSAFE_UNUSED] `unsafe {{ }}` block contains no operation that requires unsafe context (D216 ...
nova_tests/plan128/neg/t6_primitive_str_mut_method_neg.nv	MIGRATE	PASS	compiles+passes; target spec_tests/conformance (language-feature test) unless std-module-shaped
nova_tests/plan128/neg/t7_primitive_int_mut_method_neg.nv	MIGRATE	PASS	compiles+passes; target spec_tests/conformance (language-feature test) unless std-module-shaped
nova_tests/plan128/neg/t8_primitive_bool_mut_method_neg.nv	MIGRATE	PASS	compiles+passes; target spec_tests/conformance (language-feature test) unless std-module-shaped
nova_tests/plan128/neg/t9_primitive_f64_mut_method_neg.nv	MIGRATE	PASS	compiles+passes; target spec_tests/conformance (language-feature test) unless std-module-shaped
nova_tests/plan128/neg/t_gated_M_128_1_ro_field_chain_not_mut.nv	STALE	CODEGEN-FAIL	CODEGEN-FAIL: D:\Sources\nv-lang\nova-198\nova_tests/plan128\neg\t_gated_M_128_1_ro_field_chain_not_mut.nv:48:5: error: [E_LOCAL_NOT_MUT] local-binding `b` не помечен `mut`, но mut-метод `set_x` выз...
nova_tests/plan128/t10_primitive_ro_method_ok.nv	STALE	CODEGEN-FAIL	CODEGEN-FAIL: D:\Sources\nv-lang\nova-198\nova_tests/plan128\t10_primitive_ro_method_ok.nv:10:1: error: [E_METHOD_REDEFINITION] метод `int.is_positive` уже определён (std/prelude или импорти...
nova_tests/plan128/t11_mut_method_user_type_ok.nv	STALE	CODEGEN-FAIL	CODEGEN-FAIL: D:\Sources\nv-lang\nova-198\nova_tests/plan128\t10_primitive_ro_method_ok.nv:10:1: error: [E_METHOD_REDEFINITION] метод `int.is_positive` уже определён (std/prelude или импорти...
nova_tests/plan128/t12_named_tuple_field_mut_ok.nv	STALE	CODEGEN-FAIL	CODEGEN-FAIL: D:\Sources\nv-lang\nova-198\nova_tests/plan128\t10_primitive_ro_method_ok.nv:10:1: error: [E_METHOD_REDEFINITION] метод `int.is_positive` уже определён (std/prelude или импорти...
nova_tests/plan128/t12b_named_tuple_field_mut_direct_ok.nv	STALE	CODEGEN-FAIL	CODEGEN-FAIL: D:\Sources\nv-lang\nova-198\nova_tests/plan128\t10_primitive_ro_method_ok.nv:10:1: error: [E_METHOD_REDEFINITION] метод `int.is_positive` уже определён (std/prelude или импорти...
nova_tests/plan128/t13_named_tuple_in_array_ok.nv	STALE	CODEGEN-FAIL	CODEGEN-FAIL: D:\Sources\nv-lang\nova-198\nova_tests/plan128\t10_primitive_ro_method_ok.nv:10:1: error: [E_METHOD_REDEFINITION] метод `int.is_positive` уже определён (std/prelude или импорти...
nova_tests/plan128/t13b_array_named_tuple_mut_method_ok.nv	STALE	CODEGEN-FAIL	CODEGEN-FAIL: D:\Sources\nv-lang\nova-198\nova_tests/plan128\t10_primitive_ro_method_ok.nv:10:1: error: [E_METHOD_REDEFINITION] метод `int.is_positive` уже определён (std/prelude или импорти...
nova_tests/plan128/t14_named_tuple_in_record_ok.nv	STALE	CODEGEN-FAIL	CODEGEN-FAIL: D:\Sources\nv-lang\nova-198\nova_tests/plan128\t10_primitive_ro_method_ok.nv:10:1: error: [E_METHOD_REDEFINITION] метод `int.is_positive` уже определён (std/prelude или импорти...
nova_tests/plan128/t14b_record_namedtuple_field_mut_direct_ok.nv	STALE	CODEGEN-FAIL	CODEGEN-FAIL: D:\Sources\nv-lang\nova-198\nova_tests/plan128\t10_primitive_ro_method_ok.nv:10:1: error: [E_METHOD_REDEFINITION] метод `int.is_positive` уже определён (std/prelude или импорти...
nova_tests/plan128/t15_value_record_in_named_tuple_ok.nv	STALE	CODEGEN-FAIL	CODEGEN-FAIL: D:\Sources\nv-lang\nova-198\nova_tests/plan128\t10_primitive_ro_method_ok.nv:10:1: error: [E_METHOD_REDEFINITION] метод `int.is_positive` уже определён (std/prelude или импорти...
nova_tests/plan128/t1_named_tuple_mut_observed_ok.nv	STALE	CODEGEN-FAIL	CODEGEN-FAIL: D:\Sources\nv-lang\nova-198\nova_tests/plan128\t10_primitive_ro_method_ok.nv:10:1: error: [E_METHOD_REDEFINITION] метод `int.is_positive` уже определён (std/prelude или импорти...
nova_tests/plan128/t2_named_tuple_ro_unchanged_ok.nv	STALE	CODEGEN-FAIL	CODEGEN-FAIL: D:\Sources\nv-lang\nova-198\nova_tests/plan128\t10_primitive_ro_method_ok.nv:10:1: error: [E_METHOD_REDEFINITION] метод `int.is_positive` уже определён (std/prelude или импорти...
nova_tests/plan128/t3_named_tuple_chained_mut_ok.nv	STALE	CODEGEN-FAIL	CODEGEN-FAIL: D:\Sources\nv-lang\nova-198\nova_tests/plan128\t10_primitive_ro_method_ok.nv:10:1: error: [E_METHOD_REDEFINITION] метод `int.is_positive` уже определён (std/prelude или импорти...
nova_tests/plan128/t4_value_record_mut_regression_ok.nv	STALE	CODEGEN-FAIL	CODEGEN-FAIL: D:\Sources\nv-lang\nova-198\nova_tests/plan128\t10_primitive_ro_method_ok.nv:10:1: error: [E_METHOD_REDEFINITION] метод `int.is_positive` уже определён (std/prelude или импорти...
nova_tests/plan128/t5_heap_record_mut_regression_ok.nv	STALE	CODEGEN-FAIL	CODEGEN-FAIL: D:\Sources\nv-lang\nova-198\nova_tests/plan128\t10_primitive_ro_method_ok.nv:10:1: error: [E_METHOD_REDEFINITION] метод `int.is_positive` уже определён (std/prelude или импорти...
nova_tests/plan128_2/neg/n1_ro_binding_member_chain_mut_method_neg.nv	MIGRATE	PASS	compiles+passes; target spec_tests/conformance (language-feature test) unless std-module-shaped
nova_tests/plan128_2/neg/n2_ro_binding_deep_chain_mut_neg.nv	MIGRATE	PASS	compiles+passes; target spec_tests/conformance (language-feature test) unless std-module-shaped
nova_tests/plan128_2/neg/n3_ro_binding_index_chain_mut_neg.nv	MIGRATE	PASS	compiles+passes; target spec_tests/conformance (language-feature test) unless std-module-shaped
nova_tests/plan128_2/p1_mut_binding_member_chain_mut_method_ok.nv	MIGRATE	PASS	compiles+passes; target spec_tests/conformance (language-feature test) unless std-module-shaped
nova_tests/plan128_2/p2_mut_self_field_mut_method_ok.nv	MIGRATE	PASS	compiles+passes; target spec_tests/conformance (language-feature test) unless std-module-shaped
nova_tests/plan128_2/p3_mut_binding_index_chain_mut_method_ok.nv	MIGRATE	PASS	compiles+passes; target spec_tests/conformance (language-feature test) unless std-module-shaped
nova_tests/plan128_2/p4_deep_chain_mut_ok.nv	MIGRATE	PASS	compiles+passes; target spec_tests/conformance (language-feature test) unless std-module-shaped
nova_tests/plan128_2/p5_rvalue_base_mut_no_op.nv	MIGRATE	PASS	compiles+passes; target spec_tests/conformance (language-feature test) unless std-module-shaped
nova_tests/plan132/neg/neg_bound_method_no_args.nv	MIGRATE	PASS	compiles+passes; target spec_tests/conformance (language-feature test) unless std-module-shaped
nova_tests/plan132/neg/neg_bound_method_with_args.nv	MIGRATE	PASS	compiles+passes; target spec_tests/conformance (language-feature test) unless std-module-shaped
nova_tests/plan132/pos_at_name_disambiguation.nv	MIGRATE	PASS	compiles+passes; target spec_tests/conformance (language-feature test) unless std-module-shaped
nova_tests/plan132/pos_field_method_same_name.nv	MIGRATE	PASS	compiles+passes; target spec_tests/conformance (language-feature test) unless std-module-shaped
nova_tests/plan132/pos_self_call_same_name_minimal.nv	MIGRATE	PASS	compiles+passes; target spec_tests/conformance (language-feature test) unless std-module-shaped
nova_tests/plan132/pos_unbound_type_method.nv	MIGRATE	PASS	compiles+passes; target spec_tests/conformance (language-feature test) unless std-module-shaped
nova_tests/plan133/neg/t1_usize_removed_neg.nv	MIGRATE	PASS	compiles+passes; target spec_tests/conformance (language-feature test) unless std-module-shaped
nova_tests/plan133/neg/t2_isize_removed_neg.nv	MIGRATE	PASS	compiles+passes; target spec_tests/conformance (language-feature test) unless std-module-shaped
nova_tests/plan133/t3_int_as_size_ok.nv	MIGRATE	PASS	compiles+passes; target spec_tests/conformance (language-feature test) unless std-module-shaped
nova_tests/plan133/t4_int_size_of_ok.nv	MIGRATE	PASS	compiles+passes; target spec_tests/conformance (language-feature test) unless std-module-shaped
nova_tests/plan134/neg/t1_ptr_removed_neg.nv	MIGRATE	PASS	compiles+passes; target spec_tests/conformance (language-feature test) unless std-module-shaped
nova_tests/plan134/t2_unit_ptr_type_ok.nv	MIGRATE	PASS	compiles+passes; target spec_tests/conformance (language-feature test) unless std-module-shaped
nova_tests/plan134/t3_null_unit_ptr_ok.nv	MIGRATE	PASS	compiles+passes; target spec_tests/conformance (language-feature test) unless std-module-shaped
nova_tests/plan134/t4_unit_ptr_cast_ok.nv	MIGRATE	PASS	compiles+passes; target spec_tests/conformance (language-feature test) unless std-module-shaped
nova_tests/plan135/neg/neg3_ro_cannot_call_mut_only.nv	MIGRATE	PASS	compiles+passes; target spec_tests/conformance (language-feature test) unless std-module-shaped
nova_tests/plan135/neg1_no_overload_not_found.nv	STALE	CODEGEN-FAIL	CODEGEN-FAIL: D:\Sources\nv-lang\nova-198\nova_tests/plan135\neg1_no_overload_not_found.nv:17:12: error: [E7320] no field or method `phantom` on type `Sensor3`
nova_tests/plan135/neg2_wrong_arg_type.nv	STALE	CODEGEN-FAIL	CODEGEN-FAIL: D:\Sources\nv-lang\nova-198\nova_tests/plan135\neg1_no_overload_not_found.nv:17:12: error: [E7320] no field or method `phantom` on type `Sensor3`
nova_tests/plan135/t1_ro_mut_overload_basic_ok.nv	STALE	CODEGEN-FAIL	CODEGEN-FAIL: D:\Sources\nv-lang\nova-198\nova_tests/plan135\neg1_no_overload_not_found.nv:17:12: error: [E7320] no field or method `phantom` on type `Sensor3`
nova_tests/plan135/t2_ro_receiver_picks_ro_overload.nv	STALE	CODEGEN-FAIL	CODEGEN-FAIL: D:\Sources\nv-lang\nova-198\nova_tests/plan135\neg1_no_overload_not_found.nv:17:12: error: [E7320] no field or method `phantom` on type `Sensor3`
nova_tests/plan135/t3_mut_receiver_picks_mut_overload.nv	STALE	CODEGEN-FAIL	CODEGEN-FAIL: D:\Sources\nv-lang\nova-198\nova_tests/plan135\neg1_no_overload_not_found.nv:17:12: error: [E7320] no field or method `phantom` on type `Sensor3`
nova_tests/plan135/t4_ro_only_overload_ok.nv	STALE	CODEGEN-FAIL	CODEGEN-FAIL: D:\Sources\nv-lang\nova-198\nova_tests/plan135\neg1_no_overload_not_found.nv:17:12: error: [E7320] no field or method `phantom` on type `Sensor3`
nova_tests/plan135/t5_mut_only_overload_ok.nv	STALE	CODEGEN-FAIL	CODEGEN-FAIL: D:\Sources\nv-lang\nova-198\nova_tests/plan135\neg1_no_overload_not_found.nv:17:12: error: [E7320] no field or method `phantom` on type `Sensor3`
nova_tests/plan135/t6_fallback_to_ro_when_no_mut.nv	STALE	CODEGEN-FAIL	CODEGEN-FAIL: D:\Sources\nv-lang\nova-198\nova_tests/plan135\neg1_no_overload_not_found.nv:17:12: error: [E7320] no field or method `phantom` on type `Sensor3`
nova_tests/plan135/t7_no_cc_fail.nv	STALE	CODEGEN-FAIL	CODEGEN-FAIL: D:\Sources\nv-lang\nova-198\nova_tests/plan135\neg1_no_overload_not_found.nv:17:12: error: [E7320] no field or method `phantom` on type `Sensor3`
nova_tests/plan135/t8_as_ptr_pattern.nv	STALE	CODEGEN-FAIL	CODEGEN-FAIL: D:\Sources\nv-lang\nova-198\nova_tests/plan135\neg1_no_overload_not_found.nv:17:12: error: [E7320] no field or method `phantom` on type `Sensor3`
nova_tests/plan136/neg/t_neg_arity.nv	MIGRATE	PASS	compiles+passes; target spec_tests/conformance (language-feature test) unless std-module-shaped
nova_tests/plan136/neg/t_neg_ro_lhs.nv	MIGRATE	PASS	compiles+passes; target spec_tests/conformance (language-feature test) unless std-module-shaped
nova_tests/plan136/t1_swap_basic.nv	MIGRATE	PASS	compiles+passes; target spec_tests/conformance (language-feature test) unless std-module-shaped
nova_tests/plan136/t2_rotate3.nv	MIGRATE	PASS	compiles+passes; target spec_tests/conformance (language-feature test) unless std-module-shaped
nova_tests/plan136/t3_independent_rhs.nv	MIGRATE	PASS	compiles+passes; target spec_tests/conformance (language-feature test) unless std-module-shaped
nova_tests/plan136/t4_partial_dep.nv	MIGRATE	PASS	compiles+passes; target spec_tests/conformance (language-feature test) unless std-module-shaped
nova_tests/plan136/t5_double_swap.nv	MIGRATE	PASS	compiles+passes; target spec_tests/conformance (language-feature test) unless std-module-shaped
nova_tests/plan136/t6_identity.nv	MIGRATE	PASS	compiles+passes; target spec_tests/conformance (language-feature test) unless std-module-shaped
nova_tests/plan136/t7_expressions.nv	MIGRATE	PASS	compiles+passes; target spec_tests/conformance (language-feature test) unless std-module-shaped
nova_tests/plan136/t8_chain.nv	MIGRATE	PASS	compiles+passes; target spec_tests/conformance (language-feature test) unless std-module-shaped
nova_tests/plan136/t9_fn_call.nv	MIGRATE	PASS	compiles+passes; target spec_tests/conformance (language-feature test) unless std-module-shaped
nova_tests/plan136_1/t1_swap_1tmp.nv	MIGRATE	PASS	compiles+passes; target spec_tests/conformance (language-feature test) unless std-module-shaped
nova_tests/plan136_1/t2_rotate3_1tmp.nv	MIGRATE	PASS	compiles+passes; target spec_tests/conformance (language-feature test) unless std-module-shaped
nova_tests/plan136_1/t3_double_swap.nv	MIGRATE	PASS	compiles+passes; target spec_tests/conformance (language-feature test) unless std-module-shaped
nova_tests/plan136_1/t4_identity_0tmp.nv	MIGRATE	PASS	compiles+passes; target spec_tests/conformance (language-feature test) unless std-module-shaped
nova_tests/plan136_1/t5_mixed_v1_fallback.nv	MIGRATE	PASS	compiles+passes; target spec_tests/conformance (language-feature test) unless std-module-shaped
nova_tests/plan136_1/t6_rotate5_1tmp.nv	MIGRATE	PASS	compiles+passes; target spec_tests/conformance (language-feature test) unless std-module-shaped
nova_tests/plan136_1/t7_mixed_cycles.nv	MIGRATE	PASS	compiles+passes; target spec_tests/conformance (language-feature test) unless std-module-shaped
nova_tests/plan138/neg/t_neg_str_index_oob.nv	MIGRATE	PASS	compiles+passes; target spec_tests/conformance (language-feature test) unless std-module-shaped
nova_tests/plan138/neg/t_neg_vec_index_oob.nv	MIGRATE	PASS	compiles+passes; target spec_tests/conformance (language-feature test) unless std-module-shaped
nova_tests/plan138/t1_vec_index_basic.nv	MIGRATE	PASS	compiles+passes; target spec_tests/conformance (language-feature test) unless std-module-shaped
nova_tests/plan138/t2_vec_get_some_none.nv	MIGRATE	PASS	compiles+passes; target spec_tests/conformance (language-feature test) unless std-module-shaped
nova_tests/plan138/t3_vec_range_index.nv	MIGRATE	PASS	compiles+passes; target spec_tests/conformance (language-feature test) unless std-module-shaped
nova_tests/plan138/t4_vec_range_get.nv	MIGRATE	PASS	compiles+passes; target spec_tests/conformance (language-feature test) unless std-module-shaped
nova_tests/plan138/t5_str_index_char.nv	MIGRATE	PASS	compiles+passes; target spec_tests/conformance (language-feature test) unless std-module-shaped
nova_tests/plan138/t6_str_get_option.nv	MIGRATE	PASS	compiles+passes; target spec_tests/conformance (language-feature test) unless std-module-shaped
nova_tests/plan138/t8_view_detach.nv	MIGRATE	PASS	compiles+passes; target spec_tests/conformance (language-feature test) unless std-module-shaped
nova_tests/plan138/t_vec_write_index.nv	MIGRATE	PASS	compiles+passes; target spec_tests/conformance (language-feature test) unless std-module-shaped
nova_tests/plan138_1/t1_vec_of_option.nv	MIGRATE	PASS	compiles+passes; target spec_tests/conformance (language-feature test) unless std-module-shaped
nova_tests/plan138_1/t2_vec_of_record.nv	MIGRATE	PASS	compiles+passes; target spec_tests/conformance (language-feature test) unless std-module-shaped
nova_tests/plan138_1/t3_nested_vec.nv	MIGRATE	PASS	compiles+passes; target spec_tests/conformance (language-feature test) unless std-module-shaped
nova_tests/plan138_1/t4_vec_of_tuple.nv	MIGRATE	PASS	compiles+passes; target spec_tests/conformance (language-feature test) unless std-module-shaped
nova_tests/plan138_1/t5_vec_of_sum.nv	MIGRATE	PASS	compiles+passes; target spec_tests/conformance (language-feature test) unless std-module-shaped
nova_tests/plan138_1/t6_empty_literal.nv	MIGRATE	PASS	compiles+passes; target spec_tests/conformance (language-feature test) unless std-module-shaped
nova_tests/plan138_1/t7_literal_then_index.nv	MIGRATE	PASS	compiles+passes; target spec_tests/conformance (language-feature test) unless std-module-shaped
nova_tests/plan138_1/t8_arg_vec_accepts_literal.nv	MIGRATE	PASS	compiles+passes; target spec_tests/conformance (language-feature test) unless std-module-shaped
nova_tests/plan138_1/t9_slice_via_index.nv	MIGRATE	PASS	compiles+passes; target spec_tests/conformance (language-feature test) unless std-module-shaped
nova_tests/plan138_1/t_neg_oob.nv	MIGRATE	PASS	compiles+passes; target spec_tests/conformance (language-feature test) unless std-module-shaped
nova_tests/plan138_2/neg/t11_vec_bulk_insert_oob_neg.nv	MIGRATE	PASS	compiles+passes; target spec_tests/conformance (language-feature test) unless std-module-shaped
nova_tests/plan138_2/neg/t15_user_record_no_push_neg.nv	MIGRATE	PASS	compiles+passes; target spec_tests/conformance (language-feature test) unless std-module-shaped
nova_tests/plan138_2/t10_vec_insert_single_vs_bulk_pos.nv	STALE	CODEGEN-FAIL	CODEGEN-FAIL: \\?\D:\Sources\nv-lang\nova-198\nova_tests\plan138_2\t17_var_index_inline_method_pos.nv:29:23: error: [E_UNSAFE_UNUSED] `unsafe {{ }}` block contains no operation that requires unsafe context (D216 §21 ...
nova_tests/plan138_2/t12_map_vec_bucket_pos.nv	STALE	CODEGEN-FAIL	CODEGEN-FAIL: \\?\D:\Sources\nv-lang\nova-198\nova_tests\plan138_2\t17_var_index_inline_method_pos.nv:29:23: error: [E_UNSAFE_UNUSED] `unsafe {{ }}` block contains no operation that requires unsafe context (D216 §21 ...
nova_tests/plan138_2/t13_map_empty_in_map_position_neg.nv	STALE	CODEGEN-FAIL	CODEGEN-FAIL: \\?\D:\Sources\nv-lang\nova-198\nova_tests\plan138_2\t17_var_index_inline_method_pos.nv:29:23: error: [E_UNSAFE_UNUSED] `unsafe {{ }}` block contains no operation that requires unsafe context (D216 §21 ...
nova_tests/plan138_2/t14_user_record_pos.nv	STALE	CODEGEN-FAIL	CODEGEN-FAIL: \\?\D:\Sources\nv-lang\nova-198\nova_tests\plan138_2\t17_var_index_inline_method_pos.nv:29:23: error: [E_UNSAFE_UNUSED] `unsafe {{ }}` block contains no operation that requires unsafe context (D216 §21 ...
nova_tests/plan138_2/t16_user_record_pos.nv	STALE	CODEGEN-FAIL	CODEGEN-FAIL: \\?\D:\Sources\nv-lang\nova-198\nova_tests\plan138_2\t17_var_index_inline_method_pos.nv:29:23: error: [E_UNSAFE_UNUSED] `unsafe {{ }}` block contains no operation that requires unsafe context (D216 §21 ...
nova_tests/plan138_2/t17_novec_typed_storage_pos.nv	STALE	CODEGEN-FAIL	CODEGEN-FAIL: \\?\D:\Sources\nv-lang\nova-198\nova_tests\plan138_2\t17_var_index_inline_method_pos.nv:29:23: error: [E_UNSAFE_UNUSED] `unsafe {{ }}` block contains no operation that requires unsafe context (D216 §21 ...
nova_tests/plan138_2/t17_var_index_inline_method_pos.nv	STALE	CODEGEN-FAIL	CODEGEN-FAIL: \\?\D:\Sources\nv-lang\nova-198\nova_tests\plan138_2\t17_var_index_inline_method_pos.nv:29:23: error: [E_UNSAFE_UNUSED] `unsafe {{ }}` block contains no operation that requires unsafe context (D216 §21 ...
nova_tests/plan138_2/t18_no_prelude_graceful_neg.nv	STALE	CODEGEN-FAIL	CODEGEN-FAIL: \\?\D:\Sources\nv-lang\nova-198\nova_tests\plan138_2\t17_var_index_inline_method_pos.nv:29:23: error: [E_UNSAFE_UNUSED] `unsafe {{ }}` block contains no operation that requires unsafe context (D216 §21 ...
nova_tests/plan138_2/t1_vec_bulk_parity.nv	STALE	CODEGEN-FAIL	CODEGEN-FAIL: \\?\D:\Sources\nv-lang\nova-198\nova_tests\plan138_2\t17_var_index_inline_method_pos.nv:29:23: error: [E_UNSAFE_UNUSED] `unsafe {{ }}` block contains no operation that requires unsafe context (D216 §21 ...
nova_tests/plan138_2/t2_vec_mut_index.nv	STALE	CODEGEN-FAIL	CODEGEN-FAIL: \\?\D:\Sources\nv-lang\nova-198\nova_tests\plan138_2\t17_var_index_inline_method_pos.nv:29:23: error: [E_UNSAFE_UNUSED] `unsafe {{ }}` block contains no operation that requires unsafe context (D216 §21 ...
nova_tests/plan138_2/t3_universal_novec_unit.nv	STALE	CODEGEN-FAIL	CODEGEN-FAIL: \\?\D:\Sources\nv-lang\nova-198\nova_tests\plan138_2\t17_var_index_inline_method_pos.nv:29:23: error: [E_UNSAFE_UNUSED] `unsafe {{ }}` block contains no operation that requires unsafe context (D216 §21 ...
nova_tests/plan138_2/t4_vec_record_write_index.nv	STALE	CODEGEN-FAIL	CODEGEN-FAIL: \\?\D:\Sources\nv-lang\nova-198\nova_tests\plan138_2\t17_var_index_inline_method_pos.nv:29:23: error: [E_UNSAFE_UNUSED] `unsafe {{ }}` block contains no operation that requires unsafe context (D216 §21 ...
nova_tests/plan138_2/t5_u8_literal_stride.nv	STALE	CODEGEN-FAIL	CODEGEN-FAIL: \\?\D:\Sources\nv-lang\nova-198\nova_tests\plan138_2\t17_var_index_inline_method_pos.nv:29:23: error: [E_UNSAFE_UNUSED] `unsafe {{ }}` block contains no operation that requires unsafe context (D216 §21 ...
nova_tests/plan138_2/t6_fluent_push.nv	STALE	CODEGEN-FAIL	CODEGEN-FAIL: \\?\D:\Sources\nv-lang\nova-198\nova_tests\plan138_2\t17_var_index_inline_method_pos.nv:29:23: error: [E_UNSAFE_UNUSED] `unsafe {{ }}` block contains no operation that requires unsafe context (D216 §21 ...
nova_tests/plan138_2/t7_vec_as_ptr.nv	STALE	CODEGEN-FAIL	CODEGEN-FAIL: \\?\D:\Sources\nv-lang\nova-198\nova_tests\plan138_2\t17_var_index_inline_method_pos.nv:29:23: error: [E_UNSAFE_UNUSED] `unsafe {{ }}` block contains no operation that requires unsafe context (D216 §21 ...
nova_tests/plan138_2/t8_vec_bulk_insert_pos.nv	STALE	CODEGEN-FAIL	CODEGEN-FAIL: \\?\D:\Sources\nv-lang\nova-198\nova_tests\plan138_2\t17_var_index_inline_method_pos.nv:29:23: error: [E_UNSAFE_UNUSED] `unsafe {{ }}` block contains no operation that requires unsafe context (D216 §21 ...
nova_tests/plan138_2/t9_vec_bulk_append_parity_pos.nv	STALE	CODEGEN-FAIL	CODEGEN-FAIL: \\?\D:\Sources\nv-lang\nova-198\nova_tests\plan138_2\t17_var_index_inline_method_pos.nv:29:23: error: [E_UNSAFE_UNUSED] `unsafe {{ }}` block contains no operation that requires unsafe context (D216 §21 ...
nova_tests/plan138_3/t1_vec_clone_deep.nv	MIGRATE	PASS	compiles+passes; target spec_tests/conformance (language-feature test) unless std-module-shaped
nova_tests/plan138_3/t2_map_set_clone.nv	MIGRATE	PASS	compiles+passes; target spec_tests/conformance (language-feature test) unless std-module-shaped
nova_tests/plan138_5/neg/neg_mut_prefix_ptr.nv	MIGRATE	PASS	compiles+passes; target spec_tests/conformance (language-feature test) unless std-module-shaped
nova_tests/plan138_5/neg/neg_mut_prefix_ptr_chain.nv	MIGRATE	PASS	compiles+passes; target spec_tests/conformance (language-feature test) unless std-module-shaped
nova_tests/plan138_5/neg/neg_ro_prefix_ptr.nv	MIGRATE	PASS	compiles+passes; target spec_tests/conformance (language-feature test) unless std-module-shaped
nova_tests/plan138_5/neg/neg_ro_prefix_ptr_return.nv	MIGRATE	PASS	compiles+passes; target spec_tests/conformance (language-feature test) unless std-module-shaped
nova_tests/plan138_5/neg/neg_ro_prefix_ptr_unsafe_pointee.nv	STALE	NEG-WRONG-MSG	NEG-WRONG-MSG: expected pattern 'E_POINTER_PREFIX_MODIFIER' not found in: D:\Sources\nv-lang\nova-198\nova_tests/plan138_5\neg\neg_ro_prefix_ptr_unsafe_pointee.nv:11:27: error: [E_UNSAFE_TYPE_MO
nova_tests/plan138_5/neg/neg_safe_retired_in_ptr.nv	MIGRATE	PASS	compiles+passes; target spec_tests/conformance (language-feature test) unless std-module-shaped
nova_tests/plan138_5/neg/neg_safe_retired_standalone.nv	MIGRATE	PASS	compiles+passes; target spec_tests/conformance (language-feature test) unless std-module-shaped
nova_tests/plan138_5/neg/neg_unsafe_prefix_ptr.nv	MIGRATE	PASS	compiles+passes; target spec_tests/conformance (language-feature test) unless std-module-shaped
nova_tests/plan138_5/pos_binding_mut_pointer.nv	STALE	CODEGEN-FAIL	CODEGEN-FAIL: import resolution: in entry-folder peer 'nova_tests.plan138_5' (D:\Sources\nv-lang\nova-198\nova_tests/plan138_5\pos_option_nullable.nv): 14:41: [E_UNSAFE_TYPE_MODIFIER_RENAMED] the possibly-uninit type-...
nova_tests/plan138_5/pos_option_nullable.nv	STALE	CODEGEN-FAIL	CODEGEN-FAIL: import resolution: in entry-folder peer 'nova_tests.plan138_5' (D:\Sources\nv-lang\nova-198\nova_tests/plan138_5\pos_option_nullable.nv): 14:41: [E_UNSAFE_TYPE_MODIFIER_RENAMED] the possibly-uninit type-...
nova_tests/plan138_5/pos_postfix_pointee_modifiers.nv	STALE	CODEGEN-FAIL	CODEGEN-FAIL: import resolution: in entry-folder peer 'nova_tests.plan138_5' (D:\Sources\nv-lang\nova-198\nova_tests/plan138_5\pos_option_nullable.nv): 14:41: [E_UNSAFE_TYPE_MODIFIER_RENAMED] the possibly-uninit type-...
nova_tests/plan138_5/pos_postfix_pointer_chain.nv	STALE	CODEGEN-FAIL	CODEGEN-FAIL: import resolution: in entry-folder peer 'nova_tests.plan138_5' (D:\Sources\nv-lang\nova-198\nova_tests/plan138_5\pos_option_nullable.nv): 14:41: [E_UNSAFE_TYPE_MODIFIER_RENAMED] the possibly-uninit type-...
nova_tests/plan138_5/pos_unsafe_fn.nv	STALE	CODEGEN-FAIL	CODEGEN-FAIL: import resolution: in entry-folder peer 'nova_tests.plan138_5' (D:\Sources\nv-lang\nova-198\nova_tests/plan138_5\pos_option_nullable.nv): 14:41: [E_UNSAFE_TYPE_MODIFIER_RENAMED] the possibly-uninit type-...
nova_tests/plan138_5/pos_unsafe_value_wrapper.nv	STALE	CODEGEN-FAIL	CODEGEN-FAIL: import resolution: in entry-folder peer 'nova_tests.plan138_5' (D:\Sources\nv-lang\nova-198\nova_tests/plan138_5\pos_option_nullable.nv): 14:41: [E_UNSAFE_TYPE_MODIFIER_RENAMED] the possibly-uninit type-...
nova_tests/plan138_5/pos_value_t_modifier_order.nv	STALE	CODEGEN-FAIL	CODEGEN-FAIL: import resolution: in entry-folder peer 'nova_tests.plan138_5' (D:\Sources\nv-lang\nova-198\nova_tests/plan138_5\pos_option_nullable.nv): 14:41: [E_UNSAFE_TYPE_MODIFIER_RENAMED] the possibly-uninit type-...
nova_tests/plan140/consume_assert_contract_panic_class.nv	MIGRATE	PASS	compiles+passes; target spec_tests/conformance (language-feature test) unless std-module-shaped
nova_tests/plan140/gtr_method_contract_neg.nv	MIGRATE	PASS	compiles+passes; target spec_tests/conformance (language-feature test) unless std-module-shaped
nova_tests/plan140/gtr_method_contract_pos.nv	MIGRATE	PASS	compiles+passes; target spec_tests/conformance (language-feature test) unless std-module-shaped
nova_tests/plan140/perf_contract_hot_loop_slow.nv	MIGRATE	PASS	compiles+passes; target spec_tests/conformance (language-feature test) unless std-module-shaped
nova_tests/plan140/t1_unproven_requires_aborts.nv	MIGRATE	PASS	compiles+passes; target spec_tests/conformance (language-feature test) unless std-module-shaped
nova_tests/plan140/t2_proven_elided.nv	MIGRATE	PASS	compiles+passes; target spec_tests/conformance (language-feature test) unless std-module-shaped
nova_tests/plan140/t3_ensures_release.nv	MIGRATE	PASS	compiles+passes; target spec_tests/conformance (language-feature test) unless std-module-shaped
nova_tests/plan140/t4_unchecked_optout.nv	MIGRATE	PASS	compiles+passes; target spec_tests/conformance (language-feature test) unless std-module-shaped
nova_tests/plan140/t5_build_policy_off.nv	MIGRATE	PASS	compiles+passes; target spec_tests/conformance (language-feature test) unless std-module-shaped
nova_tests/plan140/t6_no_z3_degrade.nv	MIGRATE	PASS	compiles+passes; target spec_tests/conformance (language-feature test) unless std-module-shaped
nova_tests/plan140_1/contract_msg_interp_neg.nv	MIGRATE	PASS	compiles+passes; target spec_tests/conformance (language-feature test) unless std-module-shaped
nova_tests/plan140_1/contract_msg_interp_pos.nv	MIGRATE	PASS	compiles+passes; target spec_tests/conformance (language-feature test) unless std-module-shaped
nova_tests/plan140_1/ensures_msg_interp_neg.nv	MIGRATE	PASS	compiles+passes; target spec_tests/conformance (language-feature test) unless std-module-shaped
nova_tests/plan140_1/ensures_msg_interp_pos.nv	MIGRATE	PASS	compiles+passes; target spec_tests/conformance (language-feature test) unless std-module-shaped
nova_tests/plan140_1/f2_contract_nomsg_violation.nv	MIGRATE	PASS	compiles+passes; target spec_tests/conformance (language-feature test) unless std-module-shaped
nova_tests/plan140_1/f3_contract_msg_violation.nv	MIGRATE	PASS	compiles+passes; target spec_tests/conformance (language-feature test) unless std-module-shaped
nova_tests/plan140_1/f4_assert_nomsg_violation.nv	MIGRATE	PASS	compiles+passes; target spec_tests/conformance (language-feature test) unless std-module-shaped
nova_tests/plan140_1/f6_assert_msg_violation.nv	MIGRATE	PASS	compiles+passes; target spec_tests/conformance (language-feature test) unless std-module-shaped
nova_tests/plan140_1/f8_ensures_msg_violation.nv	MIGRATE	PASS	compiles+passes; target spec_tests/conformance (language-feature test) unless std-module-shaped
nova_tests/plan140_1/f9_invariant_msg_violation.nv	MIGRATE	PASS	compiles+passes; target spec_tests/conformance (language-feature test) unless std-module-shaped
nova_tests/plan140_1/invariant_msg_interp_neg.nv	MIGRATE	PASS	compiles+passes; target spec_tests/conformance (language-feature test) unless std-module-shaped
nova_tests/plan140_1/invariant_msg_interp_pos.nv	MIGRATE	PASS	compiles+passes; target spec_tests/conformance (language-feature test) unless std-module-shaped
nova_tests/plan140_1/neg/f1_parse_message_positive.nv	MIGRATE	PASS	compiles+passes; target spec_tests/conformance (language-feature test) unless std-module-shaped
nova_tests/plan140_1/neg/f5_message_not_string_neg.nv	MIGRATE	PASS	compiles+passes; target spec_tests/conformance (language-feature test) unless std-module-shaped
nova_tests/plan140_1/neg/f7_backcompat_no_message.nv	MIGRATE	PASS	compiles+passes; target spec_tests/conformance (language-feature test) unless std-module-shaped
nova_tests/plan140_2/b4_elision_pos.nv	MIGRATE	PASS	compiles+passes; target spec_tests/conformance (language-feature test) unless std-module-shaped
nova_tests/plan140_2/b4_soundness_neg.nv	MIGRATE	PASS	compiles+passes; target spec_tests/conformance (language-feature test) unless std-module-shaped
nova_tests/plan140_2/b4_writeback_elision_pos.nv	MIGRATE	PASS	compiles+passes; target spec_tests/conformance (language-feature test) unless std-module-shaped
nova_tests/plan140_2/b4_writeback_soundness_neg.nv	MIGRATE	PASS	compiles+passes; target spec_tests/conformance (language-feature test) unless std-module-shaped
nova_tests/plan140_2/b_index_direct_call_pos.nv	MIGRATE	PASS	compiles+passes; target spec_tests/conformance (language-feature test) unless std-module-shaped
nova_tests/plan140_2/b_lvalue_contexts.nv	MIGRATE	PASS	compiles+passes; target spec_tests/conformance (language-feature test) unless std-module-shaped
nova_tests/plan140_2/contract_exprdisplay_selfaccess_neg.nv	MIGRATE	PASS	compiles+passes; target spec_tests/conformance (language-feature test) unless std-module-shaped
nova_tests/plan140_2/contract_exprdisplay_selfaccess_pos.nv	MIGRATE	PASS	compiles+passes; target spec_tests/conformance (language-feature test) unless std-module-shaped
nova_tests/plan140_2/followup_crossfn_elision_pos.nv	MIGRATE	PASS	compiles+passes; target spec_tests/conformance (language-feature test) unless std-module-shaped
nova_tests/plan140_2/followup_index_direct_oob_neg.nv	MIGRATE	PASS	compiles+passes; target spec_tests/conformance (language-feature test) unless std-module-shaped
nova_tests/plan140_2/followup_slice_elision_pos.nv	MIGRATE	PASS	compiles+passes; target spec_tests/conformance (language-feature test) unless std-module-shaped
nova_tests/plan140_2/neg/followup_crossfn_contractsoff_neg.nv	MIGRATE	PASS	compiles+passes; target spec_tests/conformance (language-feature test) unless std-module-shaped
nova_tests/plan140_3/module_unchecked_pos.nv	MIGRATE	PASS	compiles+passes; target spec_tests/conformance (language-feature test) unless std-module-shaped
nova_tests/plan140_3/neg/module_unchecked_ensures_neg.nv	MIGRATE	PASS	compiles+passes; target spec_tests/conformance (language-feature test) unless std-module-shaped
nova_tests/plan140_3/neg/unchecked_bad_kind_neg.nv	MIGRATE	PASS	compiles+passes; target spec_tests/conformance (language-feature test) unless std-module-shaped
nova_tests/plan140_3/neg/unchecked_ensures_elided_requires_kept_neg.nv	MIGRATE	PASS	compiles+passes; target spec_tests/conformance (language-feature test) unless std-module-shaped
nova_tests/plan140_3/neg/unchecked_requires_elided_ensures_kept_neg.nv	MIGRATE	PASS	compiles+passes; target spec_tests/conformance (language-feature test) unless std-module-shaped
nova_tests/plan140_3/unchecked_combined_kinds_pos.nv	MIGRATE	PASS	compiles+passes; target spec_tests/conformance (language-feature test) unless std-module-shaped
nova_tests/plan140_3/unchecked_invariant_pos.nv	MIGRATE	PASS	compiles+passes; target spec_tests/conformance (language-feature test) unless std-module-shaped
nova_tests/plan140_4/neg/ovf_contracts_off_panic_neg.nv	KEEP-SPECIAL	SKIP	SOUNDNESS_REGRESSION marker — soundness ratchet (contracts-z3.yml MIN=12), load-bearing, do not delete
nova_tests/plan140_4/ovf_elide_loop_pos.nv	MIGRATE	SKIP	z3-backend-gated (skipped under trivial-backend run): requires NOVA_SMT_BACKEND=z3 but running with trivial
nova_tests/plan140_4/ovf_elide_mul_pos.nv	MIGRATE	SKIP	z3-backend-gated (skipped under trivial-backend run): requires NOVA_SMT_BACKEND=z3 but running with trivial
nova_tests/plan140_4/ovf_elide_requires_pos.nv	MIGRATE	SKIP	z3-backend-gated (skipped under trivial-backend run): requires NOVA_SMT_BACKEND=z3 but running with trivial
nova_tests/plan140_4/ovf_unbounded_panic_neg.nv	KEEP-SPECIAL	SKIP	SOUNDNESS_REGRESSION marker — soundness ratchet (contracts-z3.yml MIN=12), load-bearing, do not delete
nova_tests/plan141/t1_tuple_float_neg_zero.nv	STALE	CODEGEN-FAIL	CODEGEN-FAIL: \\?\D:\Sources\nv-lang\nova-198\nova_tests\plan141\t5_sum_record_payload.nv:38:17: error: [E7301] cannot assign value of type `ParseIntError` to `e` declared as `Node`
nova_tests/plan141/t2_tuple_nan.nv	STALE	CODEGEN-FAIL	CODEGEN-FAIL: \\?\D:\Sources\nv-lang\nova-198\nova_tests\plan141\t5_sum_record_payload.nv:38:17: error: [E7301] cannot assign value of type `ParseIntError` to `e` declared as `Node`
nova_tests/plan141/t3_tuple_padding.nv	STALE	CODEGEN-FAIL	CODEGEN-FAIL: \\?\D:\Sources\nv-lang\nova-198\nova_tests\plan141\t5_sum_record_payload.nv:38:17: error: [E7301] cannot assign value of type `ParseIntError` to `e` declared as `Node`
nova_tests/plan141/t4_tuple_nested.nv	STALE	CODEGEN-FAIL	CODEGEN-FAIL: \\?\D:\Sources\nv-lang\nova-198\nova_tests\plan141\t5_sum_record_payload.nv:38:17: error: [E7301] cannot assign value of type `ParseIntError` to `e` declared as `Node`
nova_tests/plan141/t5_sum_record_payload.nv	STALE	CODEGEN-FAIL	CODEGEN-FAIL: \\?\D:\Sources\nv-lang\nova-198\nova_tests\plan141\t5_sum_record_payload.nv:38:17: error: [E7301] cannot assign value of type `ParseIntError` to `e` declared as `Node`
nova_tests/plan141/t6_sum_nested_tuple.nv	STALE	CODEGEN-FAIL	CODEGEN-FAIL: \\?\D:\Sources\nv-lang\nova-198\nova_tests\plan141\t5_sum_record_payload.nv:38:17: error: [E7301] cannot assign value of type `ParseIntError` to `e` declared as `Node`
nova_tests/plan141/t7_str_tuple.nv	STALE	CODEGEN-FAIL	CODEGEN-FAIL: \\?\D:\Sources\nv-lang\nova-198\nova_tests\plan141\t5_sum_record_payload.nv:38:17: error: [E7301] cannot assign value of type `ParseIntError` to `e` declared as `Node`
nova_tests/plan141/t8_option_composite.nv	STALE	CODEGEN-FAIL	CODEGEN-FAIL: \\?\D:\Sources\nv-lang\nova-198\nova_tests\plan141\t5_sum_record_payload.nv:38:17: error: [E7301] cannot assign value of type `ParseIntError` to `e` declared as `Node`
nova_tests/plan142/neg/neg_arg_u8.nv	MIGRATE	PASS	compiles+passes; target spec_tests/conformance (language-feature test) unless std-module-shaped
nova_tests/plan142/neg/neg_i32_3b.nv	MIGRATE	PASS	compiles+passes; target spec_tests/conformance (language-feature test) unless std-module-shaped
nova_tests/plan142/neg/neg_i8_200.nv	MIGRATE	PASS	compiles+passes; target spec_tests/conformance (language-feature test) unless std-module-shaped
nova_tests/plan142/neg/neg_u16_70000.nv	MIGRATE	PASS	compiles+passes; target spec_tests/conformance (language-feature test) unless std-module-shaped
nova_tests/plan142/neg/neg_u32_4b.nv	MIGRATE	PASS	compiles+passes; target spec_tests/conformance (language-feature test) unless std-module-shaped
nova_tests/plan142/neg/neg_u8_300.nv	MIGRATE	PASS	compiles+passes; target spec_tests/conformance (language-feature test) unless std-module-shaped
nova_tests/plan142/neg/neg_u8_hex_1ff.nv	MIGRATE	PASS	compiles+passes; target spec_tests/conformance (language-feature test) unless std-module-shaped
nova_tests/plan142/neg/neg_u8_minus1.nv	MIGRATE	PASS	compiles+passes; target spec_tests/conformance (language-feature test) unless std-module-shaped
nova_tests/plan142/pos_boundaries.nv	MIGRATE	PASS	compiles+passes; target spec_tests/conformance (language-feature test) unless std-module-shaped
nova_tests/plan142/pos_wide_int.nv	MIGRATE	PASS	compiles+passes; target spec_tests/conformance (language-feature test) unless std-module-shaped
nova_tests/plan143/copy_loop_memmove.nv	MIGRATE	PASS	compiles+passes; target spec_tests/conformance (language-feature test) unless std-module-shaped
nova_tests/plan143/preempt_elision.nv	MIGRATE	PASS	compiles+passes; target spec_tests/conformance (language-feature test) unless std-module-shaped
nova_tests/plan143/preempt_loop_skip.nv	MIGRATE	PASS	compiles+passes; target spec_tests/conformance (language-feature test) unless std-module-shaped
nova_tests/plan143_2/negative_address_taken.nv	MIGRATE	PASS	compiles+passes; target spec_tests/conformance (language-feature test) unless std-module-shaped
nova_tests/plan143_2/negative_ffi_call.nv	MIGRATE	PASS	compiles+passes; target spec_tests/conformance (language-feature test) unless std-module-shaped
nova_tests/plan143_2/negative_indirect_call.nv	MIGRATE	PASS	compiles+passes; target spec_tests/conformance (language-feature test) unless std-module-shaped
nova_tests/plan143_2/negative_mutual_recursion.nv	MIGRATE	PASS	compiles+passes; target spec_tests/conformance (language-feature test) unless std-module-shaped
nova_tests/plan143_2/negative_self_recursion.nv	MIGRATE	PASS	compiles+passes; target spec_tests/conformance (language-feature test) unless std-module-shaped
nova_tests/plan143_2/positive_leaf_forwarder.nv	MIGRATE	PASS	compiles+passes; target spec_tests/conformance (language-feature test) unless std-module-shaped
nova_tests/plan143_2/positive_pure_leaf.nv	MIGRATE	PASS	compiles+passes; target spec_tests/conformance (language-feature test) unless std-module-shaped
nova_tests/plan144_0/negative_allocates_record.nv	MIGRATE	PASS	compiles+passes; target spec_tests/conformance (language-feature test) unless std-module-shaped
nova_tests/plan144_0/negative_calls_allocator.nv	STALE	CODEGEN-FAIL	CODEGEN-FAIL: D:\Sources\nv-lang\nova-198\nova_tests/plan144_0\negative_calls_allocator.nv:28:12: error: [E_FIELD_MODULE_PRIVATE] cannot read module-private field `Vec.len` from outside its module (a same-named method...
nova_tests/plan144_0/negative_ffi_call.nv	MIGRATE	PASS	compiles+passes; target spec_tests/conformance (language-feature test) unless std-module-shaped
nova_tests/plan144_0/negative_indirect_call.nv	MIGRATE	PASS	compiles+passes; target spec_tests/conformance (language-feature test) unless std-module-shaped
nova_tests/plan144_0/negative_method_value.nv	MIGRATE	PASS	compiles+passes; target spec_tests/conformance (language-feature test) unless std-module-shaped
nova_tests/plan144_0/negative_recursive_alloc.nv	STALE	CODEGEN-FAIL	CODEGEN-FAIL: D:\Sources\nv-lang\nova-198\nova_tests/plan144_0\negative_recursive_alloc.nv:30:12: error: [E_FIELD_MODULE_PRIVATE] cannot read module-private field `Vec.len` from outside its module (a same-named method...
nova_tests/plan144_0/negative_unknown_callee.nv	MIGRATE	PASS	compiles+passes; target spec_tests/conformance (language-feature test) unless std-module-shaped
nova_tests/plan144_0/positive_leaf_forwarder.nv	MIGRATE	PASS	compiles+passes; target spec_tests/conformance (language-feature test) unless std-module-shaped
nova_tests/plan144_0/positive_pure_leaf.nv	MIGRATE	PASS	compiles+passes; target spec_tests/conformance (language-feature test) unless std-module-shaped
nova_tests/plan144_0/positive_pure_recursion.nv	MIGRATE	PASS	compiles+passes; target spec_tests/conformance (language-feature test) unless std-module-shaped
nova_tests/plan144_1/heap_str_vec_field.nv	MIGRATE	PASS	compiles+passes; target spec_tests/conformance (language-feature test) unless std-module-shaped
nova_tests/plan144_1/nested_value_record.nv	MIGRATE	PASS	compiles+passes; target spec_tests/conformance (language-feature test) unless std-module-shaped
nova_tests/plan144_1/record_mixed_ptr_scalar.nv	MIGRATE	PASS	compiles+passes; target spec_tests/conformance (language-feature test) unless std-module-shaped
nova_tests/plan144_1/recursive.nv	MIGRATE	SKIP	z3-backend-gated (skipped under trivial-backend run): no test blocks and no fn main() — nothing to link/run (compiled OK)
nova_tests/plan144_1/scalar_only_empty.nv	MIGRATE	PASS	compiles+passes; target spec_tests/conformance (language-feature test) unless std-module-shaped
nova_tests/plan144_1/sum_per_variant.nv	MIGRATE	PASS	compiles+passes; target spec_tests/conformance (language-feature test) unless std-module-shaped
nova_tests/plan144_checker/heap_embed_pos.nv	MIGRATE	PASS	compiles+passes; target spec_tests/conformance (language-feature test) unless std-module-shaped
nova_tests/plan144_checker/value_self_ref_neg.nv	STALE	NEG-WRONG-MSG	NEG-WRONG-MSG: expected pattern 'size_of[T]()' not found in: D:\Sources\nv-lang\nova-198\nova_tests/plan144_checker\value_self_ref_neg.nv:27:22: error: [E_INFINITE_TYPE] value type 
nova_tests/plan144_inftype/neg_direct_self.nv	MIGRATE	PASS	compiles+passes; target spec_tests/conformance (language-feature test) unless std-module-shaped
nova_tests/plan144_inftype/neg_in_fixed_array.nv	MIGRATE	PASS	compiles+passes; target spec_tests/conformance (language-feature test) unless std-module-shaped
nova_tests/plan144_inftype/neg_in_tuple.nv	MIGRATE	PASS	compiles+passes; target spec_tests/conformance (language-feature test) unless std-module-shaped
nova_tests/plan144_inftype/neg_mutual_cycle.nv	MIGRATE	PASS	compiles+passes; target spec_tests/conformance (language-feature test) unless std-module-shaped
nova_tests/plan144_inftype/neg_newtype_self.nv	MIGRATE	PASS	compiles+passes; target spec_tests/conformance (language-feature test) unless std-module-shaped
nova_tests/plan144_inftype/pos_heap_sum_embed.nv	MIGRATE	PASS	compiles+passes; target spec_tests/conformance (language-feature test) unless std-module-shaped
nova_tests/plan144_inftype/pos_option_list.nv	STALE	CC-FAIL	CC-FAIL: D:\Sources\nv-lang\nova-198\nova_tests/plan144_inftype\pos_option_list.c:181:65: error: field has incomplete type 'NovaValue_Cons' (aka 'struct NovaValue_Cons') | D:\Sources\nv-lang\nova-198\nova_tests/plan14...
nova_tests/plan144_inftype/pos_plain_value.nv	STALE	CC-FAIL	CC-FAIL: D:\Sources\nv-lang\nova-198\nova_tests/plan144_inftype\pos_plain_value.c:99:9: error: unknown type name '_NovaTuple_2_8_nova_int_8_nova_int'; did you mean '_NovaTuple_2_6_void_p_8_nova_int'? | D:\Sources\nv-l...
nova_tests/plan144_inftype/pos_pointer_self.nv	MIGRATE	PASS	compiles+passes; target spec_tests/conformance (language-feature test) unless std-module-shaped
nova_tests/plan144_inftype/pos_slice_self.nv	MIGRATE	PASS	compiles+passes; target spec_tests/conformance (language-feature test) unless std-module-shaped
nova_tests/plan144_inftype/pos_sum_list.nv	MIGRATE	PASS	compiles+passes; target spec_tests/conformance (language-feature test) unless std-module-shaped
nova_tests/plan145/neg_bytes_index_oob.nv	MIGRATE	PASS	compiles+passes; target spec_tests/conformance (language-feature test) unless std-module-shaped
nova_tests/plan145/neg_vec_index_oob.nv	MIGRATE	PASS	compiles+passes; target spec_tests/conformance (language-feature test) unless std-module-shaped
nova_tests/plan145/t1_index_read_pos.nv	MIGRATE	PASS	compiles+passes; target spec_tests/conformance (language-feature test) unless std-module-shaped
nova_tests/plan145/t2_index_write_pos.nv	MIGRATE	PASS	compiles+passes; target spec_tests/conformance (language-feature test) unless std-module-shaped
nova_tests/plan145/t3_nested_grid_pos.nv	MIGRATE	PASS	compiles+passes; target spec_tests/conformance (language-feature test) unless std-module-shaped
nova_tests/plan145/t4_bytes_index_pos.nv	MIGRATE	PASS	compiles+passes; target spec_tests/conformance (language-feature test) unless std-module-shaped
nova_tests/plan145_2/closure_capture_cross_test.nv	STALE	CC-FAIL	CC-FAIL: D:\Sources\nv-lang\nova-198\nova_tests/plan145_2\closure_capture_cross_test.c:7062:6: error: use of undeclared identifier 'f' | D:\Sources\nv-lang\nova-198\nova_tests/plan145_2\closure_capture_cross_test.c:70...
nova_tests/plan145_2/composite_get_option_pos.nv	STALE	CC-FAIL	CC-FAIL: D:\Sources\nv-lang\nova-198\nova_tests/plan145_2\closure_capture_cross_test.c:7062:6: error: use of undeclared identifier 'f' | D:\Sources\nv-lang\nova-198\nova_tests/plan145_2\closure_capture_cross_test.c:70...
nova_tests/plan145_2/str_array_literal_rw.nv	STALE	CC-FAIL	CC-FAIL: D:\Sources\nv-lang\nova-198\nova_tests/plan145_2\closure_capture_cross_test.c:7062:6: error: use of undeclared identifier 'f' | D:\Sources\nv-lang\nova-198\nova_tests/plan145_2\closure_capture_cross_test.c:70...
nova_tests/plan145_2/throw_primitive_expr_pos.nv	STALE	CC-FAIL	CC-FAIL: D:\Sources\nv-lang\nova-198\nova_tests/plan145_2\closure_capture_cross_test.c:7062:6: error: use of undeclared identifier 'f' | D:\Sources\nv-lang\nova-198\nova_tests/plan145_2\closure_capture_cross_test.c:70...
nova_tests/plan147/a1_value_record_oracle_ok.nv	MIGRATE	PASS	compiles+passes; target spec_tests/conformance (language-feature test) unless std-module-shaped
nova_tests/plan147/a2_neg_ro_value_field_write.nv	MIGRATE	PASS	compiles+passes; target spec_tests/conformance (language-feature test) unless std-module-shaped
nova_tests/plan147/a3_neg_ro_value_reassign.nv	MIGRATE	PASS	compiles+passes; target spec_tests/conformance (language-feature test) unless std-module-shaped
nova_tests/plan147/a4_neg_mut_ro_value_field_write.nv	MIGRATE	PASS	compiles+passes; target spec_tests/conformance (language-feature test) unless std-module-shaped
nova_tests/plan147/a5_neg_ro_mut_value_reassign.nv	MIGRATE	PASS	compiles+passes; target spec_tests/conformance (language-feature test) unless std-module-shaped
nova_tests/plan147/a6_star_t_universal_positions_ok.nv	STALE	CODEGEN-FAIL	CODEGEN-FAIL: codegen error: Plan 70 strict type propagation — 1 unique silent fallback site(s) detected:
nova_tests/plan147/b1_heap_record_oracle_ok.nv	STALE	CODEGEN-FAIL	CODEGEN-FAIL: \\?\D:\Sources\nv-lang\nova-198\std\collections\vec_iter.nv:528:22: error: [E_PREFIX_SHADOWS_NAMED_TYPE] `fn[Acc] ...` — generic `Acc` shadows named type `Acc` in scope (Plan 101.1 / D145). Rename one:
nova_tests/plan147/b2_neg_ro_heap_field_write.nv	MIGRATE	PASS	compiles+passes; target spec_tests/conformance (language-feature test) unless std-module-shaped
nova_tests/plan147/b3_neg_ro_heap_reassign.nv	MIGRATE	PASS	compiles+passes; target spec_tests/conformance (language-feature test) unless std-module-shaped
nova_tests/plan147/b4_neg_mut_ro_heap_field_write.nv	MIGRATE	PASS	compiles+passes; target spec_tests/conformance (language-feature test) unless std-module-shaped
nova_tests/plan147/b5_neg_ro_mut_heap_reassign.nv	MIGRATE	PASS	compiles+passes; target spec_tests/conformance (language-feature test) unless std-module-shaped
nova_tests/plan147/c1_pointer_oracle_ok.nv	STALE	CODEGEN-FAIL	CODEGEN-FAIL: codegen error: Plan 70 strict type propagation — 1 unique silent fallback site(s) detected:
nova_tests/plan147/c2_neg_ro_pointee_deref_write.nv	MIGRATE	PASS	compiles+passes; target spec_tests/conformance (language-feature test) unless std-module-shaped
nova_tests/plan147/c3_neg_ro_binding_reassign.nv	MIGRATE	PASS	compiles+passes; target spec_tests/conformance (language-feature test) unless std-module-shaped
nova_tests/plan147/c4_neg_star_ro_redundant.nv	MIGRATE	PASS	compiles+passes; target spec_tests/conformance (language-feature test) unless std-module-shaped
nova_tests/plan147/c5_neg_prefix_mut_modifier.nv	MIGRATE	PASS	compiles+passes; target spec_tests/conformance (language-feature test) unless std-module-shaped
nova_tests/plan147/c6_neg_prefix_ro_modifier.nv	MIGRATE	PASS	compiles+passes; target spec_tests/conformance (language-feature test) unless std-module-shaped
nova_tests/plan147/c7_pointer_chains_ok.nv	STALE	CODEGEN-FAIL	CODEGEN-FAIL: codegen error: Plan 70 strict type propagation — 1 unique silent fallback site(s) detected:
nova_tests/plan147/c8_neg_ro_chain_reassign.nv	MIGRATE	PASS	compiles+passes; target spec_tests/conformance (language-feature test) unless std-module-shaped
nova_tests/plan147/d1_return_ro_coerce_ok.nv	MIGRATE	PASS	compiles+passes; target spec_tests/conformance (language-feature test) unless std-module-shaped
nova_tests/plan147/d2_neg_return_ro_to_mut_binding.nv	MIGRATE	PASS	compiles+passes; target spec_tests/conformance (language-feature test) unless std-module-shaped
nova_tests/plan147/d3_neg_return_ro_to_mut_type.nv	MIGRATE	PASS	compiles+passes; target spec_tests/conformance (language-feature test) unless std-module-shaped
nova_tests/plan147/d4_return_ptr_oracle_ok.nv	STALE	CODEGEN-FAIL	CODEGEN-FAIL: codegen error: Plan 70 strict type propagation — 1 unique silent fallback site(s) detected:
nova_tests/plan147/d5_neg_return_ro_ptr_deref_write.nv	MIGRATE	PASS	compiles+passes; target spec_tests/conformance (language-feature test) unless std-module-shaped
nova_tests/plan147/d6_return_plain_value_ok.nv	MIGRATE	PASS	compiles+passes; target spec_tests/conformance (language-feature test) unless std-module-shaped
nova_tests/plan147/e1_vr_mut_field_wall_ok.nv	STALE	CODEGEN-FAIL	CODEGEN-FAIL: codegen error: Plan 70 strict type propagation — 1 unique silent fallback site(s) detected:
nova_tests/plan147/e2_neg_vr_field_reassign.nv	MIGRATE	PASS	compiles+passes; target spec_tests/conformance (language-feature test) unless std-module-shaped
nova_tests/plan147/e3_generic_pointer_types_ok.nv	STALE	CODEGEN-FAIL	CODEGEN-FAIL: \\?\D:\Sources\nv-lang\nova-198\std\collections\vec_iter.nv:528:22: error: [E_PREFIX_SHADOWS_NAMED_TYPE] `fn[Acc] ...` — generic `Acc` shadows named type `Acc` in scope (Plan 101.1 / D145). Rename one:
nova_tests/plan147/e4_neg_cast_ro_binding_reassign.nv	MIGRATE	PASS	compiles+passes; target spec_tests/conformance (language-feature test) unless std-module-shaped
nova_tests/plan147/e5_str_ptr_field_ok.nv	MIGRATE	PASS	compiles+passes; target spec_tests/conformance (language-feature test) unless std-module-shaped
nova_tests/plan147/e7_option_mut_ptr_deref_write.nv	STALE	CODEGEN-FAIL	CODEGEN-FAIL: codegen error: Plan 70 strict type propagation — 1 unique silent fallback site(s) detected:
nova_tests/plan147/f7_neg1_ro_local_index_write.nv	MIGRATE	PASS	compiles+passes; target spec_tests/conformance (language-feature test) unless std-module-shaped
nova_tests/plan147/f7_neg2_ro_param_index_write.nv	MIGRATE	PASS	compiles+passes; target spec_tests/conformance (language-feature test) unless std-module-shaped
nova_tests/plan147/f7_neg3_ro_ro_redundant_local.nv	MIGRATE	PASS	compiles+passes; target spec_tests/conformance (language-feature test) unless std-module-shaped
nova_tests/plan147/f7_neg4_ro_slice_via_fn_index_write.nv	MIGRATE	PASS	compiles+passes; target spec_tests/conformance (language-feature test) unless std-module-shaped
nova_tests/plan147/f7_pos1_ro_binding_read_ok.nv	MIGRATE	PASS	compiles+passes; target spec_tests/conformance (language-feature test) unless std-module-shaped
nova_tests/plan147/f7_pos2_mut_binding_write_ok.nv	MIGRATE	PASS	compiles+passes; target spec_tests/conformance (language-feature test) unless std-module-shaped
nova_tests/plan147/f7_pos3_mut_param_write_ok.nv	MIGRATE	PASS	compiles+passes; target spec_tests/conformance (language-feature test) unless std-module-shaped
nova_tests/plan148/mo_canonical_value_priv_ok.nv	STALE	CODEGEN-FAIL	CODEGEN-FAIL: \\?\D:\Sources\nv-lang\nova-198\nova_tests\plan148\up_unsafe_postfix_stmt_ok.nv:82:22: error: [E_UNSAFE_UNUSED] `unsafe {{ }}` block contains no operation that requires unsafe context (D216 §21 map: `ra...
nova_tests/plan148/mo_consume_priv_ok.nv	STALE	CODEGEN-FAIL	CODEGEN-FAIL: \\?\D:\Sources\nv-lang\nova-198\nova_tests\plan148\up_unsafe_postfix_stmt_ok.nv:82:22: error: [E_UNSAFE_UNUSED] `unsafe {{ }}` block contains no operation that requires unsafe context (D216 §21 map: `ra...
nova_tests/plan148/mo_neg_consume_value.nv	STALE	CODEGEN-FAIL	CODEGEN-FAIL: \\?\D:\Sources\nv-lang\nova-198\nova_tests\plan148\up_unsafe_postfix_stmt_ok.nv:82:22: error: [E_UNSAFE_UNUSED] `unsafe {{ }}` block contains no operation that requires unsafe context (D216 §21 map: `ra...
nova_tests/plan148/mo_single_modifiers_ok.nv	STALE	CODEGEN-FAIL	CODEGEN-FAIL: \\?\D:\Sources\nv-lang\nova-198\nova_tests\plan148\up_unsafe_postfix_stmt_ok.nv:82:22: error: [E_UNSAFE_UNUSED] `unsafe {{ }}` block contains no operation that requires unsafe context (D216 §21 map: `ra...
nova_tests/plan148/neg/mo_neg_priv_consume.nv	MIGRATE	PASS	compiles+passes; target spec_tests/conformance (language-feature test) unless std-module-shaped
nova_tests/plan148/neg/mo_neg_priv_value.nv	MIGRATE	PASS	compiles+passes; target spec_tests/conformance (language-feature test) unless std-module-shaped
nova_tests/plan148/neg/mo_neg_priv_value_consume.nv	MIGRATE	PASS	compiles+passes; target spec_tests/conformance (language-feature test) unless std-module-shaped
nova_tests/plan148/neg/mo_neg_value_consume.nv	MIGRATE	PASS	compiles+passes; target spec_tests/conformance (language-feature test) unless std-module-shaped
nova_tests/plan148/neg/rc_ro_const_ref_neg.nv	MIGRATE	PASS	compiles+passes; target spec_tests/conformance (language-feature test) unless std-module-shaped
nova_tests/plan148/neg/rc_ro_for_constexpr_neg.nv	MIGRATE	PASS	compiles+passes; target spec_tests/conformance (language-feature test) unless std-module-shaped
nova_tests/plan148/neg/tr_tuple_destructure_arity_neg.nv	MIGRATE	PASS	compiles+passes; target spec_tests/conformance (language-feature test) unless std-module-shaped
nova_tests/plan148/neg/tr_tuple_destructure_overlong_neg.nv	MIGRATE	PASS	compiles+passes; target spec_tests/conformance (language-feature test) unless std-module-shaped
nova_tests/plan148/rc_const_ok.nv	STALE	CODEGEN-FAIL	CODEGEN-FAIL: \\?\D:\Sources\nv-lang\nova-198\nova_tests\plan148\up_unsafe_postfix_stmt_ok.nv:82:22: error: [E_UNSAFE_UNUSED] `unsafe {{ }}` block contains no operation that requires unsafe context (D216 §21 map: `ra...
nova_tests/plan148/rc_runtime_ro_ok.nv	STALE	CODEGEN-FAIL	CODEGEN-FAIL: \\?\D:\Sources\nv-lang\nova-198\nova_tests\plan148\up_unsafe_postfix_stmt_ok.nv:82:22: error: [E_UNSAFE_UNUSED] `unsafe {{ }}` block contains no operation that requires unsafe context (D216 §21 map: `ra...
nova_tests/plan148/tr_tuple_eq_debug_ok.nv	STALE	CODEGEN-FAIL	CODEGEN-FAIL: \\?\D:\Sources\nv-lang\nova-198\nova_tests\plan148\up_unsafe_postfix_stmt_ok.nv:82:22: error: [E_UNSAFE_UNUSED] `unsafe {{ }}` block contains no operation that requires unsafe context (D216 §21 map: `ra...
nova_tests/plan148/tr_tuple_typed_fields_ok.nv	STALE	CODEGEN-FAIL	CODEGEN-FAIL: \\?\D:\Sources\nv-lang\nova-198\nova_tests\plan148\up_unsafe_postfix_stmt_ok.nv:82:22: error: [E_UNSAFE_UNUSED] `unsafe {{ }}` block contains no operation that requires unsafe context (D216 §21 map: `ra...
nova_tests/plan148/up_bare_block_stmt_ok.nv	STALE	CODEGEN-FAIL	CODEGEN-FAIL: \\?\D:\Sources\nv-lang\nova-198\nova_tests\plan148\up_unsafe_postfix_stmt_ok.nv:82:22: error: [E_UNSAFE_UNUSED] `unsafe {{ }}` block contains no operation that requires unsafe context (D216 §21 map: `ra...
nova_tests/plan148/up_unsafe_postfix_stmt_ok.nv	STALE	CODEGEN-FAIL	CODEGEN-FAIL: \\?\D:\Sources\nv-lang\nova-198\nova_tests\plan148\up_unsafe_postfix_stmt_ok.nv:82:22: error: [E_UNSAFE_UNUSED] `unsafe {{ }}` block contains no operation that requires unsafe context (D216 §21 map: `ra...
nova_tests/plan149/neg_garbage_max.nv	MIGRATE	PASS	compiles+passes; target spec_tests/conformance (language-feature test) unless std-module-shaped
nova_tests/plan149/neg_garbage_stack.nv	MIGRATE	PASS	compiles+passes; target spec_tests/conformance (language-feature test) unless std-module-shaped
nova_tests/plan149/neg_max_clamp.nv	MIGRATE	PASS	compiles+passes; target spec_tests/conformance (language-feature test) unless std-module-shaped
nova_tests/plan149/neg_negative_max.nv	MIGRATE	PASS	compiles+passes; target spec_tests/conformance (language-feature test) unless std-module-shaped
nova_tests/plan149/neg_stack_clamp.nv	MIGRATE	PASS	compiles+passes; target spec_tests/conformance (language-feature test) unless std-module-shaped
nova_tests/plan149/neg_stack_floor.nv	MIGRATE	PASS	compiles+passes; target spec_tests/conformance (language-feature test) unless std-module-shaped
nova_tests/plan149/pos_env_stack_2mb.nv	MIGRATE	PASS	compiles+passes; target spec_tests/conformance (language-feature test) unless std-module-shaped
nova_tests/plan149/pos_env_stack_8mb.nv	MIGRATE	PASS	compiles+passes; target spec_tests/conformance (language-feature test) unless std-module-shaped
nova_tests/plan149/pos_max_fibers_concurrent.nv	MIGRATE	PASS	compiles+passes; target spec_tests/conformance (language-feature test) unless std-module-shaped
nova_tests/plan149/pos_max_fibers_roundup.nv	MIGRATE	PASS	compiles+passes; target spec_tests/conformance (language-feature test) unless std-module-shaped
nova_tests/plan149_toml/baked_default.nv	MIGRATE	PASS	compiles+passes; target spec_tests/conformance (language-feature test) unless std-module-shaped
nova_tests/plan149_toml/env_overrides_toml.nv	MIGRATE	PASS	compiles+passes; target spec_tests/conformance (language-feature test) unless std-module-shaped
nova_tests/plan150/n1_chain_relational_range.nv	MIGRATE	PASS	compiles+passes; target spec_tests/conformance (language-feature test) unless std-module-shaped
nova_tests/plan150/n2_chain_lt_lt.nv	MIGRATE	PASS	compiles+passes; target spec_tests/conformance (language-feature test) unless std-module-shaped
nova_tests/plan150/n3_chain_lt_le.nv	MIGRATE	PASS	compiles+passes; target spec_tests/conformance (language-feature test) unless std-module-shaped
nova_tests/plan150/n4_chain_ordered_literals.nv	MIGRATE	PASS	compiles+passes; target spec_tests/conformance (language-feature test) unless std-module-shaped
nova_tests/plan150/n5_chain_equality.nv	MIGRATE	PASS	compiles+passes; target spec_tests/conformance (language-feature test) unless std-module-shaped
nova_tests/plan150/n6_assert_historic_footgun.nv	MIGRATE	PASS	compiles+passes; target spec_tests/conformance (language-feature test) unless std-module-shaped
nova_tests/plan150/n7_bool_literal_relational.nv	MIGRATE	PASS	compiles+passes; target spec_tests/conformance (language-feature test) unless std-module-shaped
nova_tests/plan150/n8_bool_var_relational.nv	MIGRATE	PASS	compiles+passes; target spec_tests/conformance (language-feature test) unless std-module-shaped
nova_tests/plan150/p1_canonical_range.nv	MIGRATE	PASS	compiles+passes; target spec_tests/conformance (language-feature test) unless std-module-shaped
nova_tests/plan150/p2_contract_real_bounds.nv	MIGRATE	PASS	compiles+passes; target spec_tests/conformance (language-feature test) unless std-module-shaped
nova_tests/plan150/p3_single_and_ordered.nv	MIGRATE	PASS	compiles+passes; target spec_tests/conformance (language-feature test) unless std-module-shaped
nova_tests/plan150/p4_bool_equality_legal.nv	MIGRATE	PASS	compiles+passes; target spec_tests/conformance (language-feature test) unless std-module-shaped
nova_tests/plan150/p5_paren_not_chain.nv	MIGRATE	PASS	compiles+passes; target spec_tests/conformance (language-feature test) unless std-module-shaped
nova_tests/plan153_0/neg/vec_explicit_annotation_to_slice_neg.nv	STALE	NEG-NO-ERROR	NEG-NO-ERROR: expected `// EXPECT_COMPILE_ERROR E7301` but codegen succeeded
nova_tests/plan153_0/variadic_of.nv	MIGRATE	PASS	compiles+passes; target spec_tests/conformance (language-feature test) unless std-module-shaped
nova_tests/plan153_0/vec_compare_elementwise_pos.nv	MIGRATE	PASS	compiles+passes; target spec_tests/conformance (language-feature test) unless std-module-shaped
nova_tests/plan153_0/vec_folder_module_pos.nv	MIGRATE	PASS	compiles+passes; target spec_tests/conformance (language-feature test) unless std-module-shaped
nova_tests/plan153_1/append_as_slice.nv	MIGRATE	PASS	compiles+passes; target spec_tests/conformance (language-feature test) unless std-module-shaped
nova_tests/plan153_1/cap_below_len_neg.nv	MIGRATE	PASS	compiles+passes; target spec_tests/conformance (language-feature test) unless std-module-shaped
nova_tests/plan153_1/core_api.nv	MIGRATE	PASS	compiles+passes; target spec_tests/conformance (language-feature test) unless std-module-shaped
nova_tests/plan153_1/fluent_chain.nv	MIGRATE	PASS	compiles+passes; target spec_tests/conformance (language-feature test) unless std-module-shaped
nova_tests/plan153_1/generic_overload.nv	MIGRATE	PASS	compiles+passes; target spec_tests/conformance (language-feature test) unless std-module-shaped
nova_tests/plan153_1/resize_negative_neg.nv	MIGRATE	PASS	compiles+passes; target spec_tests/conformance (language-feature test) unless std-module-shaped
nova_tests/plan153_1/resize_with_free_fn_shadow.nv	MIGRATE	PASS	compiles+passes; target spec_tests/conformance (language-feature test) unless std-module-shaped
nova_tests/plan153_1/scalar_min_max.nv	MIGRATE	PASS	compiles+passes; target spec_tests/conformance (language-feature test) unless std-module-shaped
nova_tests/plan153_1/swap_oob_neg.nv	MIGRATE	PASS	compiles+passes; target spec_tests/conformance (language-feature test) unless std-module-shaped
nova_tests/plan153_2/adapters.nv	STALE	CODEGEN-FAIL	CODEGEN-FAIL: \\?\D:\Sources\nv-lang\nova-198\nova_tests\plan153_2\phase_b_lazy.nv:31:29: error: [E_MUT_ARG_NOT_MUTABLE] аргумент связан с `mut`-параметром (in-out по значению, Plan ...
nova_tests/plan153_2/chains.nv	STALE	CODEGEN-FAIL	CODEGEN-FAIL: \\?\D:\Sources\nv-lang\nova-198\nova_tests\plan153_2\phase_b_lazy.nv:31:29: error: [E_MUT_ARG_NOT_MUTABLE] аргумент связан с `mut`-параметром (in-out по значению, Plan ...
nova_tests/plan153_2/flat_map_basic.nv	STALE	CODEGEN-FAIL	CODEGEN-FAIL: \\?\D:\Sources\nv-lang\nova-198\nova_tests\plan153_2\phase_b_lazy.nv:31:29: error: [E_MUT_ARG_NOT_MUTABLE] аргумент связан с `mut`-параметром (in-out по значению, Plan ...
nova_tests/plan153_2/flat_map_neg.nv	STALE	CODEGEN-FAIL	CODEGEN-FAIL: \\?\D:\Sources\nv-lang\nova-198\nova_tests\plan153_2\phase_b_lazy.nv:31:29: error: [E_MUT_ARG_NOT_MUTABLE] аргумент связан с `mut`-параметром (in-out по значению, Plan ...
nova_tests/plan153_2/laziness.nv	STALE	CODEGEN-FAIL	CODEGEN-FAIL: \\?\D:\Sources\nv-lang\nova-198\nova_tests\plan153_2\phase_b_lazy.nv:31:29: error: [E_MUT_ARG_NOT_MUTABLE] аргумент связан с `mut`-параметром (in-out по значению, Plan ...
nova_tests/plan153_2/neg/step_by_zero_neg.nv	MIGRATE	PASS	compiles+passes; target spec_tests/conformance (language-feature test) unless std-module-shaped
nova_tests/plan153_2/phase_b_lazy.nv	STALE	CODEGEN-FAIL	CODEGEN-FAIL: \\?\D:\Sources\nv-lang\nova-198\nova_tests\plan153_2\phase_b_lazy.nv:31:29: error: [E_MUT_ARG_NOT_MUTABLE] аргумент связан с `mut`-параметром (in-out по значению, Plan ...
nova_tests/plan153_2/terminators.nv	STALE	CODEGEN-FAIL	CODEGEN-FAIL: \\?\D:\Sources\nv-lang\nova-198\nova_tests\plan153_2\phase_b_lazy.nv:31:29: error: [E_MUT_ARG_NOT_MUTABLE] аргумент связан с `mut`-параметром (in-out по значению, Plan ...
nova_tests/plan153_2/zip_basic.nv	STALE	CODEGEN-FAIL	CODEGEN-FAIL: \\?\D:\Sources\nv-lang\nova-198\nova_tests\plan153_2\phase_b_lazy.nv:31:29: error: [E_MUT_ARG_NOT_MUTABLE] аргумент связан с `mut`-параметром (in-out по значению, Plan ...
nova_tests/plan153_2/zip_min.nv	STALE	CODEGEN-FAIL	CODEGEN-FAIL: \\?\D:\Sources\nv-lang\nova-198\nova_tests\plan153_2\phase_b_lazy.nv:31:29: error: [E_MUT_ARG_NOT_MUTABLE] аргумент связан с `mut`-параметром (in-out по значению, Plan ...
nova_tests/plan153_2/zip_neg.nv	STALE	CODEGEN-FAIL	CODEGEN-FAIL: \\?\D:\Sources\nv-lang\nova-198\nova_tests\plan153_2\phase_b_lazy.nv:31:29: error: [E_MUT_ARG_NOT_MUTABLE] аргумент связан с `mut`-параметром (in-out по значению, Plan ...
nova_tests/plan153_2_zc/collect_into.nv	MIGRATE	PASS	compiles+passes; target spec_tests/conformance (language-feature test) unless std-module-shaped
nova_tests/plan153_2_zc/collect_set.nv	MIGRATE	PASS	compiles+passes; target spec_tests/conformance (language-feature test) unless std-module-shaped
nova_tests/plan153_2_zc/new_adapters.nv	MIGRATE	PASS	compiles+passes; target spec_tests/conformance (language-feature test) unless std-module-shaped
nova_tests/plan153_2_zc/step_by_zc.nv	MIGRATE	PASS	compiles+passes; target spec_tests/conformance (language-feature test) unless std-module-shaped
nova_tests/plan153_2_zc/step_by_zero_neg.nv	MIGRATE	PASS	compiles+passes; target spec_tests/conformance (language-feature test) unless std-module-shaped
nova_tests/plan153_2_zc/streaming_terminators.nv	MIGRATE	PASS	compiles+passes; target spec_tests/conformance (language-feature test) unless std-module-shaped
nova_tests/plan153_3/dedup_partition.nv	MIGRATE	PASS	compiles+passes; target spec_tests/conformance (language-feature test) unless std-module-shaped
nova_tests/plan153_3/heapsort_rigor.nv	MIGRATE	PASS	compiles+passes; target spec_tests/conformance (language-feature test) unless std-module-shaped
nova_tests/plan153_3/result_eq_literal.nv	MIGRATE	PASS	compiles+passes; target spec_tests/conformance (language-feature test) unless std-module-shaped
nova_tests/plan153_3/search.nv	MIGRATE	PASS	compiles+passes; target spec_tests/conformance (language-feature test) unless std-module-shaped
nova_tests/plan153_3/select_nth.nv	MIGRATE	PASS	compiles+passes; target spec_tests/conformance (language-feature test) unless std-module-shaped
nova_tests/plan153_3/select_nth_oob_neg.nv	MIGRATE	PASS	compiles+passes; target spec_tests/conformance (language-feature test) unless std-module-shaped
nova_tests/plan153_3/sort.nv	MIGRATE	PASS	compiles+passes; target spec_tests/conformance (language-feature test) unless std-module-shaped
nova_tests/plan153_3/vec_f32_chained_debug.nv	MIGRATE	PASS	compiles+passes; target spec_tests/conformance (language-feature test) unless std-module-shaped
nova_tests/plan153_3_1/neg/neg_sort_no_compare.nv	MIGRATE	PASS	compiles+passes; target spec_tests/conformance (language-feature test) unless std-module-shaped
nova_tests/plan153_3_1/neg/neg_sort_wrong_cmp_type.nv	STALE	CODEGEN-FAIL	CODEGEN-FAIL: codegen error: cannot infer method-level type argument `K` for `Vec____nova_int.sort_unstable_by_key` — appears in param `key` (#0); provide a closure/arg whose type fixes `K`
nova_tests/plan153_3_1/pos_empty.nv	STALE	CODEGEN-FAIL	CODEGEN-FAIL: D:\Sources\nv-lang\nova-198\nova_tests/plan153_3_1\pos_empty.nv:7:12: error: [E_FIELD_MODULE_PRIVATE] cannot read module-private field `Vec.len` from outside its module (a same-named method `len()` exist...
nova_tests/plan153_3_1/pos_large_random_slow.nv	STALE	CODEGEN-FAIL	CODEGEN-FAIL: D:\Sources\nv-lang\nova-198\nova_tests/plan153_3_1\pos_empty.nv:7:12: error: [E_FIELD_MODULE_PRIVATE] cannot read module-private field `Vec.len` from outside its module (a same-named method `len()` exist...
nova_tests/plan153_3_1/pos_small.nv	STALE	CODEGEN-FAIL	CODEGEN-FAIL: D:\Sources\nv-lang\nova-198\nova_tests/plan153_3_1\pos_empty.nv:7:12: error: [E_FIELD_MODULE_PRIVATE] cannot read module-private field `Vec.len` from outside its module (a same-named method `len()` exist...
nova_tests/plan153_3_1/pos_sort.nv	STALE	CODEGEN-FAIL	CODEGEN-FAIL: D:\Sources\nv-lang\nova-198\nova_tests/plan153_3_1\pos_empty.nv:7:12: error: [E_FIELD_MODULE_PRIVATE] cannot read module-private field `Vec.len` from outside its module (a same-named method `len()` exist...
nova_tests/plan153_3_1/pos_sort_by_key.nv	STALE	CODEGEN-FAIL	CODEGEN-FAIL: D:\Sources\nv-lang\nova-198\nova_tests/plan153_3_1\pos_empty.nv:7:12: error: [E_FIELD_MODULE_PRIVATE] cannot read module-private field `Vec.len` from outside its module (a same-named method `len()` exist...
nova_tests/plan153_3_1/pos_str_sort.nv	STALE	CODEGEN-FAIL	CODEGEN-FAIL: D:\Sources\nv-lang\nova-198\nova_tests/plan153_3_1\pos_empty.nv:7:12: error: [E_FIELD_MODULE_PRIVATE] cannot read module-private field `Vec.len` from outside its module (a same-named method `len()` exist...
nova_tests/plan153_4/chunks_windows.nv	blocked-by-nova-build-ICE	NORESULT	[P67-LEGACY] emit_c.rs:49366 Index element type unknown obj_ty=nova_int, src=chunks_windows.nv — merged with views.nv (same module)
nova_tests/plan153_4/neg/chunks_exact_zero_neg.nv	MIGRATE	PASS	compiles+passes; target spec_tests/conformance (language-feature test) unless std-module-shaped
nova_tests/plan153_4/neg/chunks_zero_neg.nv	MIGRATE	PASS	compiles+passes; target spec_tests/conformance (language-feature test) unless std-module-shaped
nova_tests/plan153_4/neg/rchunks_zero_neg.nv	MIGRATE	PASS	compiles+passes; target spec_tests/conformance (language-feature test) unless std-module-shaped
nova_tests/plan153_4/neg/split_at_oob_neg.nv	MIGRATE	PASS	compiles+passes; target spec_tests/conformance (language-feature test) unless std-module-shaped
nova_tests/plan153_4/neg/windows_neg.nv	MIGRATE	PASS	compiles+passes; target spec_tests/conformance (language-feature test) unless std-module-shaped
nova_tests/plan153_4/views.nv	blocked-by-nova-build-ICE	NORESULT	[P67-LEGACY] emit_c.rs:49366 (via merged chunks_windows.nv, same module nova_tests.plan153_4)
nova_tests/plan153_5/flatten.nv	STALE	RUN-FAIL	RUN-FAIL:   FAIL: flatten str elements [["a"],["b","c"]] -> ["a","b","c"] — flatten.nv:61: assert failed: flat[0] == "a"
nova_tests/plan153_5/flatten_plus_guard.nv	STALE	RUN-FAIL	RUN-FAIL:   FAIL: flatten str elements [["a"],["b","c"]] -> ["a","b","c"] — flatten.nv:61: assert failed: flat[0] == "a"
nova_tests/plan153_5/neg/drain_oob_neg.nv	MIGRATE	PASS	compiles+passes; target spec_tests/conformance (language-feature test) unless std-module-shaped
nova_tests/plan153_5/neg/drain_reversed_neg.nv	MIGRATE	PASS	compiles+passes; target spec_tests/conformance (language-feature test) unless std-module-shaped
nova_tests/plan153_5/neg/insert_slice_oob_neg.nv	MIGRATE	PASS	compiles+passes; target spec_tests/conformance (language-feature test) unless std-module-shaped
nova_tests/plan153_5/neg/rotate_negative_neg.nv	MIGRATE	PASS	compiles+passes; target spec_tests/conformance (language-feature test) unless std-module-shaped
nova_tests/plan153_5/restructure.nv	STALE	RUN-FAIL	RUN-FAIL:   FAIL: flatten str elements [["a"],["b","c"]] -> ["a","b","c"] — flatten.nv:61: assert failed: flat[0] == "a"
nova_tests/plan153_5_nested/control_flat.nv	STALE	CODEGEN-FAIL	CODEGEN-FAIL: D:\Sources\nv-lang\nova-198\nova_tests/plan153_5_nested\control_flat.nv:32:12: error: [E7320] no field or method `doubled_len` on type `Vec`
nova_tests/plan153_5_nested/flatten_depth2.nv	STALE	CODEGEN-FAIL	CODEGEN-FAIL: D:\Sources\nv-lang\nova-198\nova_tests/plan153_5_nested\control_flat.nv:32:12: error: [E7320] no field or method `doubled_len` on type `Vec`
nova_tests/plan153_5_nested/flatten_depth3.nv	STALE	CODEGEN-FAIL	CODEGEN-FAIL: D:\Sources\nv-lang\nova-198\nova_tests/plan153_5_nested\control_flat.nv:32:12: error: [E7320] no field or method `doubled_len` on type `Vec`
nova_tests/plan153_5_nested/slice_nested.nv	STALE	CODEGEN-FAIL	CODEGEN-FAIL: D:\Sources\nv-lang\nova-198\nova_tests/plan153_5_nested\control_flat.nv:32:12: error: [E7320] no field or method `doubled_len` on type `Vec`
nova_tests/plan153_6/collect_target.nv	MIGRATE	PASS	compiles+passes; target spec_tests/conformance (language-feature test) unless std-module-shaped
nova_tests/plan153_6/hash.nv	MIGRATE	PASS	compiles+passes; target spec_tests/conformance (language-feature test) unless std-module-shaped
nova_tests/plan153_6/neg/collect_static_generic_neg.nv	MIGRATE	PASS	compiles+passes; target spec_tests/conformance (language-feature test) unless std-module-shaped
nova_tests/plan154/neg_override_str_to_lower.nv	MIGRATE	PASS	compiles+passes; target spec_tests/conformance (language-feature test) unless std-module-shaped
nova_tests/plan154/neg_same_module_dup.nv	MIGRATE	PASS	compiles+passes; target spec_tests/conformance (language-feature test) unless std-module-shaped
nova_tests/plan154/pos_extension_new_name.nv	MIGRATE	PASS	compiles+passes; target spec_tests/conformance (language-feature test) unless std-module-shaped
nova_tests/plan154/pos_newtype_override.nv	MIGRATE	PASS	compiles+passes; target spec_tests/conformance (language-feature test) unless std-module-shaped
nova_tests/plan154/pos_overload_sig.nv	MIGRATE	PASS	compiles+passes; target spec_tests/conformance (language-feature test) unless std-module-shaped
nova_tests/plan154_1/neg/neg_array_elem_narrow.nv	MIGRATE	PASS	compiles+passes; target spec_tests/conformance (language-feature test) unless std-module-shaped
nova_tests/plan154_1/neg/neg_impl_not_protocol_method.nv	MIGRATE	PASS	compiles+passes; target spec_tests/conformance (language-feature test) unless std-module-shaped
nova_tests/plan154_1/neg/neg_impl_signature_mismatch.nv	MIGRATE	PASS	compiles+passes; target spec_tests/conformance (language-feature test) unless std-module-shaped
nova_tests/plan154_1/neg/neg_impl_unknown_protocol.nv	MIGRATE	PASS	compiles+passes; target spec_tests/conformance (language-feature test) unless std-module-shaped
nova_tests/plan154_1/neg/neg_unknown_static_method.nv	blocked-by-nova-build-ICE	NORESULT	[P67-LEGACY] emit_c.rs:48876 method=from_debug — str.from_debug(42) EXPECT_COMPILE_ERROR fixture hits unannotated checker path
nova_tests/plan154_1/pos_box_generic_static_ctor.nv	MIGRATE	PASS	compiles+passes; target spec_tests/conformance (language-feature test) unless std-module-shaped
nova_tests/plan154_1/pos_f32_display_debug.nv	MIGRATE	PASS	compiles+passes; target spec_tests/conformance (language-feature test) unless std-module-shaped
nova_tests/plan154_1/pos_primitive_display_debug.nv	MIGRATE	PASS	compiles+passes; target spec_tests/conformance (language-feature test) unless std-module-shaped
nova_tests/plan154_1/pos_user_impl_method.nv	MIGRATE	PASS	compiles+passes; target spec_tests/conformance (language-feature test) unless std-module-shaped
nova_tests/plan156/combo_windows_slow.nv	MIGRATE	PASS	compiles+passes; target spec_tests/conformance (language-feature test) unless std-module-shaped
nova_tests/plan156/lane_big_slow.nv	MIGRATE	PASS	compiles+passes; target spec_tests/conformance (language-feature test) unless std-module-shaped
nova_tests/plan156/lane_normal.nv	MIGRATE	PASS	compiles+passes; target spec_tests/conformance (language-feature test) unless std-module-shaped
nova_tests/plan156/notslow.nv	MIGRATE	PASS	compiles+passes; target spec_tests/conformance (language-feature test) unless std-module-shaped
nova_tests/plan159/e2e_collate.nv	MIGRATE	PASS	compiles+passes; target spec_tests/conformance (language-feature test) unless std-module-shaped
nova_tests/plan159/e2e_general_category.nv	MIGRATE	PASS	compiles+passes; target spec_tests/conformance (language-feature test) unless std-module-shaped
nova_tests/plan159/e2e_normalize.nv	MIGRATE	PASS	compiles+passes; target spec_tests/conformance (language-feature test) unless std-module-shaped
nova_tests/plan159/e2e_words.nv	MIGRATE	PASS	compiles+passes; target spec_tests/conformance (language-feature test) unless std-module-shaped
nova_tests/plan159/f2_contract_msg_interp_dce.nv	MIGRATE	PASS	compiles+passes; target spec_tests/conformance (language-feature test) unless std-module-shaped
nova_tests/plan159/f2_protocol_dispatch_method_survives.nv	MIGRATE	PASS	compiles+passes; target spec_tests/conformance (language-feature test) unless std-module-shaped
nova_tests/plan159/f2_unreferenced_method_pruned.nv	MIGRATE	PASS	compiles+passes; target spec_tests/conformance (language-feature test) unless std-module-shaped
nova_tests/plan159/f3_generic_body_const_kept.nv	MIGRATE	PASS	compiles+passes; target spec_tests/conformance (language-feature test) unless std-module-shaped
nova_tests/plan159/f3_generic_mono_on_use.nv	MIGRATE	PASS	compiles+passes; target spec_tests/conformance (language-feature test) unless std-module-shaped
nova_tests/plan159/f3_generic_transitive_from_main.nv	MIGRATE	PASS	compiles+passes; target spec_tests/conformance (language-feature test) unless std-module-shaped
nova_tests/plan159/f4_no_import_char_methods.nv	MIGRATE	PASS	compiles+passes; target spec_tests/conformance (language-feature test) unless std-module-shaped
nova_tests/plan159/hunt_const_in_method.nv	MIGRATE	PASS	compiles+passes; target spec_tests/conformance (language-feature test) unless std-module-shaped
nova_tests/plan159/hunt_const_to_const.nv	MIGRATE	PASS	compiles+passes; target spec_tests/conformance (language-feature test) unless std-module-shaped
nova_tests/plan159/hunt_const_via_callchain.nv	MIGRATE	PASS	compiles+passes; target spec_tests/conformance (language-feature test) unless std-module-shaped
nova_tests/plan159/hunt_eq_operator_method.nv	MIGRATE	PASS	compiles+passes; target spec_tests/conformance (language-feature test) unless std-module-shaped
nova_tests/plan159/hunt_str_concat_operator.nv	MIGRATE	PASS	compiles+passes; target spec_tests/conformance (language-feature test) unless std-module-shaped
nova_tests/plan159/neg_library_not_pruned.nv	MIGRATE	SKIP	z3-backend-gated (skipped under trivial-backend run): no test blocks and no fn main() — nothing to link/run (compiled OK)
nova_tests/plan159/pos_full_unicode.nv	MIGRATE	PASS	compiles+passes; target spec_tests/conformance (language-feature test) unless std-module-shaped
nova_tests/plan159/pos_partial_unicode.nv	MIGRATE	PASS	compiles+passes; target spec_tests/conformance (language-feature test) unless std-module-shaped
nova_tests/plan160/neg_init_outside.nv	STALE	NEG-NO-ERROR	NEG-NO-ERROR: expected `// EXPECT_COMPILE_ERROR E_FIELD_MODULE_PRIVATE` but codegen succeeded
nova_tests/plan160/neg_pattern_outside.nv	MIGRATE	PASS	compiles+passes; target spec_tests/conformance (language-feature test) unless std-module-shaped
nova_tests/plan160/neg_priv_field_same_mod.nv	MIGRATE	PASS	compiles+passes; target spec_tests/conformance (language-feature test) unless std-module-shaped
nova_tests/plan160/neg_read_outside.nv	MIGRATE	PASS	compiles+passes; target spec_tests/conformance (language-feature test) unless std-module-shaped
nova_tests/plan160/neg_write_outside.nv	MIGRATE	PASS	compiles+passes; target spec_tests/conformance (language-feature test) unless std-module-shaped
nova_tests/plan160/plan160_lib/helpers.nv	N/A-support	NORESULT	support/library file — no independent test unit (imported by sibling test in same dir tree)
nova_tests/plan160/plan160_lib/lib.nv	N/A-support	NORESULT	support/library file — no independent test unit (imported by sibling test in same dir tree)
nova_tests/plan160/pos_within_module.nv	MIGRATE	PASS	compiles+passes; target spec_tests/conformance (language-feature test) unless std-module-shaped
nova_tests/plan161/blanket_basic.nv	MIGRATE	PASS	compiles+passes; target spec_tests/conformance (language-feature test) unless std-module-shaped
nova_tests/plan161/blanket_bool_terms.nv	MIGRATE	PASS	compiles+passes; target spec_tests/conformance (language-feature test) unless std-module-shaped
nova_tests/plan161/blanket_chain.nv	MIGRATE	PASS	compiles+passes; target spec_tests/conformance (language-feature test) unless std-module-shaped
nova_tests/plan161/blanket_collect.nv	MIGRATE	PASS	compiles+passes; target spec_tests/conformance (language-feature test) unless std-module-shaped
nova_tests/plan161/blanket_control.nv	MIGRATE	PASS	compiles+passes; target spec_tests/conformance (language-feature test) unless std-module-shaped
nova_tests/plan161/blanket_count.nv	MIGRATE	PASS	compiles+passes; target spec_tests/conformance (language-feature test) unless std-module-shaped
nova_tests/plan161/blanket_deep.nv	MIGRATE	PASS	compiles+passes; target spec_tests/conformance (language-feature test) unless std-module-shaped
nova_tests/plan161/blanket_dup_neg.nv	MIGRATE	PASS	compiles+passes; target spec_tests/conformance (language-feature test) unless std-module-shaped
nova_tests/plan161/blanket_fold.nv	MIGRATE	PASS	compiles+passes; target spec_tests/conformance (language-feature test) unless std-module-shaped
nova_tests/plan161/blanket_foreach.nv	MIGRATE	PASS	compiles+passes; target spec_tests/conformance (language-feature test) unless std-module-shaped
nova_tests/plan161/blanket_param_return.nv	MIGRATE	PASS	compiles+passes; target spec_tests/conformance (language-feature test) unless std-module-shaped
nova_tests/plan161/neg/blanket_conflict_neg.nv	MIGRATE	PASS	compiles+passes; target spec_tests/conformance (language-feature test) unless std-module-shaped
nova_tests/plan162/enumerate_basic.nv	MIGRATE	PASS	compiles+passes; target spec_tests/conformance (language-feature test) unless std-module-shaped
nova_tests/plan162/enumerate_chain.nv	MIGRATE	PASS	compiles+passes; target spec_tests/conformance (language-feature test) unless std-module-shaped
nova_tests/plan162/enumerate_collect.nv	MIGRATE	PASS	compiles+passes; target spec_tests/conformance (language-feature test) unless std-module-shaped
nova_tests/plan162/f1_cycle_basic.nv	MIGRATE	PASS	compiles+passes; target spec_tests/conformance (language-feature test) unless std-module-shaped
nova_tests/plan162/f2_method_by_type.nv	MIGRATE	PASS	compiles+passes; target spec_tests/conformance (language-feature test) unless std-module-shaped
nova_tests/plan162/f5_extension_with_import_pos.nv	MIGRATE	PASS	compiles+passes; target spec_tests/conformance (language-feature test) unless std-module-shaped
nova_tests/plan162/f6_inherent_no_import_pos.nv	MIGRATE	PASS	compiles+passes; target spec_tests/conformance (language-feature test) unless std-module-shaped
nova_tests/plan162/plan162_ext_methods/ext.nv	N/A-support	NORESULT	support/library file — no independent test unit (imported by sibling test in same dir tree)
nova_tests/plan162/plan162_ext_type/lib.nv	N/A-support	NORESULT	support/library file — no independent test unit (imported by sibling test in same dir tree)
nova_tests/plan162/plan162_mod_a/a.nv	N/A-support	NORESULT	support/library file — no independent test unit (imported by sibling test in same dir tree)
nova_tests/plan162/plan162_mod_b/b.nv	N/A-support	NORESULT	support/library file — no independent test unit (imported by sibling test in same dir tree)
nova_tests/plan162/plan162_proxy/proxy.nv	N/A-support	NORESULT	support/library file — no independent test unit (imported by sibling test in same dir tree)
nova_tests/plan162/plan162_type_lib/lib.nv	N/A-support	NORESULT	support/library file — no independent test unit (imported by sibling test in same dir tree)
nova_tests/plan162/probe_enum_basic.nv	MIGRATE	PASS	compiles+passes; target spec_tests/conformance (language-feature test) unless std-module-shaped
nova_tests/plan162_1/f1_sig_table_known_pos.nv	MIGRATE	PASS	compiles+passes; target spec_tests/conformance (language-feature test) unless std-module-shaped
nova_tests/plan162_1/f2_cycle_body_dep_pos.nv	MIGRATE	PASS	compiles+passes; target spec_tests/conformance (language-feature test) unless std-module-shaped
nova_tests/plan162_1/f4_transitive_sig_pos.nv	MIGRATE	PASS	compiles+passes; target spec_tests/conformance (language-feature test) unless std-module-shaped
nova_tests/plan162_1/p162_1_mod_a/mod_a.nv	N/A-support	NORESULT	support/library file — no independent test unit (imported by sibling test in same dir tree)
nova_tests/plan162_1/p162_1_mod_b/mod_b.nv	N/A-support	NORESULT	support/library file — no independent test unit (imported by sibling test in same dir tree)
nova_tests/plan162_2/f1_sig_table_wired_pos.nv	MIGRATE	PASS	compiles+passes; target spec_tests/conformance (language-feature test) unless std-module-shaped
nova_tests/plan162_2/f2_fn_via_sig_pos.nv	MIGRATE	PASS	compiles+passes; target spec_tests/conformance (language-feature test) unless std-module-shaped
nova_tests/plan162_2/f4_regression_pos.nv	MIGRATE	PASS	compiles+passes; target spec_tests/conformance (language-feature test) unless std-module-shaped
nova_tests/plan162_2/plan162_2_fn_lib/lib.nv	N/A-support	NORESULT	support/library file — no independent test unit (imported by sibling test in same dir tree)
nova_tests/plan163/f2_named_reexport_pos.nv	MIGRATE	PASS	compiles+passes; target spec_tests/conformance (language-feature test) unless std-module-shaped
nova_tests/plan163/f3_import_glob_neg.nv	MIGRATE	PASS	compiles+passes; target spec_tests/conformance (language-feature test) unless std-module-shaped
nova_tests/plan163/f4_import_as_pos.nv	MIGRATE	PASS	compiles+passes; target spec_tests/conformance (language-feature test) unless std-module-shaped
nova_tests/plan163/f5_import_selective_pos.nv	MIGRATE	PASS	compiles+passes; target spec_tests/conformance (language-feature test) unless std-module-shaped
nova_tests/plan163/plan163_lib/helpers.nv	N/A-support	NORESULT	support/library file — no independent test unit (imported by sibling test in same dir tree)
nova_tests/plan163/plan163_lib/lib.nv	N/A-support	NORESULT	support/library file — no independent test unit (imported by sibling test in same dir tree)
nova_tests/plan164/blanket_no_collision_count.nv	MIGRATE	PASS	compiles+passes; target spec_tests/conformance (language-feature test) unless std-module-shaped
nova_tests/plan164/blanket_no_collision_find.nv	MIGRATE	PASS	compiles+passes; target spec_tests/conformance (language-feature test) unless std-module-shaped
nova_tests/plan164/blanket_no_collision_nth.nv	MIGRATE	PASS	compiles+passes; target spec_tests/conformance (language-feature test) unless std-module-shaped
nova_tests/plan164/blanket_param_order.nv	MIGRATE	PASS	compiles+passes; target spec_tests/conformance (language-feature test) unless std-module-shaped
nova_tests/plan164/impl_attr_generic_pos.nv	MIGRATE	PASS	compiles+passes; target spec_tests/conformance (language-feature test) unless std-module-shaped
nova_tests/plan164/neg/impl_attr_generic_neg.nv	MIGRATE	PASS	compiles+passes; target spec_tests/conformance (language-feature test) unless std-module-shaped
nova_tests/plan167/neg/t4_neg_single_char_record.nv	MIGRATE	PASS	compiles+passes; target spec_tests/conformance (language-feature test) unless std-module-shaped
nova_tests/plan167/neg/t5_neg_single_char_value.nv	MIGRATE	PASS	compiles+passes; target spec_tests/conformance (language-feature test) unless std-module-shaped
nova_tests/plan167/neg/t6_neg_single_char_newtype.nv	MIGRATE	PASS	compiles+passes; target spec_tests/conformance (language-feature test) unless std-module-shaped
nova_tests/plan167/neg/t7_neg_single_char_sum.nv	MIGRATE	PASS	compiles+passes; target spec_tests/conformance (language-feature test) unless std-module-shaped
nova_tests/plan167/t1_pos_two_char_name_ok.nv	MIGRATE	PASS	compiles+passes; target spec_tests/conformance (language-feature test) unless std-module-shaped
nova_tests/plan167/t2_pos_long_name_ok.nv	MIGRATE	PASS	compiles+passes; target spec_tests/conformance (language-feature test) unless std-module-shaped
nova_tests/plan167/t3_pos_two_char_generic_ok.nv	MIGRATE	PASS	compiles+passes; target spec_tests/conformance (language-feature test) unless std-module-shaped
nova_tests/plan168/neg/neg_vec_u32_type_mismatch.nv	STALE	NEG-NO-ERROR	NEG-NO-ERROR: expected `// EXPECT_COMPILE_ERROR ` but codegen succeeded
nova_tests/plan168/neg/neg_vec_u8_type_mismatch.nv	STALE	NEG-NO-ERROR	NEG-NO-ERROR: expected `// EXPECT_COMPILE_ERROR ` but codegen succeeded
nova_tests/plan168/vec_u32_body.nv	MIGRATE	PASS	compiles+passes; target spec_tests/conformance (language-feature test) unless std-module-shaped
nova_tests/plan168/vec_u8_body.nv	MIGRATE	PASS	compiles+passes; target spec_tests/conformance (language-feature test) unless std-module-shaped
nova_tests/plan169/neg/plan169_1_1_neg_undefined_var.nv	MIGRATE	PASS	compiles+passes; target spec_tests/conformance (language-feature test) unless std-module-shaped
nova_tests/plan169/plan169_1_1_pos_basic_compute.nv	MIGRATE	PASS	compiles+passes; target spec_tests/conformance (language-feature test) unless std-module-shaped
nova_tests/plan169/plan169_1_1_pos_slow_slow.nv	MIGRATE	PASS	compiles+passes; target spec_tests/conformance (language-feature test) unless std-module-shaped
nova_tests/plan169/t1_timing_fields.nv	MIGRATE	PASS	compiles+passes; target spec_tests/conformance (language-feature test) unless std-module-shaped
nova_tests/plan169/t2_fast_variant.nv	MIGRATE	PASS	compiles+passes; target spec_tests/conformance (language-feature test) unless std-module-shaped
nova_tests/plan169/t2_fast_variant_slow.nv	MIGRATE	PASS	compiles+passes; target spec_tests/conformance (language-feature test) unless std-module-shaped
nova_tests/plan169_2_blanket/blanket_on_str.nv	MIGRATE	PASS	compiles+passes; target spec_tests/conformance (language-feature test) unless std-module-shaped
nova_tests/plan169_2_blanket/with_array_ext.nv	MIGRATE	PASS	compiles+passes; target spec_tests/conformance (language-feature test) unless std-module-shaped
nova_tests/plan170/neg/bare_priv_toplevel_neg.nv	MIGRATE	PASS	compiles+passes; target spec_tests/conformance (language-feature test) unless std-module-shaped
nova_tests/plan170/neg/file_priv_leak/a_decl.nv	MIGRATE	PASS	compiles+passes; target spec_tests/conformance (language-feature test) unless std-module-shaped
nova_tests/plan170/neg/file_priv_leak/b_use.nv	MIGRATE	PASS	compiles+passes; target spec_tests/conformance (language-feature test) unless std-module-shaped
nova_tests/plan170/neg/priv_file_export_order_neg.nv	MIGRATE	PASS	compiles+passes; target spec_tests/conformance (language-feature test) unless std-module-shaped
nova_tests/plan170/neg/priv_file_on_export_neg.nv	MIGRATE	PASS	compiles+passes; target spec_tests/conformance (language-feature test) unless std-module-shaped
nova_tests/plan170/neg/priv_unknown_qualifier_neg.nv	MIGRATE	PASS	compiles+passes; target spec_tests/conformance (language-feature test) unless std-module-shaped
nova_tests/plan170/peer_a.nv	MIGRATE	PASS	compiles+passes; target spec_tests/conformance (language-feature test) unless std-module-shaped
nova_tests/plan170/peer_b.nv	MIGRATE	PASS	compiles+passes; target spec_tests/conformance (language-feature test) unless std-module-shaped
nova_tests/plan170/pos_file_priv_visible_in_own_file.nv	MIGRATE	PASS	compiles+passes; target spec_tests/conformance (language-feature test) unless std-module-shaped
nova_tests/plan170/pos_module_priv_peer_a.nv	MIGRATE	PASS	compiles+passes; target spec_tests/conformance (language-feature test) unless std-module-shaped
nova_tests/plan170/pos_module_priv_peer_b.nv	MIGRATE	PASS	compiles+passes; target spec_tests/conformance (language-feature test) unless std-module-shaped
nova_tests/plan172/p172_3_typeset_parse_smoke_positive.nv	MIGRATE	PASS	compiles+passes; target spec_tests/conformance (language-feature test) unless std-module-shaped
nova_tests/plan172_14/byref_ro_params.nv	MIGRATE	PASS	compiles+passes; target spec_tests/conformance (language-feature test) unless std-module-shaped
nova_tests/plan172_14/view_descriptor_stack.nv	MIGRATE	PASS	compiles+passes; target spec_tests/conformance (language-feature test) unless std-module-shaped
nova_tests/plan172_boxiter_width/map_pair.nv	MIGRATE	PASS	compiles+passes; target spec_tests/conformance (language-feature test) unless std-module-shaped
nova_tests/plan172_boxiter_width/uint_enumerate.nv	MIGRATE	PASS	compiles+passes; target spec_tests/conformance (language-feature test) unless std-module-shaped
nova_tests/plan172_composition/composition.nv	MIGRATE	PASS	compiles+passes; target spec_tests/conformance (language-feature test) unless std-module-shaped
nova_tests/plan172_neg_member_not_concrete/member_not_concrete.nv	MIGRATE	PASS	compiles+passes; target spec_tests/conformance (language-feature test) unless std-module-shaped
nova_tests/plan172_neg_mixed_signedness/mixed_signedness.nv	MIGRATE	PASS	compiles+passes; target spec_tests/conformance (language-feature test) unless std-module-shaped
nova_tests/plan172_neg_multiple_sets/multiple_sets.nv	MIGRATE	PASS	compiles+passes; target spec_tests/conformance (language-feature test) unless std-module-shaped
nova_tests/plan172_neg_not_in_set/not_in_set.nv	MIGRATE	PASS	compiles+passes; target spec_tests/conformance (language-feature test) unless std-module-shaped
nova_tests/plan172_showcase/showcase.nv	STALE	CC-FAIL	CC-FAIL: D:\Sources\nv-lang\nova-198\nova_tests/plan172_showcase\showcase.c:2692:6: error: use of undeclared identifier '_nv_if_162' | D:\Sources\nv-lang\nova-198\nova_tests/plan172_showcase\showcase.c:2694:9: error: ...
nova_tests/plan172_stdlib_neg/stdlib_neg.nv	MIGRATE	PASS	compiles+passes; target spec_tests/conformance (language-feature test) unless std-module-shaped
nova_tests/plan172_stdlib_use/stdlib_use.nv	MIGRATE	PASS	compiles+passes; target spec_tests/conformance (language-feature test) unless std-module-shaped
nova_tests/plan175_handler_annot/repro_matrix.nv	MIGRATE	PASS	compiles+passes; target spec_tests/conformance (language-feature test) unless std-module-shaped
nova_tests/plan176_holes/m176_method_return_turbofish.nv	MIGRATE	PASS	compiles+passes; target spec_tests/conformance (language-feature test) unless std-module-shaped
nova_tests/plan176_holes/m176_valuerecord_receiver_generic_method.nv	MIGRATE	PASS	compiles+passes; target spec_tests/conformance (language-feature test) unless std-module-shaped
nova_tests/plan180_f1/sum_rich_autoderive_ok.nv	STALE	CC-FAIL	CC-FAIL: D:\Sources\nv-lang\nova-198\nova_tests/plan180_f1\sum_rich_autoderive_ok.c:7252:46: error: passing 'int' to parameter of incompatible type 'nova_str' | D:\Sources\nv-lang\nova-198\nova_tests/plan180_f1\sum_ri...
nova_tests/plan183_f4/effect_op_int_result.nv	MIGRATE	PASS	compiles+passes; target spec_tests/conformance (language-feature test) unless std-module-shaped
nova_tests/plan183_f4/neg/int_to_str_effect_collision_neg.nv	MIGRATE	PASS	compiles+passes; target spec_tests/conformance (language-feature test) unless std-module-shaped
nova_tests/plan183_f4/net2_bind_used_port_test.nv	MIGRATE	PASS	compiles+passes; target spec_tests/conformance (language-feature test) unless std-module-shaped
nova_tests/plan34/gc_alloc_monotonic.nv	MIGRATE	PASS	compiles+passes; target spec_tests/conformance (language-feature test) unless std-module-shaped
nova_tests/plan34/gc_namespace_basic.nv	MIGRATE	PASS	compiles+passes; target spec_tests/conformance (language-feature test) unless std-module-shaped
nova_tests/plan34/inline_mut_clock_advance.nv	MIGRATE	PASS	compiles+passes; target spec_tests/conformance (language-feature test) unless std-module-shaped
nova_tests/plan34/inline_xoshiro_determinism.nv	MIGRATE	PASS	compiles+passes; target spec_tests/conformance (language-feature test) unless std-module-shaped
nova_tests/plan34/neg/mut_param.nv	MIGRATE	PASS	compiles+passes; target spec_tests/conformance (language-feature test) unless std-module-shaped
nova_tests/plan34/neg/negative_match_arm_compound_assign.nv	MIGRATE	PASS	compiles+passes; target spec_tests/conformance (language-feature test) unless std-module-shaped
nova_tests/plan34/neg/negative_multiline_or_continuation.nv	MIGRATE	PASS	compiles+passes; target spec_tests/conformance (language-feature test) unless std-module-shaped
nova_tests/plan34/neg/negative_trailing_block_closure.nv	MIGRATE	PASS	compiles+passes; target spec_tests/conformance (language-feature test) unless std-module-shaped
nova_tests/plan36_d1/display_name_cwd.nv	MIGRATE	PASS	compiles+passes; target spec_tests/conformance (language-feature test) unless std-module-shaped
nova_tests/plan36_d1/multi_path_basic.nv	MIGRATE	PASS	compiles+passes; target spec_tests/conformance (language-feature test) unless std-module-shaped
nova_tests/plan48_1/option_hashmap_cross_module.nv	MIGRATE	PASS	compiles+passes; target spec_tests/conformance (language-feature test) unless std-module-shaped
nova_tests/plan48_1/option_hashmap_some_path.nv	MIGRATE	PASS	compiles+passes; target spec_tests/conformance (language-feature test) unless std-module-shaped
nova_tests/plan48_mpm/f1_method_param_mono.nv	STALE	CODEGEN-FAIL	CODEGEN-FAIL: D:\Sources\nv-lang\nova-198\nova_tests/plan48_mpm\f1_method_param_mono.nv:41:22: error: [E_STR_NO_LEN] `str.len()` was retired (D249 lens model): a `str` has three diverging lengths, so length / element ...
nova_tests/plan48_mpm/f2_multi_method_param_positive.nv	STALE	CODEGEN-FAIL	CODEGEN-FAIL: D:\Sources\nv-lang\nova-198\nova_tests/plan48_mpm\f1_method_param_mono.nv:41:22: error: [E_STR_NO_LEN] `str.len()` was retired (D249 lens model): a `str` has three diverging lengths, so length / element ...
nova_tests/plan48_mpm/f3_long_chain_positive.nv	STALE	CODEGEN-FAIL	CODEGEN-FAIL: D:\Sources\nv-lang\nova-198\nova_tests/plan48_mpm\f1_method_param_mono.nv:41:22: error: [E_STR_NO_LEN] `str.len()` was retired (D249 lens model): a `str` has three diverging lengths, so length / element ...
nova_tests/plan48_mpm/f4_method_param_unused_in_return_positive.nv	STALE	CODEGEN-FAIL	CODEGEN-FAIL: D:\Sources\nv-lang\nova-198\nova_tests/plan48_mpm\f1_method_param_mono.nv:41:22: error: [E_STR_NO_LEN] `str.len()` was retired (D249 lens model): a `str` has three diverging lengths, so length / element ...
nova_tests/plan48_mpm/neg/f5_cannot_infer_u_negative.nv	blocked-by-nova-build-ICE	NORESULT	[P67-LEGACY] emit_c.rs:48630 method=.produce return type unknown — Wrapper[U] neg-inference fixture hits unannotated checker path
nova_tests/plan48_mpm/neg/f6_method_param_only_in_return_negative.nv	blocked-by-nova-build-ICE	NORESULT	[P67-LEGACY] emit_c.rs:48630 method=.transform return type unknown — Box[U] neg-inference fixture hits unannotated checker path
nova_tests/plan48_mpm/repro_wrapper_map.nv	STALE	CODEGEN-FAIL	CODEGEN-FAIL: D:\Sources\nv-lang\nova-198\nova_tests/plan48_mpm\f1_method_param_mono.nv:41:22: error: [E_STR_NO_LEN] `str.len()` was retired (D249 lens model): a `str` has three diverging lengths, so length / element ...
nova_tests/plan55/f1_closure_array_gc_stress.nv	STALE	CODEGEN-FAIL	CODEGEN-FAIL: \\?\D:\Sources\nv-lang\nova-198\nova_tests\plan55\f6_full_multi_instance_get.nv:28:15: error: [E_STR_NO_LEN] `str.len()` was retired (D249 lens model): a `str` has three diverging lengths, so length / el...
nova_tests/plan55/f1_closure_array_gc_stress_slow.nv	STALE	CODEGEN-FAIL	CODEGEN-FAIL: \\?\D:\Sources\nv-lang\nova-198\nova_tests\plan55\f6_full_multi_instance_get.nv:28:15: error: [E_STR_NO_LEN] `str.len()` was retired (D249 lens model): a `str` has three diverging lengths, so length / el...
nova_tests/plan55/f1_closure_array_with_capture.nv	STALE	CODEGEN-FAIL	CODEGEN-FAIL: \\?\D:\Sources\nv-lang\nova-198\nova_tests\plan55\f6_full_multi_instance_get.nv:28:15: error: [E_STR_NO_LEN] `str.len()` was retired (D249 lens model): a `str` has three diverging lengths, so length / el...
nova_tests/plan55/f1_fn_array_collect_positive.nv	STALE	CODEGEN-FAIL	CODEGEN-FAIL: \\?\D:\Sources\nv-lang\nova-198\nova_tests\plan55\f6_full_multi_instance_get.nv:28:15: error: [E_STR_NO_LEN] `str.len()` was retired (D249 lens model): a `str` has three diverging lengths, so length / el...
nova_tests/plan55/f2_match_arm_block_inference.nv	STALE	CODEGEN-FAIL	CODEGEN-FAIL: \\?\D:\Sources\nv-lang\nova-198\nova_tests\plan55\f6_full_multi_instance_get.nv:28:15: error: [E_STR_NO_LEN] `str.len()` was retired (D249 lens model): a `str` has three diverging lengths, so length / el...
nova_tests/plan55/f2_match_nested_pattern.nv	STALE	CODEGEN-FAIL	CODEGEN-FAIL: \\?\D:\Sources\nv-lang\nova-198\nova_tests\plan55\f6_full_multi_instance_get.nv:28:15: error: [E_STR_NO_LEN] `str.len()` was retired (D249 lens model): a `str` has three diverging lengths, so length / el...
nova_tests/plan55/f2_match_some_v_inference.nv	STALE	CODEGEN-FAIL	CODEGEN-FAIL: \\?\D:\Sources\nv-lang\nova-198\nova_tests\plan55\f6_full_multi_instance_get.nv:28:15: error: [E_STR_NO_LEN] `str.len()` was retired (D249 lens model): a `str` has three diverging lengths, so length / el...
nova_tests/plan55/f3_inferred_return_type_chain.nv	STALE	CODEGEN-FAIL	CODEGEN-FAIL: \\?\D:\Sources\nv-lang\nova-198\nova_tests\plan55\f6_full_multi_instance_get.nv:28:15: error: [E_STR_NO_LEN] `str.len()` was retired (D249 lens model): a `str` has three diverging lengths, so length / el...
nova_tests/plan55/f3_into_auto_derive_str.nv	STALE	CODEGEN-FAIL	CODEGEN-FAIL: \\?\D:\Sources\nv-lang\nova-198\nova_tests\plan55\f6_full_multi_instance_get.nv:28:15: error: [E_STR_NO_LEN] `str.len()` was retired (D249 lens model): a `str` has three diverging lengths, so length / el...
nova_tests/plan55/f4_generic_helper_chain.nv	STALE	CODEGEN-FAIL	CODEGEN-FAIL: \\?\D:\Sources\nv-lang\nova-198\nova_tests\plan55\f6_full_multi_instance_get.nv:28:15: error: [E_STR_NO_LEN] `str.len()` was retired (D249 lens model): a `str` has three diverging lengths, so length / el...
nova_tests/plan55/f4_hashmap_clone_method.nv	STALE	CODEGEN-FAIL	CODEGEN-FAIL: \\?\D:\Sources\nv-lang\nova-198\nova_tests\plan55\f6_full_multi_instance_get.nv:28:15: error: [E_STR_NO_LEN] `str.len()` was retired (D249 lens model): a `str` has three diverging lengths, so length / el...
nova_tests/plan55/f4_nested_mono_subst.nv	STALE	CODEGEN-FAIL	CODEGEN-FAIL: \\?\D:\Sources\nv-lang\nova-198\nova_tests\plan55\f6_full_multi_instance_get.nv:28:15: error: [E_STR_NO_LEN] `str.len()` was retired (D249 lens model): a `str` has three diverging lengths, so length / el...
nova_tests/plan55/f5_hashmap_infer_no_annot.nv	STALE	CODEGEN-FAIL	CODEGEN-FAIL: \\?\D:\Sources\nv-lang\nova-198\nova_tests\plan55\f6_full_multi_instance_get.nv:28:15: error: [E_STR_NO_LEN] `str.len()` was retired (D249 lens model): a `str` has three diverging lengths, so length / el...
nova_tests/plan55/f5_nested_map_infer.nv	STALE	CODEGEN-FAIL	CODEGEN-FAIL: \\?\D:\Sources\nv-lang\nova-198\nova_tests\plan55\f6_full_multi_instance_get.nv:28:15: error: [E_STR_NO_LEN] `str.len()` was retired (D249 lens model): a `str` has three diverging lengths, so length / el...
nova_tests/plan55/f6_full_multi_instance_get.nv	STALE	CODEGEN-FAIL	CODEGEN-FAIL: \\?\D:\Sources\nv-lang\nova-198\nova_tests\plan55\f6_full_multi_instance_get.nv:28:15: error: [E_STR_NO_LEN] `str.len()` was retired (D249 lens model): a `str` has three diverging lengths, so length / el...
nova_tests/plan55/f6_multi_hashmap_in_fn.nv	STALE	CODEGEN-FAIL	CODEGEN-FAIL: \\?\D:\Sources\nv-lang\nova-198\nova_tests\plan55\f6_full_multi_instance_get.nv:28:15: error: [E_STR_NO_LEN] `str.len()` was retired (D249 lens model): a `str` has three diverging lengths, so length / el...
nova_tests/plan55/f6_triple_generic_instance.nv	STALE	CODEGEN-FAIL	CODEGEN-FAIL: \\?\D:\Sources\nv-lang\nova-198\nova_tests\plan55\f6_full_multi_instance_get.nv:28:15: error: [E_STR_NO_LEN] `str.len()` was retired (D249 lens model): a `str` has three diverging lengths, so length / el...
nova_tests/plan55/neg/f1_negative_fn_array_arity_mismatch.nv	STALE	NEG-NO-ERROR	NEG-NO-ERROR: expected `// EXPECT_COMPILE_ERROR ` but codegen succeeded
nova_tests/plan55/neg/f2_negative_match_arm_type_mismatch.nv	MIGRATE	SKIP	z3-backend-gated (skipped under trivial-backend run): no test blocks and no fn main() — nothing to link/run (compiled OK)
nova_tests/plan55/neg/f3_negative_into_wrong_return.nv	MIGRATE	SKIP	z3-backend-gated (skipped under trivial-backend run): no test blocks and no fn main() — nothing to link/run (compiled OK)
nova_tests/plan56/f1_hashmap_clone_basic.nv	MIGRATE	PASS	compiles+passes; target spec_tests/conformance (language-feature test) unless std-module-shaped
nova_tests/plan56/f2_hashmap_merge_filter.nv	MIGRATE	PASS	compiles+passes; target spec_tests/conformance (language-feature test) unless std-module-shaped
nova_tests/plan56/f3_hashmap_clone_property.nv	MIGRATE	PASS	compiles+passes; target spec_tests/conformance (language-feature test) unless std-module-shaped
nova_tests/plan56/f4_clone_gc_stress.nv	MIGRATE	PASS	compiles+passes; target spec_tests/conformance (language-feature test) unless std-module-shaped
nova_tests/plan56/f4_clone_gc_stress_slow.nv	MIGRATE	PASS	compiles+passes; target spec_tests/conformance (language-feature test) unless std-module-shaped
nova_tests/plan56/f6_pure_bound_protocols.nv	MIGRATE	PASS	compiles+passes; target spec_tests/conformance (language-feature test) unless std-module-shaped
nova_tests/plan56/neg/f5_effectful_protocols.nv	MIGRATE	PASS	compiles+passes; target spec_tests/conformance (language-feature test) unless std-module-shaped
nova_tests/plan57/n5_sleep_in_measure_warning.nv	MIGRATE	PASS	compiles+passes; target spec_tests/conformance (language-feature test) unless std-module-shaped
nova_tests/plan57/n6_opaque_literal_warning.nv	MIGRATE	PASS	compiles+passes; target spec_tests/conformance (language-feature test) unless std-module-shaped
nova_tests/plan57/n7_io_in_measure_warning.nv	MIGRATE	PASS	compiles+passes; target spec_tests/conformance (language-feature test) unless std-module-shaped
nova_tests/plan57/neg/n1_bench_no_measure.nv	MIGRATE	PASS	compiles+passes; target spec_tests/conformance (language-feature test) unless std-module-shaped
nova_tests/plan57/neg/n2_bench_two_measure.nv	MIGRATE	PASS	compiles+passes; target spec_tests/conformance (language-feature test) unless std-module-shaped
nova_tests/plan57/neg/n3_sweep_empty_values.nv	MIGRATE	PASS	compiles+passes; target spec_tests/conformance (language-feature test) unless std-module-shaped
nova_tests/plan57/neg/n4_group_no_cases.nv	MIGRATE	PASS	compiles+passes; target spec_tests/conformance (language-feature test) unless std-module-shaped
nova_tests/plan57/p1_bench_basic_compiles.nv	MIGRATE	PASS	compiles+passes; target spec_tests/conformance (language-feature test) unless std-module-shaped
nova_tests/plan57/p2_bench_namespace_callable.nv	MIGRATE	PASS	compiles+passes; target spec_tests/conformance (language-feature test) unless std-module-shaped
nova_tests/plan57/p4_bench_groups_compiles.nv	MIGRATE	PASS	compiles+passes; target spec_tests/conformance (language-feature test) unless std-module-shaped
nova_tests/plan57/p5_bench_throughput_setters.nv	MIGRATE	PASS	compiles+passes; target spec_tests/conformance (language-feature test) unless std-module-shaped
nova_tests/plan59/f10_deeply_nested_tuple_mangle.nv	MIGRATE	PASS	compiles+passes; target spec_tests/conformance (language-feature test) unless std-module-shaped
nova_tests/plan59/f11_tuple_with_pointer_elements.nv	MIGRATE	PASS	compiles+passes; target spec_tests/conformance (language-feature test) unless std-module-shaped
nova_tests/plan59/f12_tuple_diverse_element_types.nv	MIGRATE	PASS	compiles+passes; target spec_tests/conformance (language-feature test) unless std-module-shaped
nova_tests/plan59/f13_five_level_nesting.nv	MIGRATE	PASS	compiles+passes; target spec_tests/conformance (language-feature test) unless std-module-shaped
nova_tests/plan59/f15_tuple_as_fn_parameter.nv	MIGRATE	PASS	compiles+passes; target spec_tests/conformance (language-feature test) unless std-module-shaped
nova_tests/plan59/f16_tuple_as_record_field.nv	MIGRATE	PASS	compiles+passes; target spec_tests/conformance (language-feature test) unless std-module-shaped
nova_tests/plan59/f17_tuple_in_option.nv	MIGRATE	PASS	compiles+passes; target spec_tests/conformance (language-feature test) unless std-module-shaped
nova_tests/plan59/f19_tuple_in_result.nv	MIGRATE	PASS	compiles+passes; target spec_tests/conformance (language-feature test) unless std-module-shaped
nova_tests/plan59/f1_for_tuple_in_hashmap.nv	MIGRATE	PASS	compiles+passes; target spec_tests/conformance (language-feature test) unless std-module-shaped
nova_tests/plan59/f20_result_method_with_tuple.nv	MIGRATE	PASS	compiles+passes; target spec_tests/conformance (language-feature test) unless std-module-shaped
nova_tests/plan59/f21_multiple_result_fns_no_pending_leak.nv	MIGRATE	PASS	compiles+passes; target spec_tests/conformance (language-feature test) unless std-module-shaped
nova_tests/plan59/f22_result_block_scrutinee.nv	MIGRATE	PASS	compiles+passes; target spec_tests/conformance (language-feature test) unless std-module-shaped
nova_tests/plan59/f28_hashmap_clone_idiomatic_positive.nv	MIGRATE	PASS	compiles+passes; target spec_tests/conformance (language-feature test) unless std-module-shaped
nova_tests/plan59/f29_result_inline_inference.nv	MIGRATE	PASS	compiles+passes; target spec_tests/conformance (language-feature test) unless std-module-shaped
nova_tests/plan59/f2_nested_tuple_typedef_order.nv	MIGRATE	PASS	compiles+passes; target spec_tests/conformance (language-feature test) unless std-module-shaped
nova_tests/plan59/f3_tuple_with_user_type.nv	MIGRATE	PASS	compiles+passes; target spec_tests/conformance (language-feature test) unless std-module-shaped
nova_tests/plan59/f4_let_destructure_mono.nv	MIGRATE	PASS	compiles+passes; target spec_tests/conformance (language-feature test) unless std-module-shaped
nova_tests/plan59/f5_tuple_of_arrays.nv	MIGRATE	PASS	compiles+passes; target spec_tests/conformance (language-feature test) unless std-module-shaped
nova_tests/plan59/f6_closure_in_tuple_return.nv	MIGRATE	PASS	compiles+passes; target spec_tests/conformance (language-feature test) unless std-module-shaped
nova_tests/plan59/f7_for_custom_iter_tuple.nv	MIGRATE	PASS	compiles+passes; target spec_tests/conformance (language-feature test) unless std-module-shaped
nova_tests/plan59/neg/f14_tuple_field_out_of_bounds_rejected.nv	MIGRATE	PASS	compiles+passes; target spec_tests/conformance (language-feature test) unless std-module-shaped
nova_tests/plan59/neg/f18_destructure_non_tuple_rejected.nv	MIGRATE	PASS	compiles+passes; target spec_tests/conformance (language-feature test) unless std-module-shaped
nova_tests/plan59/neg/f23_result_ok_wrong_arity_rejected.nv	MIGRATE	PASS	compiles+passes; target spec_tests/conformance (language-feature test) unless std-module-shaped
nova_tests/plan59/neg/f24_arity_mismatch_diagnostic.nv	MIGRATE	PASS	compiles+passes; target spec_tests/conformance (language-feature test) unless std-module-shaped
nova_tests/plan59/neg/f25_large_tuple_warning.nv	MIGRATE	PASS	compiles+passes; target spec_tests/conformance (language-feature test) unless std-module-shaped
nova_tests/plan59/neg/f26_arity_mismatch_in_for_loop_rejected.nv	MIGRATE	PASS	compiles+passes; target spec_tests/conformance (language-feature test) unless std-module-shaped
nova_tests/plan59/neg/f27_sizeof_warning_via_bytes_threshold.nv	MIGRATE	PASS	compiles+passes; target spec_tests/conformance (language-feature test) unless std-module-shaped
nova_tests/plan59/neg/f8_tuple_destructure_wrong_arity_rejected.nv	MIGRATE	PASS	compiles+passes; target spec_tests/conformance (language-feature test) unless std-module-shaped
nova_tests/plan59/neg/f9_tuple_type_mismatch_rejected.nv	STALE	TIMEOUT	TIMEOUT: killed after 63257ms
nova_tests/plan59/neg/plan59_1_arity_mismatch_neg.nv	MIGRATE	PASS	compiles+passes; target spec_tests/conformance (language-feature test) unless std-module-shaped
nova_tests/plan59/neg/plan59_1_field_oob_neg.nv	STALE	TIMEOUT	TIMEOUT: killed after 64572ms
nova_tests/plan59/neg/plan59_1_turbofish_missing_neg.nv	MIGRATE	PASS	compiles+passes; target spec_tests/conformance (language-feature test) unless std-module-shaped
nova_tests/plan59/plan59_1_field_access.nv	MIGRATE	PASS	compiles+passes; target spec_tests/conformance (language-feature test) unless std-module-shaped
nova_tests/plan59/plan59_1_multi_inst.nv	MIGRATE	PASS	compiles+passes; target spec_tests/conformance (language-feature test) unless std-module-shaped
nova_tests/plan59/plan59_1_multi_param.nv	MIGRATE	PASS	compiles+passes; target spec_tests/conformance (language-feature test) unless std-module-shaped
nova_tests/plan59/plan59_1_nested_tuple.nv	MIGRATE	PASS	compiles+passes; target spec_tests/conformance (language-feature test) unless std-module-shaped
nova_tests/plan59/plan59_1_non_generic_pair.nv	MIGRATE	PASS	compiles+passes; target spec_tests/conformance (language-feature test) unless std-module-shaped
nova_tests/plan59/plan59_1_option_tuple.nv	MIGRATE	PASS	compiles+passes; target spec_tests/conformance (language-feature test) unless std-module-shaped
nova_tests/plan59/plan59_1_repro_dup_T.nv	MIGRATE	PASS	compiles+passes; target spec_tests/conformance (language-feature test) unless std-module-shaped
nova_tests/plan59/plan59_1_triple_tuple.nv	MIGRATE	PASS	compiles+passes; target spec_tests/conformance (language-feature test) unless std-module-shaped
nova_tests/plan60/f1_methods_zero_cost.nv	blocked-by-nova-build-ICE	NORESULT	[P67-LEGACY] emit_c.rs:48630 method=.capacity — retired accessor (superseded by .cap()/.cap(n) fluent, D372); a.capacity() hits unannotated checker path instead of clean E_UNKNOWN error
nova_tests/plan60/f2_field_access_rejected.nv	STALE	NEG-NO-ERROR	NEG-NO-ERROR: expected `// EXPECT_COMPILE_ERROR E_SIZE_ACCESSOR_FIELD` but codegen succeeded
nova_tests/plan60/f3_str_field_rejected.nv	STALE	NEG-WRONG-MSG	NEG-WRONG-MSG: expected pattern 'E_SIZE_ACCESSOR_FIELD' not found in: D:\Sources\nv-lang\nova-198\nova_tests/plan60\f3_str_field_rejected.nv:8:16: error: [E_STR_NO_LEN] `str.len()` was retir
nova_tests/plan60/f4_is_empty_field_rejected.nv	STALE	NEG-NO-ERROR	NEG-NO-ERROR: expected `// EXPECT_COMPILE_ERROR E_SIZE_ACCESSOR_FIELD` but codegen succeeded
nova_tests/plan60/f5_cap_legacy_rejected.nv	blocked-by-nova-build-ICE	NORESULT	[P67-LEGACY] emit_c.rs:48876 method=now — bare .cap field-access EXPECT_COMPILE_ERROR fixture hits unannotated checker path (unrelated .now() elsewhere in same merged module trips first)
nova_tests/plan60/f6_array_capacity_method.nv	blocked-by-nova-build-ICE	NORESULT	[P67-LEGACY] emit_c.rs:48630 method=.capacity — retired accessor (superseded by .cap()/.cap(n) fluent, D372); a.capacity() hits unannotated checker path
nova_tests/plan61/d65_rule_1_fail_alias_any.nv	MIGRATE	PASS	compiles+passes; target spec_tests/conformance (language-feature test) unless std-module-shaped
nova_tests/plan61/d65_rule_3_rethrow.nv	MIGRATE	PASS	compiles+passes; target spec_tests/conformance (language-feature test) unless std-module-shaped
nova_tests/plan61/debug_single_fail.nv	MIGRATE	PASS	compiles+passes; target spec_tests/conformance (language-feature test) unless std-module-shaped
nova_tests/plan61/f3_typed_result_err.nv	MIGRATE	PASS	compiles+passes; target spec_tests/conformance (language-feature test) unless std-module-shaped
nova_tests/plan61/repro_cross_effect_throw.nv	MIGRATE	PASS	compiles+passes; target spec_tests/conformance (language-feature test) unless std-module-shaped
nova_tests/plan61/repro_silent_ub_result_bang.nv	MIGRATE	PASS	compiles+passes; target spec_tests/conformance (language-feature test) unless std-module-shaped
nova_tests/plan61/repro_silent_ub_throw_typed.nv	MIGRATE	PASS	compiles+passes; target spec_tests/conformance (language-feature test) unless std-module-shaped
nova_tests/plan62/duplicate_hashable_protocol.nv	STALE	TIMEOUT	TIMEOUT: killed after 66086ms
nova_tests/plan62/facade_rule_e_smoke.nv	STALE	TIMEOUT	TIMEOUT: killed after 66086ms
nova_tests/plan62/fail_effect_from_prelude.nv	STALE	TIMEOUT	TIMEOUT: killed after 66086ms
nova_tests/plan62/iter_protocol_from_prelude.nv	STALE	TIMEOUT	TIMEOUT: killed after 66086ms
nova_tests/plan62/module_declaration_parent_target.nv	STALE	TIMEOUT	TIMEOUT: killed after 66086ms
nova_tests/plan62/neg/external_type_outside_whitelist.nv	MIGRATE	PASS	compiles+passes; target spec_tests/conformance (language-feature test) unless std-module-shaped
nova_tests/plan62/neg/module_declaration_mismatch.nv	STALE	NEG-NO-ERROR	NEG-NO-ERROR: expected `// EXPECT_COMPILE_ERROR module declaration does not match file path` but codegen succeeded
nova_tests/plan62/neg/no_prelude_no_auto_import.nv	STALE	NEG-NO-ERROR	NEG-NO-ERROR: expected `// EXPECT_COMPILE_ERROR undefined identifier `assert`` but codegen succeeded
nova_tests/plan62/neg/option_or_missing_arg_neg.nv	STALE	NEG-NO-ERROR	NEG-NO-ERROR: expected `// EXPECT_COMPILE_ERROR обязательный параметр` but codegen succeeded
nova_tests/plan62/neg/option_or_payload_mismatch_neg.nv	STALE	TIMEOUT	TIMEOUT: killed after 65201ms
nova_tests/plan62/neg/partial_prelude_bad_subname.nv	MIGRATE	PASS	compiles+passes; target spec_tests/conformance (language-feature test) unless std-module-shaped
nova_tests/plan62/neg/partial_prelude_no_panic_in_core.nv	STALE	NEG-NO-ERROR	NEG-NO-ERROR: expected `// EXPECT_COMPILE_ERROR panic` but codegen succeeded
nova_tests/plan62/neg/prelude_shadow_suppress.nv	STALE	TIMEOUT	TIMEOUT: killed after 65408ms
nova_tests/plan62/neg/prelude_shadow_warning.nv	MIGRATE	PASS	compiles+passes; target spec_tests/conformance (language-feature test) unless std-module-shaped
nova_tests/plan62/neg/result_unwrap_or_arg_mismatch_neg.nv	STALE	TIMEOUT	TIMEOUT: killed after 65373ms
nova_tests/plan62/neg/runtime_error_variant_mismatch.nv	STALE	NEG-NO-ERROR	NEG-NO-ERROR: expected `// EXPECT_COMPILE_ERROR ` but codegen succeeded
nova_tests/plan62/no_prelude_explicit_import.nv	STALE	TIMEOUT	TIMEOUT: killed after 66086ms
nova_tests/plan62/opaque_types_from_prelude.nv	STALE	TIMEOUT	TIMEOUT: killed after 66086ms
nova_tests/plan62/option_methods_from_prelude.nv	STALE	TIMEOUT	TIMEOUT: killed after 66086ms
nova_tests/plan62/option_or_from_prelude.nv	STALE	TIMEOUT	TIMEOUT: killed after 66086ms
nova_tests/plan62/panic_runtime_smoke.nv	STALE	TIMEOUT	TIMEOUT: killed after 66086ms
nova_tests/plan62/partial_prelude_core_only.nv	STALE	TIMEOUT	TIMEOUT: killed after 66086ms
nova_tests/plan62/print_println_from_prelude.nv	STALE	TIMEOUT	TIMEOUT: killed after 66086ms
nova_tests/plan62/println_str_from_int_regression.nv	STALE	TIMEOUT	TIMEOUT: killed after 66086ms
nova_tests/plan62/protocol_as_value_probe.nv	STALE	TIMEOUT	TIMEOUT: killed after 66086ms
nova_tests/plan62/protocol_param_erasure.nv	STALE	TIMEOUT	TIMEOUT: killed after 66086ms
nova_tests/plan62/protocol_param_generic_bound.nv	STALE	TIMEOUT	TIMEOUT: killed after 66086ms
nova_tests/plan62/protocols_bound_resolution.nv	STALE	TIMEOUT	TIMEOUT: killed after 66086ms
nova_tests/plan62/range_shadow_warning.nv	STALE	TIMEOUT	TIMEOUT: killed after 66086ms
nova_tests/plan62/result_methods_from_prelude.nv	STALE	TIMEOUT	TIMEOUT: killed after 66086ms
nova_tests/plan62/runtime_error_from_prelude.nv	STALE	TIMEOUT	TIMEOUT: killed after 66086ms
nova_tests/plan62/runtime_module_form.nv	STALE	TIMEOUT	TIMEOUT: killed after 66086ms
nova_tests/plan62/runtime_none_error_from_prelude.nv	STALE	TIMEOUT	TIMEOUT: killed after 66086ms
nova_tests/plan62/str_hash_orphan_regression.nv	STALE	TIMEOUT	TIMEOUT: killed after 66086ms
nova_tests/plan63/cm_box/_peer.nv	N/A-support	NORESULT	support/library file — no independent test unit (imported by sibling test in same dir tree)
nova_tests/plan63/cm_box/lib.nv	N/A-support	NORESULT	support/library file — no independent test unit (imported by sibling test in same dir tree)
nova_tests/plan63/cm_box_use.nv	MIGRATE	PASS	compiles+passes; target spec_tests/conformance (language-feature test) unless std-module-shaped
nova_tests/plan63/f1_anonymous_record_factory.nv	MIGRATE	PASS	compiles+passes; target spec_tests/conformance (language-feature test) unless std-module-shaped
nova_tests/plan65/f10_select_cancel_propagation.nv	STALE	CODEGEN-FAIL	CODEGEN-FAIL: \\?\D:\Sources\nv-lang\nova-198\nova_tests\plan65\f12_c_mono_as_unix_neg.nv:22:16: error: [E7320] no field or method `as_unix_secs` on type `Monotonic`
nova_tests/plan65/f11_concurrent_timer_alloc.nv	STALE	CODEGEN-FAIL	CODEGEN-FAIL: \\?\D:\Sources\nv-lang\nova-198\nova_tests\plan65\f12_c_mono_as_unix_neg.nv:22:16: error: [E7320] no field or method `as_unix_secs` on type `Monotonic`
nova_tests/plan65/f11a_timer_metrics.nv	STALE	CODEGEN-FAIL	CODEGEN-FAIL: \\?\D:\Sources\nv-lang\nova-198\nova_tests\plan65\f12_c_mono_as_unix_neg.nv:22:16: error: [E7320] no field or method `as_unix_secs` on type `Monotonic`
nova_tests/plan65/f12_c_mono_as_unix_neg.nv	STALE	CODEGEN-FAIL	CODEGEN-FAIL: \\?\D:\Sources\nv-lang\nova-198\nova_tests\plan65\f12_c_mono_as_unix_neg.nv:22:16: error: [E7320] no field or method `as_unix_secs` on type `Monotonic`
nova_tests/plan65/f12_e_close_at_pos.nv	STALE	CODEGEN-FAIL	CODEGEN-FAIL: \\?\D:\Sources\nv-lang\nova-198\nova_tests\plan65\f12_c_mono_as_unix_neg.nv:22:16: error: [E7320] no field or method `as_unix_secs` on type `Monotonic`
nova_tests/plan65/f12_f_close_at_past.nv	STALE	CODEGEN-FAIL	CODEGEN-FAIL: \\?\D:\Sources\nv-lang\nova-198\nova_tests\plan65\f12_c_mono_as_unix_neg.nv:22:16: error: [E7320] no field or method `as_unix_secs` on type `Monotonic`
nova_tests/plan65/f12_g_close_at_elapsed_since.nv	STALE	CODEGEN-FAIL	CODEGEN-FAIL: \\?\D:\Sources\nv-lang\nova-198\nova_tests\plan65\f12_c_mono_as_unix_neg.nv:22:16: error: [E7320] no field or method `as_unix_secs` on type `Monotonic`
nova_tests/plan65/f3_negative_duration.nv	STALE	CODEGEN-FAIL	CODEGEN-FAIL: \\?\D:\Sources\nv-lang\nova-198\nova_tests\plan65\f12_c_mono_as_unix_neg.nv:22:16: error: [E7320] no field or method `as_unix_secs` on type `Monotonic`
nova_tests/plan65/f4_zero_duration.nv	STALE	CODEGEN-FAIL	CODEGEN-FAIL: \\?\D:\Sources\nv-lang\nova-198\nova_tests\plan65\f12_c_mono_as_unix_neg.nv:22:16: error: [E7320] no field or method `as_unix_secs` on type `Monotonic`
nova_tests/plan65/f5_sub_ms_precision.nv	STALE	CODEGEN-FAIL	CODEGEN-FAIL: \\?\D:\Sources\nv-lang\nova-198\nova_tests\plan65\f12_c_mono_as_unix_neg.nv:22:16: error: [E7320] no field or method `as_unix_secs` on type `Monotonic`
nova_tests/plan65/f6_huge_duration.nv	STALE	CODEGEN-FAIL	CODEGEN-FAIL: \\?\D:\Sources\nv-lang\nova-198\nova_tests\plan65\f12_c_mono_as_unix_neg.nv:22:16: error: [E7320] no field or method `as_unix_secs` on type `Monotonic`
nova_tests/plan65/f7_cancel_via_token.nv	STALE	CODEGEN-FAIL	CODEGEN-FAIL: \\?\D:\Sources\nv-lang\nova-198\nova_tests\plan65\f12_c_mono_as_unix_neg.nv:22:16: error: [E7320] no field or method `as_unix_secs` on type `Monotonic`
nova_tests/plan65/f8_mock_time_advance.nv	STALE	CODEGEN-FAIL	CODEGEN-FAIL: \\?\D:\Sources\nv-lang\nova-198\nova_tests\plan65\f12_c_mono_as_unix_neg.nv:22:16: error: [E7320] no field or method `as_unix_secs` on type `Monotonic`
nova_tests/plan65/neg/f12_a_ts_minus_mono_neg.nv	STALE	NEG-WRONG-MSG	NEG-WRONG-MSG: expected pattern 'no @minus overload on Timestamp taking Nova_Monotonic*' not found in: codegen error: binop `-`: no @minus overload on Timestamp taking NovaValue_Monotonic (Plan 65 / D124: prevents sil...
nova_tests/plan65/neg/f12_b_assign_mono_to_ts_neg.nv	STALE	CODEGEN-FAIL	CODEGEN-FAIL: D:\Sources\nv-lang\nova-198\nova_tests/plan65\neg\f12_b_assign_mono_to_ts_neg.nv:22:23: error: [E7301] cannot assign value of type `Monotonic` to `_t` declared as `Timestamp`
nova_tests/plan65/neg/f12_d_close_at_ts_neg.nv	MIGRATE	PASS	compiles+passes; target spec_tests/conformance (language-feature test) unless std-module-shaped
nova_tests/plan65/neg/f1_close_after_int_neg.nv	MIGRATE	PASS	compiles+passes; target spec_tests/conformance (language-feature test) unless std-module-shaped
nova_tests/plan65/neg/f2_time_after_removed.nv	blocked-by-nova-build-ICE	NORESULT	[P67-LEGACY] emit_c.rs:48876 Path call return type unknown for method=after — Time.after usage in EXPECT_COMPILE_ERROR fixture hits unannotated checker path instead of clean diagnostic
nova_tests/plan65/smoke_close_after.nv	STALE	CODEGEN-FAIL	CODEGEN-FAIL: \\?\D:\Sources\nv-lang\nova-198\nova_tests\plan65\f12_c_mono_as_unix_neg.nv:22:16: error: [E7320] no field or method `as_unix_secs` on type `Monotonic`
nova_tests/plan67/f10_fn_return_str.nv	MIGRATE	PASS	compiles+passes; target spec_tests/conformance (language-feature test) unless std-module-shaped
nova_tests/plan67/f11_corpus_06_pattern_regression.nv	MIGRATE	PASS	compiles+passes; target spec_tests/conformance (language-feature test) unless std-module-shaped
nova_tests/plan67/f12_corpus_02_pattern_regression.nv	MIGRATE	PASS	compiles+passes; target spec_tests/conformance (language-feature test) unless std-module-shaped
nova_tests/plan67/f13_char_not_97_regression.nv	MIGRATE	PASS	compiles+passes; target spec_tests/conformance (language-feature test) unless std-module-shaped
nova_tests/plan67/f14_legacy_workaround_still_works.nv	MIGRATE	PASS	compiles+passes; target spec_tests/conformance (language-feature test) unless std-module-shaped
nova_tests/plan67/f1_static_method_str_from.nv	MIGRATE	PASS	compiles+passes; target spec_tests/conformance (language-feature test) unless std-module-shaped
nova_tests/plan67/f2_static_method_str_from_bool.nv	MIGRATE	PASS	compiles+passes; target spec_tests/conformance (language-feature test) unless std-module-shaped
nova_tests/plan67/f3_method_chain_str.nv	MIGRATE	PASS	compiles+passes; target spec_tests/conformance (language-feature test) unless std-module-shaped
nova_tests/plan67/f4_if_expr_str.nv	MIGRATE	PASS	compiles+passes; target spec_tests/conformance (language-feature test) unless std-module-shaped
nova_tests/plan67/f5_match_expr_str.nv	MIGRATE	PASS	compiles+passes; target spec_tests/conformance (language-feature test) unless std-module-shaped
nova_tests/plan67/f6_char_literal.nv	MIGRATE	PASS	compiles+passes; target spec_tests/conformance (language-feature test) unless std-module-shaped
nova_tests/plan67/f7_char_var.nv	MIGRATE	PASS	compiles+passes; target spec_tests/conformance (language-feature test) unless std-module-shaped
nova_tests/plan67/f8_nested_str_from.nv	MIGRATE	PASS	compiles+passes; target spec_tests/conformance (language-feature test) unless std-module-shaped
nova_tests/plan67/f9_record_field_str.nv	MIGRATE	PASS	compiles+passes; target spec_tests/conformance (language-feature test) unless std-module-shaped
nova_tests/plan70/f1_record_field_concrete_pos.nv	STALE	TIMEOUT	TIMEOUT: killed after 64015ms
nova_tests/plan70/f2_fn_forward_decl_hof_pos.nv	STALE	TIMEOUT	TIMEOUT: killed after 64015ms
nova_tests/plan70/f3_module_scan_overload_pos.nv	STALE	TIMEOUT	TIMEOUT: killed after 64015ms
nova_tests/plan70/f4_let_fn_binding_pos.nv	STALE	TIMEOUT	TIMEOUT: killed after 64015ms
nova_tests/plan70/f5_emit_call_hof_pos.nv	STALE	TIMEOUT	TIMEOUT: killed after 64015ms
nova_tests/plan70/neg/plan70_3_f3_int_in_char_slot_neg.nv	STALE	TIMEOUT	TIMEOUT: killed after 63854ms
nova_tests/plan70/neg/plan70_3_f4_char_in_int_slot_neg.nv	STALE	TIMEOUT	TIMEOUT: killed after 64088ms
nova_tests/plan70/neg/plan70_4_n_option_f32_f64_mismatch.nv	MIGRATE	PASS	compiles+passes; target spec_tests/conformance (language-feature test) unless std-module-shaped
nova_tests/plan70/neg/plan70_4_n_option_sized_int_mismatch.nv	MIGRATE	PASS	compiles+passes; target spec_tests/conformance (language-feature test) unless std-module-shaped
nova_tests/plan70/neg/plan70_5_f6_uint_str_assign_neg.nv	MIGRATE	SKIP	z3-backend-gated (skipped under trivial-backend run): no test blocks and no fn main() — nothing to link/run (compiled OK)
nova_tests/plan70/neg/plan70_5_f7_uint_str_param_neg.nv	MIGRATE	SKIP	z3-backend-gated (skipped under trivial-backend run): no test blocks and no fn main() — nothing to link/run (compiled OK)
nova_tests/plan70/neg/plan70_5_f8_uint_undefined_const_neg.nv	MIGRATE	SKIP	z3-backend-gated (skipped under trivial-backend run): no test blocks and no fn main() — nothing to link/run (compiled OK)
nova_tests/plan70/plan70_3_f1_option_char_vs_int_pos.nv	STALE	TIMEOUT	TIMEOUT: killed after 64015ms
nova_tests/plan70/plan70_3_f2_array_char_vs_int_pos.nv	STALE	TIMEOUT	TIMEOUT: killed after 64015ms
nova_tests/plan70/plan70_3_f5_generic_record_char_pos.nv	STALE	TIMEOUT	TIMEOUT: killed after 64015ms
nova_tests/plan70/plan70_4_f1_array_f32_vs_f64_pos.nv	STALE	TIMEOUT	TIMEOUT: killed after 64015ms
nova_tests/plan70/plan70_4_f2_option_f32_pos.nv	STALE	TIMEOUT	TIMEOUT: killed after 64015ms
nova_tests/plan70/plan70_4_f3_array_sized_int_pos.nv	STALE	TIMEOUT	TIMEOUT: killed after 64015ms
nova_tests/plan70/plan70_4_f4_option_sized_int_pos.nv	STALE	TIMEOUT	TIMEOUT: killed after 64015ms
nova_tests/plan70/plan70_5_f1_uint_basic_pos.nv	STALE	TIMEOUT	TIMEOUT: killed after 64015ms
nova_tests/plan70/plan70_5_f2_int_to_uint_saturation_pos.nv	STALE	TIMEOUT	TIMEOUT: killed after 64015ms
nova_tests/plan70/plan70_5_f3_uint_array_option_pos.nv	STALE	TIMEOUT	TIMEOUT: killed after 64015ms
nova_tests/plan70/plan70_5_f4_uint_max_min_pos.nv	STALE	TIMEOUT	TIMEOUT: killed after 64015ms
nova_tests/plan70/plan70_5_f5_uint_max_expr_pos.nv	STALE	TIMEOUT	TIMEOUT: killed after 64015ms
nova_tests/plan70_1/f1_alias_call_pos.nv	MIGRATE	PASS	compiles+passes; target spec_tests/conformance (language-feature test) unless std-module-shaped
nova_tests/plan70_1/f2_whole_module_pos.nv	MIGRATE	PASS	compiles+passes; target spec_tests/conformance (language-feature test) unless std-module-shaped
nova_tests/plan70_1/helper_mod.nv	MIGRATE	PASS	compiles+passes; target spec_tests/conformance (language-feature test) unless std-module-shaped
nova_tests/plan70_1/neg/f3_alias_unknown_fn_neg.nv	MIGRATE	PASS	compiles+passes; target spec_tests/conformance (language-feature test) unless std-module-shaped
nova_tests/plan70_1/neg/f4_alias_arg_mismatch_neg.nv	MIGRATE	PASS	compiles+passes; target spec_tests/conformance (language-feature test) unless std-module-shaped
nova_tests/plan70_2/f1_linkedlist_int_pos.nv	MIGRATE	PASS	compiles+passes; target spec_tests/conformance (language-feature test) unless std-module-shaped
nova_tests/plan70_2/f2_linkedlist_methods_pos.nv	MIGRATE	PASS	compiles+passes; target spec_tests/conformance (language-feature test) unless std-module-shaped
nova_tests/plan72/neg/p1b_empty_sum_type_neg.nv	MIGRATE	PASS	compiles+passes; target spec_tests/conformance (language-feature test) unless std-module-shaped
nova_tests/plan72/neg/p2a_try_from_into_neg.nv	MIGRATE	PASS	compiles+passes; target spec_tests/conformance (language-feature test) unless std-module-shaped
nova_tests/plan72/neg/p2b_structural_inference_neg.nv	MIGRATE	PASS	compiles+passes; target spec_tests/conformance (language-feature test) unless std-module-shaped
nova_tests/plan72/neg/p3b_protocol_value_neg.nv	STALE	NEG-NO-ERROR	NEG-NO-ERROR: expected `// EXPECT_COMPILE_ERROR E7202` but codegen succeeded
nova_tests/plan72/p0_erased_method_call_neg.nv	MIGRATE	PASS	compiles+passes; target spec_tests/conformance (language-feature test) unless std-module-shaped
nova_tests/plan72/p1a_mut_param_prefix_pos.nv	MIGRATE	PASS	compiles+passes; target spec_tests/conformance (language-feature test) unless std-module-shaped
nova_tests/plan72/p1b_empty_sum_type_pos.nv	MIGRATE	PASS	compiles+passes; target spec_tests/conformance (language-feature test) unless std-module-shaped
nova_tests/plan72/p1c_result_chain_pos.nv	MIGRATE	PASS	compiles+passes; target spec_tests/conformance (language-feature test) unless std-module-shaped
nova_tests/plan72/p1c_result_inline_chain_pos.nv	MIGRATE	PASS	compiles+passes; target spec_tests/conformance (language-feature test) unless std-module-shaped
nova_tests/plan72/p1c_result_type_params_pos.nv	MIGRATE	PASS	compiles+passes; target spec_tests/conformance (language-feature test) unless std-module-shaped
nova_tests/plan72/p2a_try_from_into_pos.nv	MIGRATE	PASS	compiles+passes; target spec_tests/conformance (language-feature test) unless std-module-shaped
nova_tests/plan72/p2b_structural_inference_pos.nv	MIGRATE	PASS	compiles+passes; target spec_tests/conformance (language-feature test) unless std-module-shaped
nova_tests/plan72/p3a_record_shadow_range_pos.nv	MIGRATE	PASS	compiles+passes; target spec_tests/conformance (language-feature test) unless std-module-shaped
nova_tests/plan72/p3b_fatptr_return_pos.nv	MIGRATE	PASS	compiles+passes; target spec_tests/conformance (language-feature test) unless std-module-shaped
nova_tests/plan72/p3b_method_protocol_param_pos.nv	MIGRATE	PASS	compiles+passes; target spec_tests/conformance (language-feature test) unless std-module-shaped
nova_tests/plan72/p3b_vtable_dispatch_pos.nv	MIGRATE	PASS	compiles+passes; target spec_tests/conformance (language-feature test) unless std-module-shaped
nova_tests/plan73/binding_consume_move.nv	STALE	CODEGEN-FAIL	CODEGEN-FAIL: \\?\D:\Sources\nv-lang\nova-198\nova_tests\plan73\binding_migration_completeness_prop.nv:43:12: error: [E_STR_NO_LEN] `str.len()` was retired (D249 lens model): a `str` has three diverging lengths, so le...
nova_tests/plan73/binding_consume_obligation_scope_prop.nv	STALE	CODEGEN-FAIL	CODEGEN-FAIL: \\?\D:\Sources\nv-lang\nova-198\nova_tests\plan73\binding_migration_completeness_prop.nv:43:12: error: [E_STR_NO_LEN] `str.len()` was retired (D249 lens model): a `str` has three diverging lengths, so le...
nova_tests/plan73/binding_consume_simple.nv	STALE	CODEGEN-FAIL	CODEGEN-FAIL: \\?\D:\Sources\nv-lang\nova-198\nova_tests\plan73\binding_migration_completeness_prop.nv:43:12: error: [E_STR_NO_LEN] `str.len()` was retired (D249 lens model): a `str` has three diverging lengths, so le...
nova_tests/plan73/binding_fluent_return_implicit_consume_ok.nv	STALE	CODEGEN-FAIL	CODEGEN-FAIL: \\?\D:\Sources\nv-lang\nova-198\nova_tests\plan73\binding_migration_completeness_prop.nv:43:12: error: [E_STR_NO_LEN] `str.len()` was retired (D249 lens model): a `str` has three diverging lengths, so le...
nova_tests/plan73/binding_let_primitive.nv	STALE	CODEGEN-FAIL	CODEGEN-FAIL: \\?\D:\Sources\nv-lang\nova-198\nova_tests\plan73\binding_migration_completeness_prop.nv:43:12: error: [E_STR_NO_LEN] `str.len()` was retired (D249 lens model): a `str` has three diverging lengths, so le...
nova_tests/plan73/binding_let_value_record.nv	STALE	CODEGEN-FAIL	CODEGEN-FAIL: \\?\D:\Sources\nv-lang\nova-198\nova_tests\plan73\binding_migration_completeness_prop.nv:43:12: error: [E_STR_NO_LEN] `str.len()` was retired (D249 lens model): a `str` has three diverging lengths, so le...
nova_tests/plan73/binding_migration_completeness_prop.nv	STALE	CODEGEN-FAIL	CODEGEN-FAIL: \\?\D:\Sources\nv-lang\nova-198\nova_tests\plan73\binding_migration_completeness_prop.nv:43:12: error: [E_STR_NO_LEN] `str.len()` was retired (D249 lens model): a `str` has three diverging lengths, so le...
nova_tests/plan73/binding_no_dangling_view_prop.nv	STALE	CODEGEN-FAIL	CODEGEN-FAIL: \\?\D:\Sources\nv-lang\nova-198\nova_tests\plan73\binding_migration_completeness_prop.nv:43:12: error: [E_STR_NO_LEN] `str.len()` was retired (D249 lens model): a `str` has three diverging lengths, so le...
nova_tests/plan73/binding_view_as_param.nv	STALE	CODEGEN-FAIL	CODEGEN-FAIL: \\?\D:\Sources\nv-lang\nova-198\nova_tests\plan73\binding_migration_completeness_prop.nv:43:12: error: [E_STR_NO_LEN] `str.len()` was retired (D249 lens model): a `str` has three diverging lengths, so le...
nova_tests/plan73/consume_ok_alias.nv	STALE	CODEGEN-FAIL	CODEGEN-FAIL: \\?\D:\Sources\nv-lang\nova-198\nova_tests\plan73\binding_migration_completeness_prop.nv:43:12: error: [E_STR_NO_LEN] `str.len()` was retired (D249 lens model): a `str` has three diverging lengths, so le...
nova_tests/plan73/consume_ok_basic.nv	STALE	CODEGEN-FAIL	CODEGEN-FAIL: \\?\D:\Sources\nv-lang\nova-198\nova_tests\plan73\binding_migration_completeness_prop.nv:43:12: error: [E_STR_NO_LEN] `str.len()` was retired (D249 lens model): a `str` has three diverging lengths, so le...
nova_tests/plan73/consume_ok_branches.nv	STALE	CODEGEN-FAIL	CODEGEN-FAIL: \\?\D:\Sources\nv-lang\nova-198\nova_tests\plan73\binding_migration_completeness_prop.nv:43:12: error: [E_STR_NO_LEN] `str.len()` was retired (D249 lens model): a `str` has three diverging lengths, so le...
nova_tests/plan73/consume_ok_reassign.nv	STALE	CODEGEN-FAIL	CODEGEN-FAIL: \\?\D:\Sources\nv-lang\nova-198\nova_tests\plan73\binding_migration_completeness_prop.nv:43:12: error: [E_STR_NO_LEN] `str.len()` was retired (D249 lens model): a `str` has three diverging lengths, so le...
nova_tests/plan73/consume_ok_user.nv	STALE	CODEGEN-FAIL	CODEGEN-FAIL: \\?\D:\Sources\nv-lang\nova-198\nova_tests\plan73\binding_migration_completeness_prop.nv:43:12: error: [E_STR_NO_LEN] `str.len()` was retired (D249 lens model): a `str` has three diverging lengths, so le...
nova_tests/plan73/neg/binding_consume_mut_neg.nv	MIGRATE	PASS	compiles+passes; target spec_tests/conformance (language-feature test) unless std-module-shaped
nova_tests/plan73/neg/binding_cross_module_consume_neg.nv	MIGRATE	PASS	compiles+passes; target spec_tests/conformance (language-feature test) unless std-module-shaped
nova_tests/plan73/neg/binding_let_consume_obligated_ctor_neg.nv	MIGRATE	PASS	compiles+passes; target spec_tests/conformance (language-feature test) unless std-module-shaped
nova_tests/plan73/neg/binding_let_view_in_body_neg.nv	MIGRATE	PASS	compiles+passes; target spec_tests/conformance (language-feature test) unless std-module-shaped
nova_tests/plan73/neg/consume_err_alias.nv	MIGRATE	PASS	compiles+passes; target spec_tests/conformance (language-feature test) unless std-module-shaped
nova_tests/plan73/neg/consume_err_factory.nv	MIGRATE	PASS	compiles+passes; target spec_tests/conformance (language-feature test) unless std-module-shaped
nova_tests/plan73/neg/consume_err_loop.nv	MIGRATE	PASS	compiles+passes; target spec_tests/conformance (language-feature test) unless std-module-shaped
nova_tests/plan73/neg/consume_err_maybe.nv	MIGRATE	PASS	compiles+passes; target spec_tests/conformance (language-feature test) unless std-module-shaped
nova_tests/plan73/neg/consume_err_mut_conflict.nv	MIGRATE	PASS	compiles+passes; target spec_tests/conformance (language-feature test) unless std-module-shaped
nova_tests/plan73/neg/consume_err_param.nv	MIGRATE	PASS	compiles+passes; target spec_tests/conformance (language-feature test) unless std-module-shaped
nova_tests/plan73/neg/consume_err_use_after.nv	MIGRATE	PASS	compiles+passes; target spec_tests/conformance (language-feature test) unless std-module-shaped
nova_tests/plan74/bitcast_f32.nv	MIGRATE	PASS	compiles+passes; target spec_tests/conformance (language-feature test) unless std-module-shaped
nova_tests/plan74/bitcast_f64.nv	MIGRATE	PASS	compiles+passes; target spec_tests/conformance (language-feature test) unless std-module-shaped
nova_tests/plan76/never_positive.nv	MIGRATE	PASS	compiles+passes; target spec_tests/conformance (language-feature test) unless std-module-shaped
nova_tests/plan77/fluent_stdlib_ok.nv	MIGRATE	PASS	compiles+passes; target spec_tests/conformance (language-feature test) unless std-module-shaped
nova_tests/plan77/fluent_user_ok.nv	MIGRATE	PASS	compiles+passes; target spec_tests/conformance (language-feature test) unless std-module-shaped
nova_tests/plan77/fluent_wrapper_ok.nv	MIGRATE	PASS	compiles+passes; target spec_tests/conformance (language-feature test) unless std-module-shaped
nova_tests/plan77/neg/fluent_body_err.nv	MIGRATE	PASS	compiles+passes; target spec_tests/conformance (language-feature test) unless std-module-shaped
nova_tests/plan77/neg/fluent_chain_alias_err.nv	MIGRATE	PASS	compiles+passes; target spec_tests/conformance (language-feature test) unless std-module-shaped
nova_tests/plan77/neg/fluent_self_instead_of_at_err.nv	MIGRATE	PASS	compiles+passes; target spec_tests/conformance (language-feature test) unless std-module-shaped
nova_tests/plan77/neg/fluent_static_err.nv	MIGRATE	PASS	compiles+passes; target spec_tests/conformance (language-feature test) unless std-module-shaped
nova_tests/plan79/arity_bare_inferred_pos.nv	STALE	TIMEOUT	TIMEOUT: killed after 63324ms
nova_tests/plan79/arity_correct_pos.nv	STALE	TIMEOUT	TIMEOUT: killed after 63324ms
nova_tests/plan79/assign_correct_pos.nv	STALE	TIMEOUT	TIMEOUT: killed after 63324ms
nova_tests/plan79/member_correct_pos.nv	STALE	TIMEOUT	TIMEOUT: killed after 63324ms
nova_tests/plan79/neg/arity_field_type.nv	MIGRATE	PASS	compiles+passes; target spec_tests/conformance (language-feature test) unless std-module-shaped
nova_tests/plan79/neg/arity_nongeneric_type.nv	MIGRATE	PASS	compiles+passes; target spec_tests/conformance (language-feature test) unless std-module-shaped
nova_tests/plan79/neg/arity_option_let_annotation.nv	MIGRATE	PASS	compiles+passes; target spec_tests/conformance (language-feature test) unless std-module-shaped
nova_tests/plan79/neg/arity_result_too_few.nv	MIGRATE	PASS	compiles+passes; target spec_tests/conformance (language-feature test) unless std-module-shaped
nova_tests/plan79/neg/arity_result_too_many.nv	MIGRATE	PASS	compiles+passes; target spec_tests/conformance (language-feature test) unless std-module-shaped
nova_tests/plan79/neg/arity_turbofish.nv	MIGRATE	PASS	compiles+passes; target spec_tests/conformance (language-feature test) unless std-module-shaped
nova_tests/plan79/neg/arity_user_generic.nv	MIGRATE	PASS	compiles+passes; target spec_tests/conformance (language-feature test) unless std-module-shaped
nova_tests/plan79/neg/assign_arg_int_to_bool.nv	MIGRATE	PASS	compiles+passes; target spec_tests/conformance (language-feature test) unless std-module-shaped
nova_tests/plan79/neg/assign_arg_str_to_int.nv	MIGRATE	PASS	compiles+passes; target spec_tests/conformance (language-feature test) unless std-module-shaped
nova_tests/plan79/neg/assign_arg_wrong_record.nv	MIGRATE	PASS	compiles+passes; target spec_tests/conformance (language-feature test) unless std-module-shaped
nova_tests/plan79/neg/assign_let_bool_to_int.nv	MIGRATE	PASS	compiles+passes; target spec_tests/conformance (language-feature test) unless std-module-shaped
nova_tests/plan79/neg/assign_let_float_to_int.nv	MIGRATE	PASS	compiles+passes; target spec_tests/conformance (language-feature test) unless std-module-shaped
nova_tests/plan79/neg/assign_let_int_to_str.nv	MIGRATE	PASS	compiles+passes; target spec_tests/conformance (language-feature test) unless std-module-shaped
nova_tests/plan79/neg/assign_var_category_mismatch.nv	MIGRATE	PASS	compiles+passes; target spec_tests/conformance (language-feature test) unless std-module-shaped
nova_tests/plan79/neg/member_no_field.nv	MIGRATE	PASS	compiles+passes; target spec_tests/conformance (language-feature test) unless std-module-shaped
nova_tests/plan79/neg/member_no_field_param.nv	MIGRATE	PASS	compiles+passes; target spec_tests/conformance (language-feature test) unless std-module-shaped
nova_tests/plan79/neg/member_no_method.nv	MIGRATE	PASS	compiles+passes; target spec_tests/conformance (language-feature test) unless std-module-shaped
nova_tests/plan79/neg/type_as_value_arg.nv	MIGRATE	PASS	compiles+passes; target spec_tests/conformance (language-feature test) unless std-module-shaped
nova_tests/plan79/neg/type_as_value_exprbody.nv	MIGRATE	PASS	compiles+passes; target spec_tests/conformance (language-feature test) unless std-module-shaped
nova_tests/plan79/neg/type_as_value_let.nv	MIGRATE	PASS	compiles+passes; target spec_tests/conformance (language-feature test) unless std-module-shaped
nova_tests/plan79/type_as_value_pos.nv	STALE	TIMEOUT	TIMEOUT: killed after 63324ms
nova_tests/plan81/bound_cross_file_neg.nv	MIGRATE	PASS	compiles+passes; target spec_tests/conformance (language-feature test) unless std-module-shaped
nova_tests/plan81/bound_cross_file_pos.nv	MIGRATE	PASS	compiles+passes; target spec_tests/conformance (language-feature test) unless std-module-shaped
nova_tests/plan81/bound_lib.nv	MIGRATE	PASS	compiles+passes; target spec_tests/conformance (language-feature test) unless std-module-shaped
nova_tests/plan81/case_mismatch_neg.nv	MIGRATE	PASS	compiles+passes; target spec_tests/conformance (language-feature test) unless std-module-shaped
nova_tests/plan81/entry_fmod/app.nv	N/A-support	NORESULT	support/library file — no independent test unit (imported by sibling test in same dir tree)
nova_tests/plan81/entry_fmod/lib.nv	N/A-support	NORESULT	support/library file — no independent test unit (imported by sibling test in same dir tree)
nova_tests/plan81/lib.nv	MIGRATE	PASS	compiles+passes; target spec_tests/conformance (language-feature test) unless std-module-shaped
nova_tests/plan81/module_typo_neg.nv	MIGRATE	PASS	compiles+passes; target spec_tests/conformance (language-feature test) unless std-module-shaped
nova_tests/plan81/multi_import_error_neg.nv	MIGRATE	PASS	compiles+passes; target spec_tests/conformance (language-feature test) unless std-module-shaped
nova_tests/plan81/peer_recur/even.nv	N/A-support	NORESULT	support/library file — no independent test unit (imported by sibling test in same dir tree)
nova_tests/plan81/peer_recur/odd.nv	N/A-support	NORESULT	support/library file — no independent test unit (imported by sibling test in same dir tree)
nova_tests/plan81/peer_recur_use.nv	MIGRATE	PASS	compiles+passes; target spec_tests/conformance (language-feature test) unless std-module-shaped
nova_tests/plan81/visibility_fn_rejected.nv	MIGRATE	PASS	compiles+passes; target spec_tests/conformance (language-feature test) unless std-module-shaped
nova_tests/plan81/visibility_ok.nv	MIGRATE	PASS	compiles+passes; target spec_tests/conformance (language-feature test) unless std-module-shaped
nova_tests/plan82_2/cross_thread_dealloc.nv	MIGRATE	PASS	compiles+passes; target spec_tests/conformance (language-feature test) unless std-module-shaped
nova_tests/plan83_10/atomic_state_machine_no_double_resume.nv	N/A-support	NORESULT	support/library file — no independent test unit (imported by sibling test in same dir tree)
nova_tests/plan83_10/cancel_race_no_orphan_state.nv	N/A-support	NORESULT	support/library file — no independent test unit (imported by sibling test in same dir tree)
nova_tests/plan83_10/gc_no_leak_armed_spawn.nv	N/A-support	NORESULT	support/library file — no independent test unit (imported by sibling test in same dir tree)
nova_tests/plan83_10/handler_isolation_per_fiber.nv	N/A-support	NORESULT	support/library file — no independent test unit (imported by sibling test in same dir tree)
nova_tests/plan83_10/multiple_spawns_panic_first_wins.nv	N/A-support	NORESULT	support/library file — no independent test unit (imported by sibling test in same dir tree)
nova_tests/plan83_10/neg/cancel_token_wrong_type_compile_error.nv	MIGRATE	PASS	compiles+passes; target spec_tests/conformance (language-feature test) unless std-module-shaped
nova_tests/plan83_10/neg/channel_negative_capacity_panic.nv	MIGRATE	PASS	compiles+passes; target spec_tests/conformance (language-feature test) unless std-module-shaped
nova_tests/plan83_10/neg/detach_without_effect_compile_error.nv	MIGRATE	PASS	compiles+passes; target spec_tests/conformance (language-feature test) unless std-module-shaped
nova_tests/plan83_10/neg/fail_in_realtime_compile_error.nv	N/A-support	NORESULT	support/library file — no independent test unit (imported by sibling test in same dir tree)
nova_tests/plan83_10/neg/fiber_deep_recursion_panic.nv	MIGRATE	PASS	compiles+passes; target spec_tests/conformance (language-feature test) unless std-module-shaped
nova_tests/plan83_10/neg/maxprocs_negative_panic.nv	MIGRATE	PASS	compiles+passes; target spec_tests/conformance (language-feature test) unless std-module-shaped
nova_tests/plan83_10/neg/runtime_init_huge_n_panic.nv	MIGRATE	PASS	compiles+passes; target spec_tests/conformance (language-feature test) unless std-module-shaped
nova_tests/plan83_10/neg/spawn_in_realtime_compile_error.nv	MIGRATE	PASS	compiles+passes; target spec_tests/conformance (language-feature test) unless std-module-shaped
nova_tests/plan83_10/neg/supervised_throw_no_catch_panic.nv	MIGRATE	PASS	compiles+passes; target spec_tests/conformance (language-feature test) unless std-module-shaped
nova_tests/plan83_10/neg/time_in_realtime_compile_error.nv	MIGRATE	PASS	compiles+passes; target spec_tests/conformance (language-feature test) unless std-module-shaped
nova_tests/plan83_10/panic_cancels_sibling_fibers.nv	N/A-support	NORESULT	support/library file — no independent test unit (imported by sibling test in same dir tree)
nova_tests/plan83_10/panic_in_nested_supervised.nv	N/A-support	NORESULT	support/library file — no independent test unit (imported by sibling test in same dir tree)
nova_tests/plan83_10/panic_propagates_to_supervised.nv	N/A-support	NORESULT	support/library file — no independent test unit (imported by sibling test in same dir tree)
nova_tests/plan83_10/runtime_survives_fiber_panic.nv	N/A-support	NORESULT	support/library file — no independent test unit (imported by sibling test in same dir tree)
nova_tests/plan83_10/supervised_drain_completeness.nv	N/A-support	NORESULT	support/library file — no independent test unit (imported by sibling test in same dir tree)
nova_tests/plan83_10_3/nested_supervised_cancel.nv	MIGRATE	PASS	compiles+passes; target spec_tests/conformance (language-feature test) unless std-module-shaped
nova_tests/plan83_10_3/nested_supervised_normal_completion.nv	MIGRATE	PASS	compiles+passes; target spec_tests/conformance (language-feature test) unless std-module-shaped
nova_tests/plan83_10_3/triple_nested_throw.nv	MIGRATE	PASS	compiles+passes; target spec_tests/conformance (language-feature test) unless std-module-shaped
nova_tests/plan83_10_4/fail_handler_cross_mco_armed.nv	blocked-by-nova-build-ICE	NORESULT	[P67-LEGACY] emit_c.rs:48876 method=now — whole dir is ONE merged module (nova_tests.plan83_10_4), can't cherry-pick; dir-level ICE
nova_tests/plan83_10_4/tls_handler_per_fiber_armed.nv	blocked-by-nova-build-ICE	NORESULT	[P67-LEGACY] emit_c.rs:48876 method=now — whole dir is ONE merged module (nova_tests.plan83_10_4), can't cherry-pick; dir-level ICE
nova_tests/plan83_10_4/tls_handler_race_repro.nv	blocked-by-nova-build-ICE	NORESULT	[P67-LEGACY] emit_c.rs:48876 method=now — whole dir is ONE merged module (nova_tests.plan83_10_4), can't cherry-pick; dir-level ICE
nova_tests/plan83_11/driver_cancel_edge.nv	STALE	CODEGEN-FAIL	CODEGEN-FAIL: [E_D78_MODULE_PATH_MISMATCH] module declaration does not match file path (D29 rev-3 + legacy)
nova_tests/plan83_11/driver_cancel_sleep_basic.nv	STALE	CODEGEN-FAIL	CODEGEN-FAIL: [E_D78_MODULE_PATH_MISMATCH] module declaration does not match file path (D29 rev-3 + legacy)
nova_tests/plan83_11/driver_stress_cancel_slow.nv	STALE	CODEGEN-FAIL	CODEGEN-FAIL: [E_D78_MODULE_PATH_MISMATCH] module declaration does not match file path (D29 rev-3 + legacy)
nova_tests/plan83_11/driver_timer_cleanup.nv	STALE	CODEGEN-FAIL	CODEGEN-FAIL: [E_D78_MODULE_PATH_MISMATCH] module declaration does not match file path (D29 rev-3 + legacy)
nova_tests/plan83_12/tcp_bind_used_port_test.nv	STALE	CODEGEN-FAIL	CODEGEN-FAIL: \\?\D:\Sources\nv-lang\nova-198\nova_tests\plan83_12\tcp_cancel_accept_test.nv:25:19: error: [E_CONCURRENT_MUT_CAPTURE] outer `mut` binding `acc_err` captured by reference in a `spawn`/`parallel for`/`de...
nova_tests/plan83_12/tcp_cancel_accept_test.nv	STALE	CODEGEN-FAIL	CODEGEN-FAIL: \\?\D:\Sources\nv-lang\nova-198\nova_tests\plan83_12\tcp_cancel_accept_test.nv:25:19: error: [E_CONCURRENT_MUT_CAPTURE] outer `mut` binding `acc_err` captured by reference in a `spawn`/`parallel for`/`de...
nova_tests/plan83_12/tcp_connect_refused_test.nv	STALE	CODEGEN-FAIL	CODEGEN-FAIL: \\?\D:\Sources\nv-lang\nova-198\nova_tests\plan83_12\tcp_cancel_accept_test.nv:25:19: error: [E_CONCURRENT_MUT_CAPTURE] outer `mut` binding `acc_err` captured by reference in a `spawn`/`parallel for`/`de...
nova_tests/plan83_12/tcp_echo_server_test.nv	STALE	CODEGEN-FAIL	CODEGEN-FAIL: \\?\D:\Sources\nv-lang\nova-198\nova_tests\plan83_12\tcp_cancel_accept_test.nv:25:19: error: [E_CONCURRENT_MUT_CAPTURE] outer `mut` binding `acc_err` captured by reference in a `spawn`/`parallel for`/`de...
nova_tests/plan83_12/tcp_multi_accept_test.nv	STALE	CODEGEN-FAIL	CODEGEN-FAIL: \\?\D:\Sources\nv-lang\nova-198\nova_tests\plan83_12\tcp_cancel_accept_test.nv:25:19: error: [E_CONCURRENT_MUT_CAPTURE] outer `mut` binding `acc_err` captured by reference in a `spawn`/`parallel for`/`de...
nova_tests/plan83_12/tcp_read_eof_test.nv	STALE	CODEGEN-FAIL	CODEGEN-FAIL: \\?\D:\Sources\nv-lang\nova-198\nova_tests\plan83_12\tcp_cancel_accept_test.nv:25:19: error: [E_CONCURRENT_MUT_CAPTURE] outer `mut` binding `acc_err` captured by reference in a `spawn`/`parallel for`/`de...
nova_tests/plan83_12/tcp_socket_addr_test.nv	STALE	CODEGEN-FAIL	CODEGEN-FAIL: \\?\D:\Sources\nv-lang\nova-198\nova_tests\plan83_12\tcp_cancel_accept_test.nv:25:19: error: [E_CONCURRENT_MUT_CAPTURE] outer `mut` binding `acc_err` captured by reference in a `spawn`/`parallel for`/`de...
nova_tests/plan83_12/tcp_stream_addr_test.nv	STALE	CODEGEN-FAIL	CODEGEN-FAIL: \\?\D:\Sources\nv-lang\nova-198\nova_tests\plan83_12\tcp_cancel_accept_test.nv:25:19: error: [E_CONCURRENT_MUT_CAPTURE] outer `mut` binding `acc_err` captured by reference in a `spawn`/`parallel for`/`de...
nova_tests/plan83_12/tcp_write_after_close_test.nv	STALE	CODEGEN-FAIL	CODEGEN-FAIL: \\?\D:\Sources\nv-lang\nova-198\nova_tests\plan83_12\tcp_cancel_accept_test.nv:25:19: error: [E_CONCURRENT_MUT_CAPTURE] outer `mut` binding `acc_err` captured by reference in a `spawn`/`parallel for`/`de...
nova_tests/plan83_12/udp_ping_pong_test.nv	STALE	CODEGEN-FAIL	CODEGEN-FAIL: \\?\D:\Sources\nv-lang\nova-198\nova_tests\plan83_12\tcp_cancel_accept_test.nv:25:19: error: [E_CONCURRENT_MUT_CAPTURE] outer `mut` binding `acc_err` captured by reference in a `spawn`/`parallel for`/`de...
nova_tests/plan83_4_5_6_stress/cancel_stress_slow.nv	STALE	CODEGEN-FAIL	CODEGEN-FAIL: [E_D78_MODULE_PATH_MISMATCH] module declaration does not match file path (D29 rev-3 + legacy)
nova_tests/plan83_4_5_6_stress/park_wake_stress_slow.nv	STALE	CODEGEN-FAIL	CODEGEN-FAIL: [E_D78_MODULE_PATH_MISMATCH] module declaration does not match file path (D29 rev-3 + legacy)
nova_tests/plan83_4_5_6_stress/spawn_stress_10k_slow.nv	STALE	CODEGEN-FAIL	CODEGEN-FAIL: [E_D78_MODULE_PATH_MISMATCH] module declaration does not match file path (D29 rev-3 + legacy)
nova_tests/plan83_6/spawn_pool_correctness.nv	MIGRATE	PASS	compiles+passes; target spec_tests/conformance (language-feature test) unless std-module-shaped
nova_tests/plan83_6/spawn_pool_overflow_bounded.nv	MIGRATE	PASS	compiles+passes; target spec_tests/conformance (language-feature test) unless std-module-shaped
nova_tests/plan83_6/spawn_pool_size_class_variation.nv	MIGRATE	PASS	compiles+passes; target spec_tests/conformance (language-feature test) unless std-module-shaped
nova_tests/plan83_7/runnext_displaced_to_deque.nv	MIGRATE	PASS	compiles+passes; target spec_tests/conformance (language-feature test) unless std-module-shaped
nova_tests/plan83_7/runnext_shutdown_drain.nv	MIGRATE	PASS	compiles+passes; target spec_tests/conformance (language-feature test) unless std-module-shaped
nova_tests/plan83_stress_armed/cancel_stress_armed_slow.nv	STALE	CODEGEN-FAIL	CODEGEN-FAIL: [E_D78_MODULE_PATH_MISMATCH] module declaration does not match file path (D29 rev-3 + legacy)
nova_tests/plan83_stress_armed/memory_bounded_armed_slow.nv	STALE	CODEGEN-FAIL	CODEGEN-FAIL: [E_D78_MODULE_PATH_MISMATCH] module declaration does not match file path (D29 rev-3 + legacy)
nova_tests/plan83_stress_armed/orphan_drain_stress_armed_slow.nv	STALE	CODEGEN-FAIL	CODEGEN-FAIL: [E_D78_MODULE_PATH_MISMATCH] module declaration does not match file path (D29 rev-3 + legacy)
nova_tests/plan83_stress_armed/park_wake_stress_armed_slow.nv	STALE	CODEGEN-FAIL	CODEGEN-FAIL: [E_D78_MODULE_PATH_MISMATCH] module declaration does not match file path (D29 rev-3 + legacy)
nova_tests/plan83_stress_armed/spawn_stress_armed_slow.nv	STALE	CODEGEN-FAIL	CODEGEN-FAIL: [E_D78_MODULE_PATH_MISMATCH] module declaration does not match file path (D29 rev-3 + legacy)
nova_tests/plan84/fmod_rel/geo/measure.nv	MIGRATE	PASS	compiles+passes; target spec_tests/conformance (language-feature test) unless std-module-shaped
nova_tests/plan84/fmod_rel/geo/shapes.nv	MIGRATE	PASS	compiles+passes; target spec_tests/conformance (language-feature test) unless std-module-shaped
nova_tests/plan84/fmod_rel/use_fmod_test.nv	MIGRATE	PASS	compiles+passes; target spec_tests/conformance (language-feature test) unless std-module-shaped
nova_tests/plan84/neg_dotdot_test.nv	MIGRATE	PASS	compiles+passes; target spec_tests/conformance (language-feature test) unless std-module-shaped
nova_tests/plan84/neg_escape_test.nv	MIGRATE	PASS	compiles+passes; target spec_tests/conformance (language-feature test) unless std-module-shaped
nova_tests/plan84/neg_notfound/nf_test.nv	MIGRATE	PASS	compiles+passes; target spec_tests/conformance (language-feature test) unless std-module-shaped
nova_tests/plan84/neg_selfimport_test.nv	MIGRATE	PASS	compiles+passes; target spec_tests/conformance (language-feature test) unless std-module-shaped
nova_tests/plan84/parent/shared.nv	MIGRATE	PASS	compiles+passes; target spec_tests/conformance (language-feature test) unless std-module-shaped
nova_tests/plan84/parent/sub/use_parent_test.nv	MIGRATE	PASS	compiles+passes; target spec_tests/conformance (language-feature test) unless std-module-shaped
nova_tests/plan84/reexport/facade.nv	MIGRATE	PASS	compiles+passes; target spec_tests/conformance (language-feature test) unless std-module-shaped
nova_tests/plan84/reexport/inner.nv	MIGRATE	PASS	compiles+passes; target spec_tests/conformance (language-feature test) unless std-module-shaped
nova_tests/plan84/reexport/use_reexport_test.nv	MIGRATE	PASS	compiles+passes; target spec_tests/conformance (language-feature test) unless std-module-shaped
nova_tests/plan84/sibling/helper.nv	MIGRATE	PASS	compiles+passes; target spec_tests/conformance (language-feature test) unless std-module-shaped
nova_tests/plan84/sibling/use_sibling_test.nv	MIGRATE	PASS	compiles+passes; target spec_tests/conformance (language-feature test) unless std-module-shaped
nova_tests/plan87/explicit_custom_iter.nv	MIGRATE	PASS	compiles+passes; target spec_tests/conformance (language-feature test) unless std-module-shaped
nova_tests/plan87/explicit_generic.nv	MIGRATE	PASS	compiles+passes; target spec_tests/conformance (language-feature test) unless std-module-shaped
nova_tests/plan87/explicit_mut.nv	MIGRATE	PASS	compiles+passes; target spec_tests/conformance (language-feature test) unless std-module-shaped
nova_tests/plan87/explicit_primitive.nv	MIGRATE	PASS	compiles+passes; target spec_tests/conformance (language-feature test) unless std-module-shaped
nova_tests/plan87/neg/neg_bad_syntax.nv	MIGRATE	PASS	compiles+passes; target spec_tests/conformance (language-feature test) unless std-module-shaped
nova_tests/plan87/neg/neg_type_mismatch.nv	MIGRATE	PASS	compiles+passes; target spec_tests/conformance (language-feature test) unless std-module-shaped
nova_tests/plan88/result_return.nv	MIGRATE	PASS	compiles+passes; target spec_tests/conformance (language-feature test) unless std-module-shaped
nova_tests/plan88/static_methods.nv	MIGRATE	PASS	compiles+passes; target spec_tests/conformance (language-feature test) unless std-module-shaped
nova_tests/plan89/eq_and_method.nv	MIGRATE	PASS	compiles+passes; target spec_tests/conformance (language-feature test) unless std-module-shaped
nova_tests/plan89/fnarg_option_elem.nv	MIGRATE	PASS	compiles+passes; target spec_tests/conformance (language-feature test) unless std-module-shaped
nova_tests/plan89/iflet_option_elem.nv	MIGRATE	PASS	compiles+passes; target spec_tests/conformance (language-feature test) unless std-module-shaped
nova_tests/plan89/match_option_elem.nv	MIGRATE	PASS	compiles+passes; target spec_tests/conformance (language-feature test) unless std-module-shaped
nova_tests/plan89/record_elem_regression.nv	MIGRATE	PASS	compiles+passes; target spec_tests/conformance (language-feature test) unless std-module-shaped
nova_tests/plan89/result_elem_regression.nv	MIGRATE	PASS	compiles+passes; target spec_tests/conformance (language-feature test) unless std-module-shaped
nova_tests/plan89/user_sum_elem_regression.nv	MIGRATE	PASS	compiles+passes; target spec_tests/conformance (language-feature test) unless std-module-shaped
nova_tests/plan90/append_zero.nv	MIGRATE	PASS	compiles+passes; target spec_tests/conformance (language-feature test) unless std-module-shaped
nova_tests/plan90/append_zero_negative_n_neg.nv	MIGRATE	PASS	compiles+passes; target spec_tests/conformance (language-feature test) unless std-module-shaped
nova_tests/plan90/byte_at.nv	MIGRATE	PASS	compiles+passes; target spec_tests/conformance (language-feature test) unless std-module-shaped
nova_tests/plan90/compare.nv	MIGRATE	PASS	compiles+passes; target spec_tests/conformance (language-feature test) unless std-module-shaped
nova_tests/plan90/copy_from.nv	MIGRATE	PASS	compiles+passes; target spec_tests/conformance (language-feature test) unless std-module-shaped
nova_tests/plan90/copy_within.nv	MIGRATE	PASS	compiles+passes; target spec_tests/conformance (language-feature test) unless std-module-shaped
nova_tests/plan90/fill.nv	MIGRATE	PASS	compiles+passes; target spec_tests/conformance (language-feature test) unless std-module-shaped
nova_tests/plan90/neg/append_zero_view_detach_warn.nv	MIGRATE	PASS	compiles+passes; target spec_tests/conformance (language-feature test) unless std-module-shaped
nova_tests/plan90/neg_byte_at_oob.nv	MIGRATE	PASS	compiles+passes; target spec_tests/conformance (language-feature test) unless std-module-shaped
nova_tests/plan90_1/append_basic.nv	MIGRATE	PASS	compiles+passes; target spec_tests/conformance (language-feature test) unless std-module-shaped
nova_tests/plan90_1/append_bulk_1M.nv	MIGRATE	PASS	compiles+passes; target spec_tests/conformance (language-feature test) unless std-module-shaped
nova_tests/plan90_1/append_copy_source_intact.nv	MIGRATE	PASS	compiles+passes; target spec_tests/conformance (language-feature test) unless std-module-shaped
nova_tests/plan90_1/append_empty.nv	MIGRATE	PASS	compiles+passes; target spec_tests/conformance (language-feature test) unless std-module-shaped
nova_tests/plan90_1/append_grows_amortized.nv	MIGRATE	PASS	compiles+passes; target spec_tests/conformance (language-feature test) unless std-module-shaped
nova_tests/plan90_1/append_self.nv	MIGRATE	PASS	compiles+passes; target spec_tests/conformance (language-feature test) unless std-module-shaped
nova_tests/plan90_1/copy_from_overlap_via_view.nv	MIGRATE	PASS	compiles+passes; target spec_tests/conformance (language-feature test) unless std-module-shaped
nova_tests/plan90_1/copy_from_strict_equal.nv	MIGRATE	PASS	compiles+passes; target spec_tests/conformance (language-feature test) unless std-module-shaped
nova_tests/plan90_1/copy_from_too_long_neg.nv	MIGRATE	PASS	compiles+passes; target spec_tests/conformance (language-feature test) unless std-module-shaped
nova_tests/plan90_1/copy_from_too_short_neg.nv	MIGRATE	PASS	compiles+passes; target spec_tests/conformance (language-feature test) unless std-module-shaped
nova_tests/plan90_1/insert_at_end.nv	MIGRATE	PASS	compiles+passes; target spec_tests/conformance (language-feature test) unless std-module-shaped
nova_tests/plan90_1/insert_middle.nv	MIGRATE	PASS	compiles+passes; target spec_tests/conformance (language-feature test) unless std-module-shaped
nova_tests/plan90_1/insert_oob_above_len_neg.nv	MIGRATE	PASS	compiles+passes; target spec_tests/conformance (language-feature test) unless std-module-shaped
nova_tests/plan90_1/insert_oob_negative_i_neg.nv	MIGRATE	PASS	compiles+passes; target spec_tests/conformance (language-feature test) unless std-module-shaped
nova_tests/plan90_1/insert_preserves_order.nv	MIGRATE	PASS	compiles+passes; target spec_tests/conformance (language-feature test) unless std-module-shaped
nova_tests/plan90_1/lint_view_extend_suppressed_no_warn.nv	MIGRATE	PASS	compiles+passes; target spec_tests/conformance (language-feature test) unless std-module-shaped
nova_tests/plan90_1/lint_view_no_grow_no_warn.nv	MIGRATE	PASS	compiles+passes; target spec_tests/conformance (language-feature test) unless std-module-shaped
nova_tests/plan90_1/neg/view_extend_detach_warn.nv	MIGRATE	PASS	compiles+passes; target spec_tests/conformance (language-feature test) unless std-module-shaped
nova_tests/plan90_1/reserve_negative_extra_neg.nv	MIGRATE	PASS	compiles+passes; target spec_tests/conformance (language-feature test) unless std-module-shaped
nova_tests/plan90_1/reserve_then_push.nv	MIGRATE	PASS	compiles+passes; target spec_tests/conformance (language-feature test) unless std-module-shaped
nova_tests/plan90_1/reserve_then_push_no_realloc.nv	MIGRATE	PASS	compiles+passes; target spec_tests/conformance (language-feature test) unless std-module-shaped
nova_tests/plan91/sort_basic.nv	STALE	CODEGEN-FAIL	CODEGEN-FAIL: \\?\D:\Sources\nv-lang\nova-198\nova_tests\plan91\text_methods_test.nv:96:12: error: [E_STR_NO_LEN] `str.len()` was retired (D249 lens model): a `str` has three diverging lengths, so length / element acc...
nova_tests/plan91/text_methods_test.nv	STALE	CODEGEN-FAIL	CODEGEN-FAIL: \\?\D:\Sources\nv-lang\nova-198\nova_tests\plan91\text_methods_test.nv:96:12: error: [E_STR_NO_LEN] `str.len()` was retired (D249 lens model): a `str` has three diverging lengths, so length / element acc...
nova_tests/plan91_10/needs_cap_retracted_neg.nv	MIGRATE	PASS	compiles+passes; target spec_tests/conformance (language-feature test) unless std-module-shaped
nova_tests/plan91_12/neg/net_v2_ffi_type_direct_neg.nv	MIGRATE	PASS	compiles+passes; target spec_tests/conformance (language-feature test) unless std-module-shaped
nova_tests/plan91_12/neg/v2_external_fn_retract_neg.nv	MIGRATE	PASS	compiles+passes; target spec_tests/conformance (language-feature test) unless std-module-shaped
nova_tests/plan91_12/neg/v2_external_type_consume_d163_ok.nv	MIGRATE	PASS	compiles+passes; target spec_tests/conformance (language-feature test) unless std-module-shaped
nova_tests/plan91_12/neg/v2_external_type_retract_neg.nv	MIGRATE	PASS	compiles+passes; target spec_tests/conformance (language-feature test) unless std-module-shaped
nova_tests/plan91_12/neg/v2_parser_external_type_consume_followed_by_fn_ok.nv	MIGRATE	PASS	compiles+passes; target spec_tests/conformance (language-feature test) unless std-module-shaped
nova_tests/plan91_12/neg/v3_generic_newtype_inner_uses_param_neg.nv	MIGRATE	PASS	compiles+passes; target spec_tests/conformance (language-feature test) unless std-module-shaped
nova_tests/plan91_12/net_v2_str_as_ptr_ok.nv	MIGRATE	PASS	compiles+passes; target spec_tests/conformance (language-feature test) unless std-module-shaped
nova_tests/plan91_12/v2_condvar_tuple_newtype_ok.nv	MIGRATE	PASS	compiles+passes; target spec_tests/conformance (language-feature test) unless std-module-shaped
nova_tests/plan91_12/v2_extern_nova_fn_ok.nv	MIGRATE	PASS	compiles+passes; target spec_tests/conformance (language-feature test) unless std-module-shaped
nova_tests/plan91_12/v2_lazy_tuple_newtype_ok.nv	MIGRATE	PASS	compiles+passes; target spec_tests/conformance (language-feature test) unless std-module-shaped
nova_tests/plan91_12/v2_oncecell_tuple_newtype_ok.nv	MIGRATE	PASS	compiles+passes; target spec_tests/conformance (language-feature test) unless std-module-shaped
nova_tests/plan91_12/v3_generic_newtype_non_ptr_inner_ok.nv	MIGRATE	PASS	compiles+passes; target spec_tests/conformance (language-feature test) unless std-module-shaped
nova_tests/plan91_12/v3_user_generic_newtype_ok.nv	MIGRATE	PASS	compiles+passes; target spec_tests/conformance (language-feature test) unless std-module-shaped
nova_tests/plan91_13/from_codepoint_invalid_neg.nv	MIGRATE	PASS	compiles+passes; target spec_tests/conformance (language-feature test) unless std-module-shaped
nova_tests/plan91_13/from_codepoint_test.nv	MIGRATE	PASS	compiles+passes; target spec_tests/conformance (language-feature test) unless std-module-shaped
nova_tests/plan91_13/json_roundtrip_array_empty.nv	MIGRATE	PASS	compiles+passes; target spec_tests/conformance (language-feature test) unless std-module-shaped
nova_tests/plan91_13/json_roundtrip_array_primitives.nv	MIGRATE	PASS	compiles+passes; target spec_tests/conformance (language-feature test) unless std-module-shaped
nova_tests/plan91_13/json_roundtrip_float_shortest.nv	MIGRATE	PASS	compiles+passes; target spec_tests/conformance (language-feature test) unless std-module-shaped
nova_tests/plan91_13/json_roundtrip_nested.nv	MIGRATE	PASS	compiles+passes; target spec_tests/conformance (language-feature test) unless std-module-shaped
nova_tests/plan91_13/json_roundtrip_object_empty.nv	MIGRATE	PASS	compiles+passes; target spec_tests/conformance (language-feature test) unless std-module-shaped
nova_tests/plan91_13/json_roundtrip_object_flat.nv	MIGRATE	PASS	compiles+passes; target spec_tests/conformance (language-feature test) unless std-module-shaped
nova_tests/plan91_13/json_roundtrip_primitives.nv	MIGRATE	PASS	compiles+passes; target spec_tests/conformance (language-feature test) unless std-module-shaped
nova_tests/plan91_14/neg_debug_no_impl.nv	MIGRATE	PASS	compiles+passes; target spec_tests/conformance (language-feature test) unless std-module-shaped
nova_tests/plan91_14/pos_debug_interpolation.nv	MIGRATE	PASS	compiles+passes; target spec_tests/conformance (language-feature test) unless std-module-shaped
nova_tests/plan91_14/pos_debug_nested.nv	MIGRATE	PASS	compiles+passes; target spec_tests/conformance (language-feature test) unless std-module-shaped
nova_tests/plan91_14/pos_debug_option_result.nv	MIGRATE	PASS	compiles+passes; target spec_tests/conformance (language-feature test) unless std-module-shaped
nova_tests/plan91_14/pos_debug_record_derive.nv	MIGRATE	PASS	compiles+passes; target spec_tests/conformance (language-feature test) unless std-module-shaped
nova_tests/plan91_14/pos_debug_sum_derive.nv	MIGRATE	PASS	compiles+passes; target spec_tests/conformance (language-feature test) unless std-module-shaped
nova_tests/plan91_14/pos_debug_vec.nv	MIGRATE	PASS	compiles+passes; target spec_tests/conformance (language-feature test) unless std-module-shaped
nova_tests/plan91_14/t0_smoke_bare_interp.nv	MIGRATE	PASS	compiles+passes; target spec_tests/conformance (language-feature test) unless std-module-shaped
nova_tests/plan91_14/t10_pos_debug_in_concat_with_display.nv	MIGRATE	PASS	compiles+passes; target spec_tests/conformance (language-feature test) unless std-module-shaped
nova_tests/plan91_14/t11_pos_debug_byte_and_negative.nv	MIGRATE	PASS	compiles+passes; target spec_tests/conformance (language-feature test) unless std-module-shaped
nova_tests/plan91_14/t12_pos_3_level_nested.nv	MIGRATE	PASS	compiles+passes; target spec_tests/conformance (language-feature test) unless std-module-shaped
nova_tests/plan91_14/t13_pos_mixed_primitive_concat.nv	MIGRATE	PASS	compiles+passes; target spec_tests/conformance (language-feature test) unless std-module-shaped
nova_tests/plan91_14/t1_pos_parse_debug_spec_ok.nv	MIGRATE	PASS	compiles+passes; target spec_tests/conformance (language-feature test) unless std-module-shaped
nova_tests/plan91_14/t2_neg_empty_format_spec.nv	MIGRATE	PASS	compiles+passes; target spec_tests/conformance (language-feature test) unless std-module-shaped
nova_tests/plan91_14/t3_neg_unknown_format_spec.nv	MIGRATE	PASS	compiles+passes; target spec_tests/conformance (language-feature test) unless std-module-shaped
nova_tests/plan91_14/t4_pos_debug_primitives.nv	MIGRATE	PASS	compiles+passes; target spec_tests/conformance (language-feature test) unless std-module-shaped
nova_tests/plan91_14/t5_pos_debug_struct_memberwise.nv	MIGRATE	PASS	compiles+passes; target spec_tests/conformance (language-feature test) unless std-module-shaped
nova_tests/plan91_14/t6_neg_bare_ptr_interp_preserved.nv	MIGRATE	PASS	compiles+passes; target spec_tests/conformance (language-feature test) unless std-module-shaped
nova_tests/plan91_14/t7_pos_ptr_debug_in_unsafe.nv	STALE	CODEGEN-FAIL	CODEGEN-FAIL: \\?\D:\Sources\nv-lang\nova-198\std\collections\vec_iter.nv:528:22: error: [E_PREFIX_SHADOWS_NAMED_TYPE] `fn[Acc] ...` — generic `Acc` shadows named type `Acc` in scope (Plan 101.1 / D145). Rename one:
nova_tests/plan91_14/t8_pos_debug_nested_struct.nv	MIGRATE	PASS	compiles+passes; target spec_tests/conformance (language-feature test) unless std-module-shaped
nova_tests/plan91_14/t9_neg_trailing_tokens_after_spec.nv	MIGRATE	PASS	compiles+passes; target spec_tests/conformance (language-feature test) unless std-module-shaped
nova_tests/plan91_15/pos_clamp.nv	MIGRATE	PASS	compiles+passes; target spec_tests/conformance (language-feature test) unless std-module-shaped
nova_tests/plan91_15/pos_impl_debug.nv	MIGRATE	PASS	compiles+passes; target spec_tests/conformance (language-feature test) unless std-module-shaped
nova_tests/plan91_15/pos_option_debug.nv	MIGRATE	PASS	compiles+passes; target spec_tests/conformance (language-feature test) unless std-module-shaped
nova_tests/plan91_15/pos_result_debug.nv	MIGRATE	PASS	compiles+passes; target spec_tests/conformance (language-feature test) unless std-module-shaped
nova_tests/plan91_7/array_mut_chain_test.nv	MIGRATE	PASS	compiles+passes; target spec_tests/conformance (language-feature test) unless std-module-shaped
nova_tests/plan91_7/array_new_test.nv	MIGRATE	PASS	compiles+passes; target spec_tests/conformance (language-feature test) unless std-module-shaped
nova_tests/plan91_7/primitive_new_test.nv	MIGRATE	PASS	compiles+passes; target spec_tests/conformance (language-feature test) unless std-module-shaped
nova_tests/plan91_7/sort_chain_test.nv	MIGRATE	PASS	compiles+passes; target spec_tests/conformance (language-feature test) unless std-module-shaped
nova_tests/plan91_7/str_new_test.nv	MIGRATE	PASS	compiles+passes; target spec_tests/conformance (language-feature test) unless std-module-shaped
nova_tests/plan91_8a/default_body_parsed_test.nv	STALE	CODEGEN-FAIL	CODEGEN-FAIL: \\?\D:\Sources\nv-lang\nova-198\nova_tests\plan91_8a\protocol_renames_test.nv:34:12: error: [E7320] no field or method `equals` on type `Pt`
nova_tests/plan91_8a/protocol_renames_test.nv	STALE	CODEGEN-FAIL	CODEGEN-FAIL: \\?\D:\Sources\nv-lang\nova-198\nova_tests\plan91_8a\protocol_renames_test.nv:34:12: error: [E7320] no field or method `equals` on type `Pt`
nova_tests/plan91_8a_2/bare_call_synthesis_test.nv	STALE	CC-FAIL	CC-FAIL: D:\Sources\nv-lang\nova-198\nova_tests/plan91_8a_2\bare_call_synthesis_test.c:7871:42: error: passing 'int' to parameter of incompatible type 'nova_str' | D:\Sources\nv-lang\nova-198\nova_tests/plan91_8a_2\ba...
nova_tests/plan91_8a_2/bound_satisfaction_default_test.nv	STALE	CC-FAIL	CC-FAIL: D:\Sources\nv-lang\nova-198\nova_tests/plan91_8a_2\bare_call_synthesis_test.c:7871:42: error: passing 'int' to parameter of incompatible type 'nova_str' | D:\Sources\nv-lang\nova-198\nova_tests/plan91_8a_2\ba...
nova_tests/plan91_8a_2/char_compare_test.nv	STALE	CC-FAIL	CC-FAIL: D:\Sources\nv-lang\nova-198\nova_tests/plan91_8a_2\bare_call_synthesis_test.c:7871:42: error: passing 'int' to parameter of incompatible type 'nova_str' | D:\Sources\nv-lang\nova-198\nova_tests/plan91_8a_2\ba...
nova_tests/plan91_8a_2/coercion_equatable_test.nv	STALE	CC-FAIL	CC-FAIL: D:\Sources\nv-lang\nova-198\nova_tests/plan91_8a_2\bare_call_synthesis_test.c:7871:42: error: passing 'int' to parameter of incompatible type 'nova_str' | D:\Sources\nv-lang\nova-198\nova_tests/plan91_8a_2\ba...
nova_tests/plan91_8a_2/coercion_test.nv	STALE	CC-FAIL	CC-FAIL: D:\Sources\nv-lang\nova-198\nova_tests/plan91_8a_2\bare_call_synthesis_test.c:7871:42: error: passing 'int' to parameter of incompatible type 'nova_str' | D:\Sources\nv-lang\nova-198\nova_tests/plan91_8a_2\ba...
nova_tests/plan91_8a_2/equatable_explicit_wins_test.nv	STALE	CC-FAIL	CC-FAIL: D:\Sources\nv-lang\nova-198\nova_tests/plan91_8a_2\bare_call_synthesis_test.c:7871:42: error: passing 'int' to parameter of incompatible type 'nova_str' | D:\Sources\nv-lang\nova-198\nova_tests/plan91_8a_2\ba...
nova_tests/plan91_8a_2/equatable_only_test.nv	STALE	CC-FAIL	CC-FAIL: D:\Sources\nv-lang\nova-198\nova_tests/plan91_8a_2\bare_call_synthesis_test.c:7871:42: error: passing 'int' to parameter of incompatible type 'nova_str' | D:\Sources\nv-lang\nova-198\nova_tests/plan91_8a_2\ba...
nova_tests/plan91_8a_2/general_synthesis_test.nv	STALE	CC-FAIL	CC-FAIL: D:\Sources\nv-lang\nova-198\nova_tests/plan91_8a_2\bare_call_synthesis_test.c:7871:42: error: passing 'int' to parameter of incompatible type 'nova_str' | D:\Sources\nv-lang\nova-198\nova_tests/plan91_8a_2\ba...
nova_tests/plan91_8a_2/heterogeneous_array_test.nv	STALE	CC-FAIL	CC-FAIL: D:\Sources\nv-lang\nova-198\nova_tests/plan91_8a_2\bare_call_synthesis_test.c:7871:42: error: passing 'int' to parameter of incompatible type 'nova_str' | D:\Sources\nv-lang\nova-198\nova_tests/plan91_8a_2\ba...
nova_tests/plan91_8a_2/impl_explicit_fmt_test.nv	STALE	CC-FAIL	CC-FAIL: D:\Sources\nv-lang\nova-198\nova_tests/plan91_8a_2\bare_call_synthesis_test.c:7871:42: error: passing 'int' to parameter of incompatible type 'nova_str' | D:\Sources\nv-lang\nova-198\nova_tests/plan91_8a_2\ba...
nova_tests/plan91_8a_2/impl_optin_test.nv	STALE	CC-FAIL	CC-FAIL: D:\Sources\nv-lang\nova-198\nova_tests/plan91_8a_2\bare_call_synthesis_test.c:7871:42: error: passing 'int' to parameter of incompatible type 'nova_str' | D:\Sources\nv-lang\nova-198\nova_tests/plan91_8a_2\ba...
nova_tests/plan91_8a_2/impl_order_arbitrary_test.nv	STALE	CC-FAIL	CC-FAIL: D:\Sources\nv-lang\nova-198\nova_tests/plan91_8a_2\bare_call_synthesis_test.c:7871:42: error: passing 'int' to parameter of incompatible type 'nova_str' | D:\Sources\nv-lang\nova-198\nova_tests/plan91_8a_2\ba...
nova_tests/plan91_8a_2/impl_single_protocol_test.nv	STALE	CC-FAIL	CC-FAIL: D:\Sources\nv-lang\nova-198\nova_tests/plan91_8a_2\bare_call_synthesis_test.c:7871:42: error: passing 'int' to parameter of incompatible type 'nova_str' | D:\Sources\nv-lang\nova-198\nova_tests/plan91_8a_2\ba...
nova_tests/plan91_8a_2/impl_verification_test.nv	STALE	CC-FAIL	CC-FAIL: D:\Sources\nv-lang\nova-198\nova_tests/plan91_8a_2\bare_call_synthesis_test.c:7871:42: error: passing 'int' to parameter of incompatible type 'nova_str' | D:\Sources\nv-lang\nova-198\nova_tests/plan91_8a_2\ba...
nova_tests/plan91_8a_2/impl_with_default_body_test.nv	STALE	CC-FAIL	CC-FAIL: D:\Sources\nv-lang\nova-198\nova_tests/plan91_8a_2\bare_call_synthesis_test.c:7871:42: error: passing 'int' to parameter of incompatible type 'nova_str' | D:\Sources\nv-lang\nova-198\nova_tests/plan91_8a_2\ba...
nova_tests/plan91_8a_2/interpolation_printable_test.nv	STALE	CC-FAIL	CC-FAIL: D:\Sources\nv-lang\nova-198\nova_tests/plan91_8a_2\bare_call_synthesis_test.c:7871:42: error: passing 'int' to parameter of incompatible type 'nova_str' | D:\Sources\nv-lang\nova-198\nova_tests/plan91_8a_2\ba...
nova_tests/plan91_8a_2/neg/impl_missing_methods_err.nv	MIGRATE	PASS	compiles+passes; target spec_tests/conformance (language-feature test) unless std-module-shaped
nova_tests/plan91_8a_2/neg/impl_not_protocol_err.nv	MIGRATE	PASS	compiles+passes; target spec_tests/conformance (language-feature test) unless std-module-shaped
nova_tests/plan91_8a_2/neg/impl_unknown_protocol_err.nv	MIGRATE	PASS	compiles+passes; target spec_tests/conformance (language-feature test) unless std-module-shaped
nova_tests/plan91_8a_2/neg/impl_wrong_signature_err.nv	MIGRATE	PASS	compiles+passes; target spec_tests/conformance (language-feature test) unless std-module-shaped
nova_tests/plan91_8a_2/operators_via_compare_test.nv	STALE	CC-FAIL	CC-FAIL: D:\Sources\nv-lang\nova-198\nova_tests/plan91_8a_2\bare_call_synthesis_test.c:7871:42: error: passing 'int' to parameter of incompatible type 'nova_str' | D:\Sources\nv-lang\nova-198\nova_tests/plan91_8a_2\ba...
nova_tests/plan91_8a_2/primitives_in_generic_bound.nv	STALE	CC-FAIL	CC-FAIL: D:\Sources\nv-lang\nova-198\nova_tests/plan91_8a_2\bare_call_synthesis_test.c:7871:42: error: passing 'int' to parameter of incompatible type 'nova_str' | D:\Sources\nv-lang\nova-198\nova_tests/plan91_8a_2\ba...
nova_tests/plan91_8a_2/printable_fmt_synthesis_test.nv	STALE	CC-FAIL	CC-FAIL: D:\Sources\nv-lang\nova-198\nova_tests/plan91_8a_2\bare_call_synthesis_test.c:7871:42: error: passing 'int' to parameter of incompatible type 'nova_str' | D:\Sources\nv-lang\nova-198\nova_tests/plan91_8a_2\ba...
nova_tests/plan91_8a_2/self_in_param_test.nv	STALE	CC-FAIL	CC-FAIL: D:\Sources\nv-lang\nova-198\nova_tests/plan91_8a_2\bare_call_synthesis_test.c:7871:42: error: passing 'int' to parameter of incompatible type 'nova_str' | D:\Sources\nv-lang\nova-198\nova_tests/plan91_8a_2\ba...
nova_tests/plan91_8a_2/synthesis_via_bound_test.nv	STALE	CC-FAIL	CC-FAIL: D:\Sources\nv-lang\nova-198\nova_tests/plan91_8a_2\bare_call_synthesis_test.c:7871:42: error: passing 'int' to parameter of incompatible type 'nova_str' | D:\Sources\nv-lang\nova-198\nova_tests/plan91_8a_2\ba...
nova_tests/plan91_8a_2/uint_new_test.nv	STALE	CC-FAIL	CC-FAIL: D:\Sources\nv-lang\nova-198\nova_tests/plan91_8a_2\bare_call_synthesis_test.c:7871:42: error: passing 'int' to parameter of incompatible type 'nova_str' | D:\Sources\nv-lang\nova-198\nova_tests/plan91_8a_2\ba...
nova_tests/plan91_8b/neg/neg_no_compare_method.nv	MIGRATE	PASS	compiles+passes; target spec_tests/conformance (language-feature test) unless std-module-shaped
nova_tests/plan91_8b/neg/neg_no_equal_method.nv	MIGRATE	PASS	compiles+passes; target spec_tests/conformance (language-feature test) unless std-module-shaped
nova_tests/plan91_8b/pos_compare_dispatch.nv	MIGRATE	PASS	compiles+passes; target spec_tests/conformance (language-feature test) unless std-module-shaped
nova_tests/plan91_8b/pos_equal_dispatch.nv	MIGRATE	PASS	compiles+passes; target spec_tests/conformance (language-feature test) unless std-module-shaped
nova_tests/plan91_8b/pos_primitive_ops.nv	MIGRATE	PASS	compiles+passes; target spec_tests/conformance (language-feature test) unless std-module-shaped
nova_tests/plan91_8b/pos_str_equal.nv	MIGRATE	PASS	compiles+passes; target spec_tests/conformance (language-feature test) unless std-module-shaped
nova_tests/plan91_8c/generic_min_max_test_slow.nv	STALE	CODEGEN-FAIL	CODEGEN-FAIL: [E_D78_MODULE_PATH_MISMATCH] module declaration does not match file path (D29 rev-3 + legacy)
nova_tests/plan91_8c/generic_sort_test_slow.nv	STALE	CODEGEN-FAIL	CODEGEN-FAIL: [E_D78_MODULE_PATH_MISMATCH] module declaration does not match file path (D29 rev-3 + legacy)
nova_tests/plan91_8c/min_max_by_find_test_slow.nv	STALE	CODEGEN-FAIL	CODEGEN-FAIL: [E_D78_MODULE_PATH_MISMATCH] module declaration does not match file path (D29 rev-3 + legacy)
nova_tests/plan91_8c/neg_direct_baseline_slow.nv	STALE	CODEGEN-FAIL	CODEGEN-FAIL: [E_D78_MODULE_PATH_MISMATCH] module declaration does not match file path (D29 rev-3 + legacy)
nova_tests/plan91_8c/neg_sort_no_compare.nv	MIGRATE	PASS	compiles+passes; target spec_tests/conformance (language-feature test) unless std-module-shaped
nova_tests/plan91_8c/pos_binary_search_str_slow.nv	STALE	CODEGEN-FAIL	CODEGEN-FAIL: [E_D78_MODULE_PATH_MISMATCH] module declaration does not match file path (D29 rev-3 + legacy)
nova_tests/plan91_8c/pos_min_max_by_slow.nv	STALE	CODEGEN-FAIL	CODEGEN-FAIL: [E_D78_MODULE_PATH_MISMATCH] module declaration does not match file path (D29 rev-3 + legacy)
nova_tests/plan91_8c/pos_min_max_str_slow.nv	STALE	CODEGEN-FAIL	CODEGEN-FAIL: [E_D78_MODULE_PATH_MISMATCH] module declaration does not match file path (D29 rev-3 + legacy)
nova_tests/plan91_8c/pos_sort_int_regression_slow.nv	STALE	CODEGEN-FAIL	CODEGEN-FAIL: [E_D78_MODULE_PATH_MISMATCH] module declaration does not match file path (D29 rev-3 + legacy)
nova_tests/plan91_8c/pos_sort_record_slow.nv	STALE	CODEGEN-FAIL	CODEGEN-FAIL: [E_D78_MODULE_PATH_MISMATCH] module declaration does not match file path (D29 rev-3 + legacy)
nova_tests/plan91_8c/pos_sort_str_slow.nv	STALE	CODEGEN-FAIL	CODEGEN-FAIL: [E_D78_MODULE_PATH_MISMATCH] module declaration does not match file path (D29 rev-3 + legacy)
nova_tests/plan91_8c/position_count_test_slow.nv	STALE	CODEGEN-FAIL	CODEGEN-FAIL: [E_D78_MODULE_PATH_MISMATCH] module declaration does not match file path (D29 rev-3 + legacy)
nova_tests/plan91_8c/reverse_sum_test_slow.nv	STALE	CODEGEN-FAIL	CODEGEN-FAIL: [E_D78_MODULE_PATH_MISMATCH] module declaration does not match file path (D29 rev-3 + legacy)
nova_tests/plan91_8c/sort_by_callback_test_slow.nv	STALE	CODEGEN-FAIL	CODEGEN-FAIL: [E_D78_MODULE_PATH_MISMATCH] module declaration does not match file path (D29 rev-3 + legacy)
nova_tests/plan91_8c_direct/neg_no_compare_bound.nv	MIGRATE	PASS	compiles+passes; target spec_tests/conformance (language-feature test) unless std-module-shaped
nova_tests/plan91_8c_direct/pos_direct_compare_slow.nv	STALE	CODEGEN-FAIL	CODEGEN-FAIL: [E_D78_MODULE_PATH_MISMATCH] module declaration does not match file path (D29 rev-3 + legacy)
nova_tests/plan91_8c_direct/pos_direct_method_chain_slow.nv	STALE	CODEGEN-FAIL	CODEGEN-FAIL: [E_D78_MODULE_PATH_MISMATCH] module declaration does not match file path (D29 rev-3 + legacy)
nova_tests/plan91_8c_direct/pos_direct_operator_slow.nv	STALE	CODEGEN-FAIL	CODEGEN-FAIL: [E_D78_MODULE_PATH_MISMATCH] module declaration does not match file path (D29 rev-3 + legacy)
nova_tests/plan91_8c_direct/pos_sort_direct_slow.nv	STALE	CODEGEN-FAIL	CODEGEN-FAIL: [E_D78_MODULE_PATH_MISMATCH] module declaration does not match file path (D29 rev-3 + legacy)
nova_tests/plan91_fe1/composite_array_map_pos.nv	STALE	CODEGEN-FAIL	CODEGEN-FAIL: \\?\D:\Sources\nv-lang\nova-198\nova_tests\plan91_fe1\vec_chain_pos.nv:7:12: error: [E7320] no field or method `filter` on type `Vec`
nova_tests/plan91_fe1/hashmap_pos.nv	STALE	CODEGEN-FAIL	CODEGEN-FAIL: \\?\D:\Sources\nv-lang\nova-198\nova_tests\plan91_fe1\vec_chain_pos.nv:7:12: error: [E7320] no field or method `filter` on type `Vec`
nova_tests/plan91_fe1/method_turbofish_pos.nv	STALE	CODEGEN-FAIL	CODEGEN-FAIL: \\?\D:\Sources\nv-lang\nova-198\nova_tests\plan91_fe1\vec_chain_pos.nv:7:12: error: [E7320] no field or method `filter` on type `Vec`
nova_tests/plan91_fe1/neg/composite_array_edge.nv	STALE	CODEGEN-FAIL	CODEGEN-FAIL: codegen error: anonymous record literal: expected struct 'Vec____Nova_T_p' not in record_schemas
nova_tests/plan91_fe1/neg/vec_edge_paths.nv	MIGRATE	PASS	compiles+passes; target spec_tests/conformance (language-feature test) unless std-module-shaped
nova_tests/plan91_fe1/set_from_iter_pos.nv	STALE	CODEGEN-FAIL	CODEGEN-FAIL: \\?\D:\Sources\nv-lang\nova-198\nova_tests\plan91_fe1\vec_chain_pos.nv:7:12: error: [E7320] no field or method `filter` on type `Vec`
nova_tests/plan91_fe1/set_pos.nv	STALE	CODEGEN-FAIL	CODEGEN-FAIL: \\?\D:\Sources\nv-lang\nova-198\nova_tests\plan91_fe1\vec_chain_pos.nv:7:12: error: [E7320] no field or method `filter` on type `Vec`
nova_tests/plan91_fe1/vec_chain_pos.nv	STALE	CODEGEN-FAIL	CODEGEN-FAIL: \\?\D:\Sources\nv-lang\nova-198\nova_tests\plan91_fe1\vec_chain_pos.nv:7:12: error: [E7320] no field or method `filter` on type `Vec`
nova_tests/plan91_fe1/vec_combinators_pos.nv	STALE	CODEGEN-FAIL	CODEGEN-FAIL: \\?\D:\Sources\nv-lang\nova-198\nova_tests\plan91_fe1\vec_chain_pos.nv:7:12: error: [E7320] no field or method `filter` on type `Vec`
nova_tests/plan91_fe1/vec_fold_pos.nv	STALE	CODEGEN-FAIL	CODEGEN-FAIL: \\?\D:\Sources\nv-lang\nova-198\nova_tests\plan91_fe1\vec_chain_pos.nv:7:12: error: [E7320] no field or method `filter` on type `Vec`
nova_tests/plan91_fe2/neg/parse_int_empty_err.nv	MIGRATE	PASS	compiles+passes; target spec_tests/conformance (language-feature test) unless std-module-shaped
nova_tests/plan91_fe2/neg/parse_int_invalid_digit_err.nv	MIGRATE	PASS	compiles+passes; target spec_tests/conformance (language-feature test) unless std-module-shaped
nova_tests/plan91_fe2/neg/parse_int_invalid_radix_err.nv	MIGRATE	PASS	compiles+passes; target spec_tests/conformance (language-feature test) unless std-module-shaped
nova_tests/plan91_fe2/neg/parse_int_overflow_err.nv	MIGRATE	PASS	compiles+passes; target spec_tests/conformance (language-feature test) unless std-module-shaped
nova_tests/plan91_fe2/parse_int_binary_ok.nv	MIGRATE	PASS	compiles+passes; target spec_tests/conformance (language-feature test) unless std-module-shaped
nova_tests/plan91_fe2/parse_int_consistent_ok.nv	MIGRATE	PASS	compiles+passes; target spec_tests/conformance (language-feature test) unless std-module-shaped
nova_tests/plan91_fe2/parse_int_decimal_ok.nv	MIGRATE	PASS	compiles+passes; target spec_tests/conformance (language-feature test) unless std-module-shaped
nova_tests/plan91_fe2/parse_int_hex_ok.nv	MIGRATE	PASS	compiles+passes; target spec_tests/conformance (language-feature test) unless std-module-shaped
nova_tests/plan91_fe2/parse_int_radix36_ok.nv	MIGRATE	PASS	compiles+passes; target spec_tests/conformance (language-feature test) unless std-module-shaped
nova_tests/plan91_fe2/parse_int_signed_ok.nv	MIGRATE	PASS	compiles+passes; target spec_tests/conformance (language-feature test) unless std-module-shaped
nova_tests/plan91_fe4/duration_budget_pipeline.nv	STALE	CODEGEN-FAIL	CODEGEN-FAIL: \\?\D:\Sources\nv-lang\nova-198\nova_tests\plan91_fe4\timestamp_deadline_and_elapsed.nv:38:12: error: [E7320] no field or method `as_secs` on type `Timestamp`
nova_tests/plan91_fe4/duration_signed_and_scale.nv	STALE	CODEGEN-FAIL	CODEGEN-FAIL: \\?\D:\Sources\nv-lang\nova-198\nova_tests\plan91_fe4\timestamp_deadline_and_elapsed.nv:38:12: error: [E7320] no field or method `as_secs` on type `Timestamp`
nova_tests/plan91_fe4/geometry_distance_and_angle.nv	STALE	CODEGEN-FAIL	CODEGEN-FAIL: \\?\D:\Sources\nv-lang\nova-198\nova_tests\plan91_fe4\timestamp_deadline_and_elapsed.nv:38:12: error: [E7320] no field or method `as_secs` on type `Timestamp`
nova_tests/plan91_fe4/logarithm_and_exponential.nv	STALE	CODEGEN-FAIL	CODEGEN-FAIL: \\?\D:\Sources\nv-lang\nova-198\nova_tests\plan91_fe4\timestamp_deadline_and_elapsed.nv:38:12: error: [E7320] no field or method `as_secs` on type `Timestamp`
nova_tests/plan91_fe4/neg/edge_and_error_paths.nv	STALE	CC-FAIL	CC-FAIL: D:\Sources\nv-lang\nova-198\nova_tests/plan91_fe4\neg\edge_and_error_paths.c:8954:72: error: too few arguments to function call, expected 2, have 1 |  8954 |     (void)((nova_assert_loc((Nova_Nova_Vec____nova...
nova_tests/plan91_fe4/rounding_and_special_values.nv	STALE	CODEGEN-FAIL	CODEGEN-FAIL: \\?\D:\Sources\nv-lang\nova-198\nova_tests\plan91_fe4\timestamp_deadline_and_elapsed.nv:38:12: error: [E7320] no field or method `as_secs` on type `Timestamp`
nova_tests/plan91_fe4/sort_aggregate_pipeline.nv	STALE	CODEGEN-FAIL	CODEGEN-FAIL: \\?\D:\Sources\nv-lang\nova-198\nova_tests\plan91_fe4\timestamp_deadline_and_elapsed.nv:38:12: error: [E7320] no field or method `as_secs` on type `Timestamp`
nova_tests/plan91_fe4/sort_duration_handler_guard.nv	STALE	CODEGEN-FAIL	CODEGEN-FAIL: \\?\D:\Sources\nv-lang\nova-198\nova_tests\plan91_fe4\timestamp_deadline_and_elapsed.nv:38:12: error: [E7320] no field or method `as_secs` on type `Timestamp`
nova_tests/plan91_fe4/timestamp_deadline_and_elapsed.nv	STALE	CODEGEN-FAIL	CODEGEN-FAIL: \\?\D:\Sources\nv-lang\nova-198\nova_tests\plan91_fe4\timestamp_deadline_and_elapsed.nv:38:12: error: [E7320] no field or method `as_secs` on type `Timestamp`
nova_tests/plan91_fe4/trig_unit_circle.nv	STALE	CODEGEN-FAIL	CODEGEN-FAIL: \\?\D:\Sources\nv-lang\nova-198\nova_tests\plan91_fe4\timestamp_deadline_and_elapsed.nv:38:12: error: [E7320] no field or method `as_secs` on type `Timestamp`
nova_tests/plan91_fe5/hashmap_realistic.nv	MIGRATE	PASS	compiles+passes; target spec_tests/conformance (language-feature test) unless std-module-shaped
nova_tests/plan91_fe5/hashset_realistic.nv	MIGRATE	PASS	compiles+passes; target spec_tests/conformance (language-feature test) unless std-module-shaped
nova_tests/plan91_fe5/sort_realistic.nv	MIGRATE	PASS	compiles+passes; target spec_tests/conformance (language-feature test) unless std-module-shaped
nova_tests/plan91_fe5/text_realistic.nv	MIGRATE	PASS	compiles+passes; target spec_tests/conformance (language-feature test) unless std-module-shaped
nova_tests/plan91_fe5/vec_realistic.nv	MIGRATE	PASS	compiles+passes; target spec_tests/conformance (language-feature test) unless std-module-shaped
nova_tests/plan95/neg/option_method_undefined_body_fail.nv	MIGRATE	PASS	compiles+passes; target spec_tests/conformance (language-feature test) unless std-module-shaped
nova_tests/plan95/option_in_generic_fn.nv	MIGRATE	PASS	compiles+passes; target spec_tests/conformance (language-feature test) unless std-module-shaped
nova_tests/plan95/option_predicates_migrated.nv	MIGRATE	PASS	compiles+passes; target spec_tests/conformance (language-feature test) unless std-module-shaped
nova_tests/plan95/probe_option_method_nova_body.nv	MIGRATE	PASS	compiles+passes; target spec_tests/conformance (language-feature test) unless std-module-shaped
nova_tests/plan95/probe_result_method_nova_body.nv	MIGRATE	PASS	compiles+passes; target spec_tests/conformance (language-feature test) unless std-module-shaped
nova_tests/plan95/result_predicates_migrated.nv	MIGRATE	PASS	compiles+passes; target spec_tests/conformance (language-feature test) unless std-module-shaped
nova_tests/plan95bis/neg/unwrap_or_wrong_arg_type_neg.nv	MIGRATE	PASS	compiles+passes; target spec_tests/conformance (language-feature test) unless std-module-shaped
nova_tests/plan95bis/option_or_migrated.nv	STALE	CC-FAIL	CC-FAIL: D:\Sources\nv-lang\nova-198\nova_tests/plan95bis\option_or_migrated.c:7087:129: error: member reference type 'nova_int' (aka 'long long') is not a pointer | D:\Sources\nv-lang\nova-198\nova_tests/plan95bis\op...
nova_tests/plan95bis/option_unwrap_or_migrated.nv	STALE	CC-FAIL	CC-FAIL: D:\Sources\nv-lang\nova-198\nova_tests/plan95bis\option_or_migrated.c:7087:129: error: member reference type 'nova_int' (aka 'long long') is not a pointer | D:\Sources\nv-lang\nova-198\nova_tests/plan95bis\op...
nova_tests/plan95bis/result_ok_err_migrated.nv	STALE	CC-FAIL	CC-FAIL: D:\Sources\nv-lang\nova-198\nova_tests/plan95bis\option_or_migrated.c:7087:129: error: member reference type 'nova_int' (aka 'long long') is not a pointer | D:\Sources\nv-lang\nova-198\nova_tests/plan95bis\op...
nova_tests/plan95bis/result_unwrap_or_migrated.nv	STALE	CC-FAIL	CC-FAIL: D:\Sources\nv-lang\nova-198\nova_tests/plan95bis\option_or_migrated.c:7087:129: error: member reference type 'nova_int' (aka 'long long') is not a pointer | D:\Sources\nv-lang\nova-198\nova_tests/plan95bis\op...
nova_tests/plan96/boundary_ok.nv	MIGRATE	PASS	compiles+passes; target spec_tests/conformance (language-feature test) unless std-module-shaped
nova_tests/plan96/neg/neg_range_open_in_for.nv	MIGRATE	PASS	compiles+passes; target spec_tests/conformance (language-feature test) unless std-module-shaped
nova_tests/plan96/neg/neg_range_open_in_let.nv	MIGRATE	PASS	compiles+passes; target spec_tests/conformance (language-feature test) unless std-module-shaped
nova_tests/plan96/neg_index_negative.nv	MIGRATE	PASS	compiles+passes; target spec_tests/conformance (language-feature test) unless std-module-shaped
nova_tests/plan96/neg_index_oob_read.nv	MIGRATE	PASS	compiles+passes; target spec_tests/conformance (language-feature test) unless std-module-shaped
nova_tests/plan96/neg_index_oob_write.nv	MIGRATE	PASS	compiles+passes; target spec_tests/conformance (language-feature test) unless std-module-shaped
nova_tests/plan96/neg_slice_a_gt_b.nv	MIGRATE	PASS	compiles+passes; target spec_tests/conformance (language-feature test) unless std-module-shaped
nova_tests/plan96/neg_slice_a_negative.nv	MIGRATE	PASS	compiles+passes; target spec_tests/conformance (language-feature test) unless std-module-shaped
nova_tests/plan96/neg_slice_oob_to.nv	MIGRATE	PASS	compiles+passes; target spec_tests/conformance (language-feature test) unless std-module-shaped
nova_tests/plan96/neg_str_slice_oob.nv	MIGRATE	PASS	compiles+passes; target spec_tests/conformance (language-feature test) unless std-module-shaped
nova_tests/plan96/range_closed_unchanged.nv	MIGRATE	PASS	compiles+passes; target spec_tests/conformance (language-feature test) unless std-module-shaped
nova_tests/plan96/slice_array_of_ranges.nv	MIGRATE	PASS	compiles+passes; target spec_tests/conformance (language-feature test) unless std-module-shaped
nova_tests/plan96/slice_basic.nv	MIGRATE	PASS	compiles+passes; target spec_tests/conformance (language-feature test) unless std-module-shaped
nova_tests/plan96/slice_byte_array.nv	MIGRATE	PASS	compiles+passes; target spec_tests/conformance (language-feature test) unless std-module-shaped
nova_tests/plan96/slice_function_passing.nv	MIGRATE	PASS	compiles+passes; target spec_tests/conformance (language-feature test) unless std-module-shaped
nova_tests/plan96/slice_gc_alive.nv	MIGRATE	PASS	compiles+passes; target spec_tests/conformance (language-feature test) unless std-module-shaped
nova_tests/plan96/slice_iter_for.nv	MIGRATE	PASS	compiles+passes; target spec_tests/conformance (language-feature test) unless std-module-shaped
nova_tests/plan96/slice_mut.nv	MIGRATE	PASS	compiles+passes; target spec_tests/conformance (language-feature test) unless std-module-shaped
nova_tests/plan96/slice_of_slice.nv	MIGRATE	PASS	compiles+passes; target spec_tests/conformance (language-feature test) unless std-module-shaped
nova_tests/plan96/slice_open_ended.nv	MIGRATE	PASS	compiles+passes; target spec_tests/conformance (language-feature test) unless std-module-shaped
nova_tests/plan96/slice_plan90_interop.nv	MIGRATE	PASS	compiles+passes; target spec_tests/conformance (language-feature test) unless std-module-shaped
nova_tests/plan96/slice_push_detaches.nv	MIGRATE	PASS	compiles+passes; target spec_tests/conformance (language-feature test) unless std-module-shaped
nova_tests/plan96/str_slice_basic.nv	MIGRATE	PASS	compiles+passes; target spec_tests/conformance (language-feature test) unless std-module-shaped
nova_tests/plan96_1/lint_no_view_push_no_warn.nv	MIGRATE	PASS	compiles+passes; target spec_tests/conformance (language-feature test) unless std-module-shaped
nova_tests/plan96_1/lint_view_no_push_no_warn.nv	MIGRATE	PASS	compiles+passes; target spec_tests/conformance (language-feature test) unless std-module-shaped
nova_tests/plan96_1/neg/lint_view_push_warns.nv	MIGRATE	PASS	compiles+passes; target spec_tests/conformance (language-feature test) unless std-module-shaped
nova_tests/plan97/neg/neg_anon_protocol_missing_method.nv	MIGRATE	PASS	compiles+passes; target spec_tests/conformance (language-feature test) unless std-module-shaped
nova_tests/plan97/neg/neg_dot_at_mixed.nv	MIGRATE	PASS	compiles+passes; target spec_tests/conformance (language-feature test) unless std-module-shaped
nova_tests/plan97/neg/neg_old_handler_keyword.nv	MIGRATE	PASS	compiles+passes; target spec_tests/conformance (language-feature test) unless std-module-shaped
nova_tests/plan97/neg/neg_protocol_lit_call_undefined.nv	MIGRATE	PASS	compiles+passes; target spec_tests/conformance (language-feature test) unless std-module-shaped
nova_tests/plan97/neg/neg_protocol_lit_missing_method.nv	MIGRATE	PASS	compiles+passes; target spec_tests/conformance (language-feature test) unless std-module-shaped
nova_tests/plan97/neg/neg_protocol_lit_static_method.nv	MIGRATE	PASS	compiles+passes; target spec_tests/conformance (language-feature test) unless std-module-shaped
nova_tests/plan97/neg/neg_protocol_lit_unknown.nv	MIGRATE	PASS	compiles+passes; target spec_tests/conformance (language-feature test) unless std-module-shaped
nova_tests/plan97/pos_anon_protocol_bound.nv	MIGRATE	PASS	compiles+passes; target spec_tests/conformance (language-feature test) unless std-module-shaped
nova_tests/plan97/pos_anon_protocol_param.nv	MIGRATE	PASS	compiles+passes; target spec_tests/conformance (language-feature test) unless std-module-shaped
nova_tests/plan97/pos_effect_literal_basic.nv	MIGRATE	PASS	compiles+passes; target spec_tests/conformance (language-feature test) unless std-module-shaped
nova_tests/plan97/pos_effect_type_alias.nv	MIGRATE	PASS	compiles+passes; target spec_tests/conformance (language-feature test) unless std-module-shaped
nova_tests/plan97/pos_from_with_dot.nv	MIGRATE	PASS	compiles+passes; target spec_tests/conformance (language-feature test) unless std-module-shaped
nova_tests/plan97/pos_protocol_lit_basic.nv	MIGRATE	PASS	compiles+passes; target spec_tests/conformance (language-feature test) unless std-module-shaped
nova_tests/plan97/pos_protocol_lit_capability_split.nv	MIGRATE	PASS	compiles+passes; target spec_tests/conformance (language-feature test) unless std-module-shaped
nova_tests/plan97/pos_protocol_lit_closure_capture.nv	MIGRATE	PASS	compiles+passes; target spec_tests/conformance (language-feature test) unless std-module-shaped
nova_tests/plan97/pos_protocol_lit_dispatch.nv	MIGRATE	PASS	compiles+passes; target spec_tests/conformance (language-feature test) unless std-module-shaped
nova_tests/plan97/pos_protocol_lit_gc_stress.nv	MIGRATE	PASS	compiles+passes; target spec_tests/conformance (language-feature test) unless std-module-shaped
nova_tests/plan97/pos_protocol_lit_method_name_shadowing.nv	MIGRATE	PASS	compiles+passes; target spec_tests/conformance (language-feature test) unless std-module-shaped
nova_tests/plan97/pos_protocol_lit_multi_method.nv	MIGRATE	PASS	compiles+passes; target spec_tests/conformance (language-feature test) unless std-module-shaped
nova_tests/plan97/pos_protocol_lit_nested.nv	MIGRATE	PASS	compiles+passes; target spec_tests/conformance (language-feature test) unless std-module-shaped
nova_tests/plan97/pos_protocol_lit_three_caps.nv	MIGRATE	PASS	compiles+passes; target spec_tests/conformance (language-feature test) unless std-module-shaped
nova_tests/plan97/pos_protocol_lit_with_anon_param.nv	MIGRATE	PASS	compiles+passes; target spec_tests/conformance (language-feature test) unless std-module-shaped
nova_tests/plan97/pos_user_protocol_static.nv	MIGRATE	PASS	compiles+passes; target spec_tests/conformance (language-feature test) unless std-module-shaped
nova_tests/plan98/neg/option_param_conflicting_neg.nv	MIGRATE	PASS	compiles+passes; target spec_tests/conformance (language-feature test) unless std-module-shaped
nova_tests/plan98/nested_option_inference.nv	MIGRATE	PASS	compiles+passes; target spec_tests/conformance (language-feature test) unless std-module-shaped
nova_tests/plan98/option_param_inference.nv	MIGRATE	PASS	compiles+passes; target spec_tests/conformance (language-feature test) unless std-module-shaped
nova_tests/plan98/result_param_inference.nv	MIGRATE	PASS	compiles+passes; target spec_tests/conformance (language-feature test) unless std-module-shaped
nova_tests/plan98/turbofish_still_works.nv	MIGRATE	PASS	compiles+passes; target spec_tests/conformance (language-feature test) unless std-module-shaped
nova_tests/plan99/_repro_str_closure.nv	MIGRATE	PASS	compiles+passes; target spec_tests/conformance (language-feature test) unless std-module-shaped
nova_tests/plan99/neg/option_map_wrong_closure_arity_neg.nv	blocked-by-nova-build-ICE	NORESULT	[P67-LEGACY] emit_c.rs:49553 Ident `y` not in var_types — Option.map(|x,y| ...) wrong-arity-closure EXPECT_COMPILE_ERROR fixture hits unannotated checker path
nova_tests/plan99/neg/option_ok_or_missing_arg_neg.nv	MIGRATE	PASS	compiles+passes; target spec_tests/conformance (language-feature test) unless std-module-shaped
nova_tests/plan99/option_map_migrated.nv	MIGRATE	PASS	compiles+passes; target spec_tests/conformance (language-feature test) unless std-module-shaped
nova_tests/plan99/option_ok_or_migrated.nv	MIGRATE	PASS	compiles+passes; target spec_tests/conformance (language-feature test) unless std-module-shaped
nova_tests/plan99/option_unwrap_or_else_migrated.nv	MIGRATE	PASS	compiles+passes; target spec_tests/conformance (language-feature test) unless std-module-shaped
nova_tests/plan99/plan99_2_ctor_option_ctor_in_body.nv	MIGRATE	PASS	compiles+passes; target spec_tests/conformance (language-feature test) unless std-module-shaped
nova_tests/plan99/plan99_2_ctor_result_ctor_in_body.nv	MIGRATE	PASS	compiles+passes; target spec_tests/conformance (language-feature test) unless std-module-shaped
nova_tests/plan99/plan99_probe_my_map_probe.nv	MIGRATE	PASS	compiles+passes; target spec_tests/conformance (language-feature test) unless std-module-shaped
nova_tests/plan99/result_map_err_migrated.nv	MIGRATE	PASS	compiles+passes; target spec_tests/conformance (language-feature test) unless std-module-shaped
nova_tests/plan99/result_map_migrated.nv	MIGRATE	PASS	compiles+passes; target spec_tests/conformance (language-feature test) unless std-module-shaped
nova_tests/plan99/result_unwrap_or_else_migrated.nv	MIGRATE	PASS	compiles+passes; target spec_tests/conformance (language-feature test) unless std-module-shaped
nova_tests/plan_parser_recsep/neg/neg_heap_no_comma.nv	MIGRATE	PASS	compiles+passes; target spec_tests/conformance (language-feature test) unless std-module-shaped
nova_tests/plan_parser_recsep/neg/neg_same_line_no_comma.nv	MIGRATE	PASS	compiles+passes; target spec_tests/conformance (language-feature test) unless std-module-shaped
nova_tests/plan_parser_recsep/pos_comma_inline.nv	MIGRATE	PASS	compiles+passes; target spec_tests/conformance (language-feature test) unless std-module-shaped
nova_tests/plan_parser_recsep/pos_newline_sep.nv	MIGRATE	PASS	compiles+passes; target spec_tests/conformance (language-feature test) unless std-module-shaped
nova_tests/plan_value_iter/iter_chain_no_malloc_pos.nv	MIGRATE	PASS	compiles+passes; target spec_tests/conformance (language-feature test) unless std-module-shaped
nova_tests/plan_value_iter/neg/vec_iter_ro_mut_neg.nv	MIGRATE	PASS	compiles+passes; target spec_tests/conformance (language-feature test) unless std-module-shaped
nova_tests/plan_value_iter/range_value_pos.nv	MIGRATE	PASS	compiles+passes; target spec_tests/conformance (language-feature test) unless std-module-shaped
nova_tests/plan_value_iter/vec_iter_value_pos.nv	MIGRATE	PASS	compiles+passes; target spec_tests/conformance (language-feature test) unless std-module-shaped
nova_tests/protocols/comparison/compare.nv	MIGRATE	PASS	compiles+passes; target spec_tests/conformance (language-feature test) unless std-module-shaped
nova_tests/protocols/comparison/display.nv	MIGRATE	PASS	compiles+passes; target spec_tests/conformance (language-feature test) unless std-module-shaped
nova_tests/protocols/comparison/equal.nv	MIGRATE	PASS	compiles+passes; target spec_tests/conformance (language-feature test) unless std-module-shaped
nova_tests/protocols/comparison/generic_bounds.nv	MIGRATE	PASS	compiles+passes; target spec_tests/conformance (language-feature test) unless std-module-shaped
nova_tests/protocols/comparison/hash.nv	MIGRATE	PASS	compiles+passes; target spec_tests/conformance (language-feature test) unless std-module-shaped
nova_tests/protocols/comparison/neg_no_impl.nv	MIGRATE	PASS	compiles+passes; target spec_tests/conformance (language-feature test) unless std-module-shaped
nova_tests/protocols/conversion/try_from_err.nv	MIGRATE	PASS	compiles+passes; target spec_tests/conformance (language-feature test) unless std-module-shaped
nova_tests/protocols/conversion/try_from_ok.nv	STALE	CC-FAIL	CC-FAIL: D:\Sources\nv-lang\nova-198\nova_tests/protocols\conversion\try_from_ok.c:7049:144: error: member reference type 'nova_int' (aka 'long long') is not a pointer | D:\Sources\nv-lang\nova-198\nova_tests/protocol...
nova_tests/protocols/conversion/try_into_test.nv	STALE	CC-FAIL	CC-FAIL: D:\Sources\nv-lang\nova-198\nova_tests/protocols\conversion\try_into_test.c:7068:144: error: member reference type 'nova_int' (aka 'long long') is not a pointer | 1 error generated.
nova_tests/protocols/iter/array_iter.nv	STALE	CODEGEN-FAIL	CODEGEN-FAIL: D:\Sources\nv-lang\nova-198\nova_tests/protocols\iter\array_iter.nv:43:33: error: [E_STR_NO_LEN] `str.len()` was retired (D249 lens model): a `str` has three diverging lengths, so length / element access...
nova_tests/protocols/iter/collect_generic.nv	MIGRATE	PASS	compiles+passes; target spec_tests/conformance (language-feature test) unless std-module-shaped
nova_tests/protocols/iter/custom_iter.nv	MIGRATE	PASS	compiles+passes; target spec_tests/conformance (language-feature test) unless std-module-shaped
nova_tests/protocols/iter/early_return.nv	MIGRATE	PASS	compiles+passes; target spec_tests/conformance (language-feature test) unless std-module-shaped
nova_tests/protocols/iter/empty_iter.nv	MIGRATE	PASS	compiles+passes; target spec_tests/conformance (language-feature test) unless std-module-shaped
nova_tests/protocols/iter/for_loop.nv	MIGRATE	PASS	compiles+passes; target spec_tests/conformance (language-feature test) unless std-module-shaped
nova_tests/protocols/iter/generic_bound.nv	MIGRATE	PASS	compiles+passes; target spec_tests/conformance (language-feature test) unless std-module-shaped
nova_tests/protocols/iter/neg_not_iter.nv	MIGRATE	PASS	compiles+passes; target spec_tests/conformance (language-feature test) unless std-module-shaped
nova_tests/protocols/iter/neg_not_iter2.nv	MIGRATE	PASS	compiles+passes; target spec_tests/conformance (language-feature test) unless std-module-shaped
nova_tests/protocols/iter/nested_iter.nv	MIGRATE	PASS	compiles+passes; target spec_tests/conformance (language-feature test) unless std-module-shaped
nova_tests/protocols/iter/str_iters.nv	MIGRATE	PASS	compiles+passes; target spec_tests/conformance (language-feature test) unless std-module-shaped
nova_tests/rebind/neg/rebind_double_consume_neg.nv	MIGRATE	PASS	compiles+passes; target spec_tests/conformance (language-feature test) unless std-module-shaped
nova_tests/rebind/neg/rebind_ro_over_live_consume_neg.nv	MIGRATE	PASS	compiles+passes; target spec_tests/conformance (language-feature test) unless std-module-shaped
nova_tests/rebind/neg/rebind_type_change_stale_neg.nv	MIGRATE	PASS	compiles+passes; target spec_tests/conformance (language-feature test) unless std-module-shaped
nova_tests/rebind/pos.nv	MIGRATE	PASS	compiles+passes; target spec_tests/conformance (language-feature test) unless std-module-shaped
nova_tests/recursive_mono/neg/value_record_self_include.nv	MIGRATE	PASS	compiles+passes; target spec_tests/conformance (language-feature test) unless std-module-shaped
nova_tests/recursive_mono/pos/enum_tree_result.nv	MIGRATE	PASS	compiles+passes; target spec_tests/conformance (language-feature test) unless std-module-shaped
nova_tests/recursive_mono/pos/option_self_linked_list.nv	MIGRATE	PASS	compiles+passes; target spec_tests/conformance (language-feature test) unless std-module-shaped
nova_tests/runtime/auto_derive.nv	STALE	CODEGEN-FAIL	CODEGEN-FAIL: codegen error: [E_UNKNOWN_STATIC_METHOD] `char.from(...)` — у примитива `char` нет статического метода `from`. Валидные static-методы (напр. `str.from`,...
nova_tests/runtime/builder_chaining.nv	STALE	CODEGEN-FAIL	CODEGEN-FAIL: codegen error: [E_UNKNOWN_STATIC_METHOD] `char.from(...)` — у примитива `char` нет статического метода `from`. Валидные static-методы (напр. `str.from`,...
nova_tests/runtime/channels.nv	STALE	CODEGEN-FAIL	CODEGEN-FAIL: codegen error: [E_UNKNOWN_STATIC_METHOD] `char.from(...)` — у примитива `char` нет статического метода `from`. Валидные static-методы (напр. `str.from`,...
nova_tests/runtime/clone_semantics.nv	STALE	CODEGEN-FAIL	CODEGEN-FAIL: codegen error: [E_UNKNOWN_STATIC_METHOD] `char.from(...)` — у примитива `char` нет статического метода `from`. Валидные static-методы (напр. `str.from`,...
nova_tests/runtime/error_runtime_error.nv	STALE	CODEGEN-FAIL	CODEGEN-FAIL: codegen error: [E_UNKNOWN_STATIC_METHOD] `char.from(...)` — у примитива `char` нет статического метода `from`. Валидные static-методы (напр. `str.from`,...
nova_tests/runtime/fibers_introspect.nv	STALE	CODEGEN-FAIL	CODEGEN-FAIL: codegen error: [E_UNKNOWN_STATIC_METHOD] `char.from(...)` — у примитива `char` нет статического метода `from`. Валидные static-методы (напр. `str.from`,...
nova_tests/runtime/from_into_basic.nv	STALE	CODEGEN-FAIL	CODEGEN-FAIL: codegen error: [E_UNKNOWN_STATIC_METHOD] `char.from(...)` — у примитива `char` нет статического метода `from`. Валидные static-методы (напр. `str.from`,...
nova_tests/runtime/gc_introspect.nv	STALE	CODEGEN-FAIL	CODEGEN-FAIL: codegen error: [E_UNKNOWN_STATIC_METHOD] `char.from(...)` — у примитива `char` нет статического метода `from`. Валидные static-методы (напр. `str.from`,...
nova_tests/runtime/libuv_link.nv	STALE	CODEGEN-FAIL	CODEGEN-FAIL: codegen error: [E_UNKNOWN_STATIC_METHOD] `char.from(...)` — у примитива `char` нет статического метода `from`. Валидные static-методы (напр. `str.from`,...
nova_tests/runtime/memory_growth.nv	STALE	CODEGEN-FAIL	CODEGEN-FAIL: codegen error: [E_UNKNOWN_STATIC_METHOD] `char.from(...)` — у примитива `char` нет статического метода `from`. Валидные static-методы (напр. `str.from`,...
nova_tests/runtime/panic_exit.nv	STALE	CODEGEN-FAIL	CODEGEN-FAIL: codegen error: [E_UNKNOWN_STATIC_METHOD] `char.from(...)` — у примитива `char` нет статического метода `from`. Валидные static-методы (напр. `str.from`,...
nova_tests/runtime/plus_operator.nv	STALE	CODEGEN-FAIL	CODEGEN-FAIL: codegen error: [E_UNKNOWN_STATIC_METHOD] `char.from(...)` — у примитива `char` нет статического метода `from`. Валидные static-методы (напр. `str.from`,...
nova_tests/runtime/read_buffer.nv	STALE	CODEGEN-FAIL	CODEGEN-FAIL: codegen error: [E_UNKNOWN_STATIC_METHOD] `char.from(...)` — у примитива `char` нет статического метода `from`. Валидные static-методы (напр. `str.from`,...
nova_tests/runtime/read_text.nv	STALE	CODEGEN-FAIL	CODEGEN-FAIL: codegen error: [E_UNKNOWN_STATIC_METHOD] `char.from(...)` — у примитива `char` нет статического метода `from`. Валидные static-методы (напр. `str.from`,...
nova_tests/runtime/result_methods.nv	STALE	CODEGEN-FAIL	CODEGEN-FAIL: codegen error: [E_UNKNOWN_STATIC_METHOD] `char.from(...)` — у примитива `char` нет статического метода `from`. Валидные static-методы (напр. `str.from`,...
nova_tests/runtime/runtime_init.nv	STALE	CODEGEN-FAIL	CODEGEN-FAIL: codegen error: [E_UNKNOWN_STATIC_METHOD] `char.from(...)` — у примитива `char` нет статического метода `from`. Валидные static-методы (напр. `str.from`,...
nova_tests/runtime/unwrap_or.nv	STALE	CODEGEN-FAIL	CODEGEN-FAIL: codegen error: [E_UNKNOWN_STATIC_METHOD] `char.from(...)` — у примитива `char` нет статического метода `from`. Валидные static-методы (напр. `str.from`,...
nova_tests/runtime/write_buffer.nv	STALE	CODEGEN-FAIL	CODEGEN-FAIL: codegen error: [E_UNKNOWN_STATIC_METHOD] `char.from(...)` — у примитива `char` нет статического метода `from`. Валидные static-методы (напр. `str.from`,...
nova_tests/runtime_panics/assert_static_fail.nv	MIGRATE	PASS	compiles+passes; target spec_tests/conformance (language-feature test) unless std-module-shaped
nova_tests/runtime_panics/contracts_assume_fail.nv	MIGRATE	PASS	compiles+passes; target spec_tests/conformance (language-feature test) unless std-module-shaped
nova_tests/runtime_panics/contracts_block_ensures_fail.nv	MIGRATE	PASS	compiles+passes; target spec_tests/conformance (language-feature test) unless std-module-shaped
nova_tests/runtime_panics/contracts_decreases_recursion_fail.nv	MIGRATE	PASS	compiles+passes; target spec_tests/conformance (language-feature test) unless std-module-shaped
nova_tests/runtime_panics/contracts_ensures_fail.nv	MIGRATE	PASS	compiles+passes; target spec_tests/conformance (language-feature test) unless std-module-shaped
nova_tests/runtime_panics/contracts_loop_invariant_fail.nv	MIGRATE	PASS	compiles+passes; target spec_tests/conformance (language-feature test) unless std-module-shaped
nova_tests/runtime_panics/contracts_loop_preentry_fail.nv	MIGRATE	PASS	compiles+passes; target spec_tests/conformance (language-feature test) unless std-module-shaped
nova_tests/runtime_panics/contracts_record_invariant_fail.nv	MIGRATE	PASS	compiles+passes; target spec_tests/conformance (language-feature test) unless std-module-shaped
nova_tests/runtime_panics/contracts_requires_fail.nv	MIGRATE	PASS	compiles+passes; target spec_tests/conformance (language-feature test) unless std-module-shaped
nova_tests/runtime_panics/f9_loop_decreases_fail.nv	MIGRATE	PASS	compiles+passes; target spec_tests/conformance (language-feature test) unless std-module-shaped
nova_tests/runtime_panics/f9_record_mut_invariant_fail.nv	MIGRATE	PASS	compiles+passes; target spec_tests/conformance (language-feature test) unless std-module-shaped
nova_tests/runtime_panics/panic_main.nv	MIGRATE	PASS	compiles+passes; target spec_tests/conformance (language-feature test) unless std-module-shaped
nova_tests/runtime_panics/supervised_precedence_panic_over_user.nv	MIGRATE	PASS	compiles+passes; target spec_tests/conformance (language-feature test) unless std-module-shaped
nova_tests/runtime_panics/with_fail_panic_not_swallowed.nv	MIGRATE	PASS	compiles+passes; target spec_tests/conformance (language-feature test) unless std-module-shaped
nova_tests/self_nested/neg/self_nested_arity_fail.nv	MIGRATE	PASS	compiles+passes; target spec_tests/conformance (language-feature test) unless std-module-shaped
nova_tests/self_nested/neg/self_no_receiver_fail.nv	MIGRATE	PASS	compiles+passes; target spec_tests/conformance (language-feature test) unless std-module-shaped
nova_tests/self_nested/repro.nv	MIGRATE	PASS	compiles+passes; target spec_tests/conformance (language-feature test) unless std-module-shaped
nova_tests/self_nested/repro_control.nv	MIGRATE	PASS	compiles+passes; target spec_tests/conformance (language-feature test) unless std-module-shaped
nova_tests/self_nested/repro_explicit.nv	MIGRATE	PASS	compiles+passes; target spec_tests/conformance (language-feature test) unless std-module-shaped
nova_tests/self_nested/repro_param.nv	MIGRATE	PASS	compiles+passes; target spec_tests/conformance (language-feature test) unless std-module-shaped
nova_tests/std_hygiene/neg_vec_priv_field_bare_access.nv	MIGRATE	PASS	compiles+passes; target spec_tests/conformance (language-feature test) unless std-module-shaped
nova_tests/std_hygiene/pos_vec_len_call_ok.nv	MIGRATE	PASS	compiles+passes; target spec_tests/conformance (language-feature test) unless std-module-shaped
nova_tests/str/char_at.nv	STALE	CODEGEN-FAIL	CODEGEN-FAIL: \\?\D:\Sources\nv-lang\nova-198\nova_tests\str\from_bytes_series.nv:12:12: error: [E_STR_NO_LEN] `str.len()` was retired (D249 lens model): a `str` has three diverging lengths, so length / element access...
nova_tests/str/char_at_oob.nv	STALE	CODEGEN-FAIL	CODEGEN-FAIL: \\?\D:\Sources\nv-lang\nova-198\nova_tests\str\from_bytes_series.nv:12:12: error: [E_STR_NO_LEN] `str.len()` was retired (D249 lens model): a `str` has three diverging lengths, so length / element access...
nova_tests/str/conversions_err.nv	STALE	CODEGEN-FAIL	CODEGEN-FAIL: \\?\D:\Sources\nv-lang\nova-198\nova_tests\str\from_bytes_series.nv:12:12: error: [E_STR_NO_LEN] `str.len()` was retired (D249 lens model): a `str` has three diverging lengths, so length / element access...
nova_tests/str/conversions_positive.nv	STALE	CODEGEN-FAIL	CODEGEN-FAIL: \\?\D:\Sources\nv-lang\nova-198\nova_tests\str\from_bytes_series.nv:12:12: error: [E_STR_NO_LEN] `str.len()` was retired (D249 lens model): a `str` has three diverging lengths, so length / element access...
nova_tests/str/from_bytes_series.nv	STALE	CODEGEN-FAIL	CODEGEN-FAIL: \\?\D:\Sources\nv-lang\nova-198\nova_tests\str\from_bytes_series.nv:12:12: error: [E_STR_NO_LEN] `str.len()` was retired (D249 lens model): a `str` has three diverging lengths, so length / element access...
nova_tests/str/interpolation_char.nv	STALE	CODEGEN-FAIL	CODEGEN-FAIL: \\?\D:\Sources\nv-lang\nova-198\nova_tests\str\from_bytes_series.nv:12:12: error: [E_STR_NO_LEN] `str.len()` was retired (D249 lens model): a `str` has three diverging lengths, so length / element access...
nova_tests/str/is_empty_hash.nv	STALE	CODEGEN-FAIL	CODEGEN-FAIL: \\?\D:\Sources\nv-lang\nova-198\nova_tests\str\from_bytes_series.nv:12:12: error: [E_STR_NO_LEN] `str.len()` was retired (D249 lens model): a `str` has three diverging lengths, so length / element access...
nova_tests/str/neg/neg_cast_int_as_str.nv	MIGRATE	PASS	compiles+passes; target spec_tests/conformance (language-feature test) unless std-module-shaped
nova_tests/str/neg/neg_cast_str_as_int.nv	MIGRATE	PASS	compiles+passes; target spec_tests/conformance (language-feature test) unless std-module-shaped
nova_tests/str/plan174_1_parse_truncation.nv	STALE	CODEGEN-FAIL	CODEGEN-FAIL: \\?\D:\Sources\nv-lang\nova-198\nova_tests\str\from_bytes_series.nv:12:12: error: [E_STR_NO_LEN] `str.len()` was retired (D249 lens model): a `str` has three diverging lengths, so length / element access...
nova_tests/str/slice_oob.nv	STALE	CODEGEN-FAIL	CODEGEN-FAIL: \\?\D:\Sources\nv-lang\nova-198\nova_tests\str\from_bytes_series.nv:12:12: error: [E_STR_NO_LEN] `str.len()` was retired (D249 lens model): a `str` has three diverging lengths, so length / element access...
nova_tests/str/split_edge.nv	STALE	CODEGEN-FAIL	CODEGEN-FAIL: \\?\D:\Sources\nv-lang\nova-198\nova_tests\str\from_bytes_series.nv:12:12: error: [E_STR_NO_LEN] `str.len()` was retired (D249 lens model): a `str` has three diverging lengths, so length / element access...
nova_tests/str/try_from_readonly.nv	STALE	CODEGEN-FAIL	CODEGEN-FAIL: \\?\D:\Sources\nv-lang\nova-198\nova_tests\str\from_bytes_series.nv:12:12: error: [E_STR_NO_LEN] `str.len()` was retired (D249 lens model): a `str` has three diverging lengths, so length / element access...
nova_tests/str/utf8_invalid.nv	STALE	CODEGEN-FAIL	CODEGEN-FAIL: \\?\D:\Sources\nv-lang\nova-198\nova_tests\str\from_bytes_series.nv:12:12: error: [E_STR_NO_LEN] `str.len()` was retired (D249 lens model): a `str` has three diverging lengths, so length / element access...
nova_tests/strings/neg/plan131_alloc_basic_pos.nv	STALE	CODEGEN-FAIL	CODEGEN-FAIL: codegen error: Plan 70 strict type propagation — 1 unique silent fallback site(s) detected:
nova_tests/strings/neg/plan131_alloc_outside_unsafe.nv	STALE	NEG-WRONG-MSG	NEG-WRONG-MSG: expected pattern 'E_UNSAFE_CALL_REQUIRES_WRAP' not found in: D:\Sources\nv-lang\nova-198\nova_tests/strings\neg\plan131_alloc_outside_unsafe.nv:15:10: error: [E_EXTERNAL_FN_RETRACTE
nova_tests/strings/neg/plan131_alloc_uncollectable_pos.nv	STALE	CODEGEN-FAIL	CODEGEN-FAIL: codegen error: Plan 70 strict type propagation — 1 unique silent fallback site(s) detected:
nova_tests/strings/neg/plan131_alloc_zero_init_pos.nv	STALE	CODEGEN-FAIL	CODEGEN-FAIL: codegen error: Plan 70 strict type propagation — 1 unique silent fallback site(s) detected:
nova_tests/strings/neg/plan131_ptr_arith_outside_unsafe.nv	MIGRATE	PASS	compiles+passes; target spec_tests/conformance (language-feature test) unless std-module-shaped
nova_tests/strings/neg/plan131_ptr_arith_pos.nv	STALE	CODEGEN-FAIL	CODEGEN-FAIL: codegen error: Plan 70 strict type propagation — 2 unique silent fallback site(s) detected:
nova_tests/strings/neg/plan131_ptr_arith_sub_pos.nv	STALE	CODEGEN-FAIL	CODEGEN-FAIL: codegen error: Plan 70 strict type propagation — 2 unique silent fallback site(s) detected:
nova_tests/strings/neg/plan131_ptr_cast_pos.nv	STALE	CODEGEN-FAIL	CODEGEN-FAIL: codegen error: Plan 70 strict type propagation — 1 unique silent fallback site(s) detected:
nova_tests/strings/neg/plan131_ptr_deref_write_outside_unsafe.nv	MIGRATE	PASS	compiles+passes; target spec_tests/conformance (language-feature test) unless std-module-shaped
nova_tests/strings/neg/plan131_ptr_deref_write_pos.nv	STALE	CODEGEN-FAIL	CODEGEN-FAIL: codegen error: Plan 70 strict type propagation — 1 unique silent fallback site(s) detected:
nova_tests/strings/neg/plan131_vec_clone_pos.nv	MIGRATE	PASS	compiles+passes; target spec_tests/conformance (language-feature test) unless std-module-shaped
nova_tests/strings/neg/plan131_vec_eq_pos.nv	MIGRATE	PASS	compiles+passes; target spec_tests/conformance (language-feature test) unless std-module-shaped
nova_tests/strings/neg/plan131_vec_insert_oob_neg.nv	MIGRATE	PASS	compiles+passes; target spec_tests/conformance (language-feature test) unless std-module-shaped
nova_tests/strings/neg/plan131_vec_iter_pos.nv	MIGRATE	PASS	compiles+passes; target spec_tests/conformance (language-feature test) unless std-module-shaped
nova_tests/strings/neg/plan131_vec_oob_get_neg.nv	MIGRATE	PASS	compiles+passes; target spec_tests/conformance (language-feature test) unless std-module-shaped
nova_tests/strings/neg/plan131_vec_remove_oob_neg.nv	MIGRATE	PASS	compiles+passes; target spec_tests/conformance (language-feature test) unless std-module-shaped
nova_tests/strings/neg/plan137_neg_old_names.nv	MIGRATE	PASS	compiles+passes; target spec_tests/conformance (language-feature test) unless std-module-shaped
nova_tests/strings/neg/plan137_p01_neg_protocol_renamed_hashable.nv	MIGRATE	PASS	compiles+passes; target spec_tests/conformance (language-feature test) unless std-module-shaped
nova_tests/strings/neg/plan137_p02_neg_protocol_renamed_equatable.nv	MIGRATE	PASS	compiles+passes; target spec_tests/conformance (language-feature test) unless std-module-shaped
nova_tests/strings/neg/plan137_p03_neg_protocol_renamed_comparable.nv	MIGRATE	PASS	compiles+passes; target spec_tests/conformance (language-feature test) unless std-module-shaped
nova_tests/strings/neg/plan137_p04_neg_protocol_renamed_cloneable.nv	MIGRATE	PASS	compiles+passes; target spec_tests/conformance (language-feature test) unless std-module-shaped
nova_tests/strings/neg/plan137_p05_neg_protocol_renamed_printable.nv	MIGRATE	PASS	compiles+passes; target spec_tests/conformance (language-feature test) unless std-module-shaped
nova_tests/strings/neg/plan137_p06_neg_protocol_renamed_debugprintable.nv	MIGRATE	PASS	compiles+passes; target spec_tests/conformance (language-feature test) unless std-module-shaped
nova_tests/strings/neg/plan139_1_neg_str_construct_direct.nv	MIGRATE	PASS	compiles+passes; target spec_tests/conformance (language-feature test) unless std-module-shaped
nova_tests/strings/neg/plan139_1_neg_str_priv_field.nv	MIGRATE	PASS	compiles+passes; target spec_tests/conformance (language-feature test) unless std-module-shaped
nova_tests/strings/neg/plan139_1_neg_str_ptr_write.nv	MIGRATE	PASS	compiles+passes; target spec_tests/conformance (language-feature test) unless std-module-shaped
nova_tests/strings/neg/plan139_2_byte_at_oob_high.nv	MIGRATE	PASS	compiles+passes; target spec_tests/conformance (language-feature test) unless std-module-shaped
nova_tests/strings/neg/plan139_2_byte_at_oob_neg.nv	MIGRATE	PASS	compiles+passes; target spec_tests/conformance (language-feature test) unless std-module-shaped
nova_tests/strings/neg/plan139_2_neg_concat_forge_result_outside.nv	MIGRATE	PASS	compiles+passes; target spec_tests/conformance (language-feature test) unless std-module-shaped
nova_tests/strings/neg/plan139_2_neg_split_view_construct_outside.nv	MIGRATE	PASS	compiles+passes; target spec_tests/conformance (language-feature test) unless std-module-shaped
nova_tests/strings/neg/plan139_2_neg_steal_use_after_consume.nv	STALE	NEG-NO-ERROR	NEG-NO-ERROR: expected `// EXPECT_COMPILE_ERROR D131` but codegen succeeded
nova_tests/strings/neg/plan139_neg_t0_str_len_field.nv	MIGRATE	PASS	compiles+passes; target spec_tests/conformance (language-feature test) unless std-module-shaped
nova_tests/strings/neg/plan139_neg_t1_byte_at_oob.nv	MIGRATE	PASS	compiles+passes; target spec_tests/conformance (language-feature test) unless std-module-shaped
nova_tests/strings/neg/plan139_neg_t4_cstr_embedded_nul.nv	MIGRATE	PASS	compiles+passes; target spec_tests/conformance (language-feature test) unless std-module-shaped
nova_tests/strings/neg/plan91_18_to_upper_import_gated.nv	MIGRATE	PASS	compiles+passes; target spec_tests/conformance (language-feature test) unless std-module-shaped
nova_tests/strings/neg/str_builder_neg_double_consume.nv	MIGRATE	PASS	compiles+passes; target spec_tests/conformance (language-feature test) unless std-module-shaped
nova_tests/strings/neg/str_builder_neg_use_after_consume.nv	MIGRATE	PASS	compiles+passes; target spec_tests/conformance (language-feature test) unless std-module-shaped
nova_tests/strings/plan131_vec_access_pos.nv	STALE	CODEGEN-FAIL	CODEGEN-FAIL: \\?\D:\Sources\nv-lang\nova-198\nova_tests\strings\plan139_1_str_lang_item_basic_ok.nv:16:12: error: [E_STR_NO_LEN] `str.len()` was retired (D249 lens model): a `str` has three diverging lengths, so leng...
nova_tests/strings/plan131_vec_basic_pos.nv	STALE	CODEGEN-FAIL	CODEGEN-FAIL: \\?\D:\Sources\nv-lang\nova-198\nova_tests\strings\plan139_1_str_lang_item_basic_ok.nv:16:12: error: [E_STR_NO_LEN] `str.len()` was retired (D249 lens model): a `str` has three diverging lengths, so leng...
nova_tests/strings/plan131_vec_bulk_pos.nv	STALE	CODEGEN-FAIL	CODEGEN-FAIL: \\?\D:\Sources\nv-lang\nova-198\nova_tests\strings\plan139_1_str_lang_item_basic_ok.nv:16:12: error: [E_STR_NO_LEN] `str.len()` was retired (D249 lens model): a `str` has three diverging lengths, so leng...
nova_tests/strings/plan131_vec_capacity_pos.nv	STALE	CODEGEN-FAIL	CODEGEN-FAIL: \\?\D:\Sources\nv-lang\nova-198\nova_tests\strings\plan139_1_str_lang_item_basic_ok.nv:16:12: error: [E_STR_NO_LEN] `str.len()` was retired (D249 lens model): a `str` has three diverging lengths, so leng...
nova_tests/strings/plan131_vec_debug_pos.nv	STALE	CODEGEN-FAIL	CODEGEN-FAIL: \\?\D:\Sources\nv-lang\nova-198\nova_tests\strings\plan139_1_str_lang_item_basic_ok.nv:16:12: error: [E_STR_NO_LEN] `str.len()` was retired (D249 lens model): a `str` has three diverging lengths, so leng...
nova_tests/strings/plan131_vec_from_pos.nv	STALE	CODEGEN-FAIL	CODEGEN-FAIL: \\?\D:\Sources\nv-lang\nova-198\nova_tests\strings\plan139_1_str_lang_item_basic_ok.nv:16:12: error: [E_STR_NO_LEN] `str.len()` was retired (D249 lens model): a `str` has three diverging lengths, so leng...
nova_tests/strings/plan131_vec_grow_pos.nv	STALE	CODEGEN-FAIL	CODEGEN-FAIL: \\?\D:\Sources\nv-lang\nova-198\nova_tests\strings\plan139_1_str_lang_item_basic_ok.nv:16:12: error: [E_STR_NO_LEN] `str.len()` was retired (D249 lens model): a `str` has three diverging lengths, so leng...
nova_tests/strings/plan131_vec_mutate_pos.nv	STALE	CODEGEN-FAIL	CODEGEN-FAIL: \\?\D:\Sources\nv-lang\nova-198\nova_tests\strings\plan139_1_str_lang_item_basic_ok.nv:16:12: error: [E_STR_NO_LEN] `str.len()` was retired (D249 lens model): a `str` has three diverging lengths, so leng...
nova_tests/strings/plan131_vec_nested_pos.nv	STALE	CODEGEN-FAIL	CODEGEN-FAIL: \\?\D:\Sources\nv-lang\nova-198\nova_tests\strings\plan139_1_str_lang_item_basic_ok.nv:16:12: error: [E_STR_NO_LEN] `str.len()` was retired (D249 lens model): a `str` has three diverging lengths, so leng...
nova_tests/strings/plan131_vec_option_elem_pos.nv	STALE	CODEGEN-FAIL	CODEGEN-FAIL: \\?\D:\Sources\nv-lang\nova-198\nova_tests\strings\plan139_1_str_lang_item_basic_ok.nv:16:12: error: [E_STR_NO_LEN] `str.len()` was retired (D249 lens model): a `str` has three diverging lengths, so leng...
nova_tests/strings/plan131_vec_record_elem_pos.nv	STALE	CODEGEN-FAIL	CODEGEN-FAIL: \\?\D:\Sources\nv-lang\nova-198\nova_tests\strings\plan139_1_str_lang_item_basic_ok.nv:16:12: error: [E_STR_NO_LEN] `str.len()` was retired (D249 lens model): a `str` has three diverging lengths, so leng...
nova_tests/strings/plan131_vec_tuple_elem_pos.nv	STALE	CODEGEN-FAIL	CODEGEN-FAIL: \\?\D:\Sources\nv-lang\nova-198\nova_tests\strings\plan139_1_str_lang_item_basic_ok.nv:16:12: error: [E_STR_NO_LEN] `str.len()` was retired (D249 lens model): a `str` has three diverging lengths, so leng...
nova_tests/strings/plan137_auto_derive.nv	STALE	CODEGEN-FAIL	CODEGEN-FAIL: \\?\D:\Sources\nv-lang\nova-198\nova_tests\strings\plan139_1_str_lang_item_basic_ok.nv:16:12: error: [E_STR_NO_LEN] `str.len()` was retired (D249 lens model): a `str` has three diverging lengths, so leng...
nova_tests/strings/plan137_basic_protocols.nv	STALE	CODEGEN-FAIL	CODEGEN-FAIL: \\?\D:\Sources\nv-lang\nova-198\nova_tests\strings\plan139_1_str_lang_item_basic_ok.nv:16:12: error: [E_STR_NO_LEN] `str.len()` was retired (D249 lens model): a `str` has three diverging lengths, so leng...
nova_tests/strings/plan137_generic_bounds.nv	STALE	CODEGEN-FAIL	CODEGEN-FAIL: \\?\D:\Sources\nv-lang\nova-198\nova_tests\strings\plan139_1_str_lang_item_basic_ok.nv:16:12: error: [E_STR_NO_LEN] `str.len()` was retired (D249 lens model): a `str` has three diverging lengths, so leng...
nova_tests/strings/plan137_p10_hash_protocol.nv	STALE	CODEGEN-FAIL	CODEGEN-FAIL: \\?\D:\Sources\nv-lang\nova-198\nova_tests\strings\plan139_1_str_lang_item_basic_ok.nv:16:12: error: [E_STR_NO_LEN] `str.len()` was retired (D249 lens model): a `str` has three diverging lengths, so leng...
nova_tests/strings/plan137_p11_equal_protocol.nv	STALE	CODEGEN-FAIL	CODEGEN-FAIL: \\?\D:\Sources\nv-lang\nova-198\nova_tests\strings\plan139_1_str_lang_item_basic_ok.nv:16:12: error: [E_STR_NO_LEN] `str.len()` was retired (D249 lens model): a `str` has three diverging lengths, so leng...
nova_tests/strings/plan137_p12_compare_protocol.nv	STALE	CODEGEN-FAIL	CODEGEN-FAIL: \\?\D:\Sources\nv-lang\nova-198\nova_tests\strings\plan139_1_str_lang_item_basic_ok.nv:16:12: error: [E_STR_NO_LEN] `str.len()` was retired (D249 lens model): a `str` has three diverging lengths, so leng...
nova_tests/strings/plan137_p13_clone_protocol.nv	STALE	CODEGEN-FAIL	CODEGEN-FAIL: \\?\D:\Sources\nv-lang\nova-198\nova_tests\strings\plan139_1_str_lang_item_basic_ok.nv:16:12: error: [E_STR_NO_LEN] `str.len()` was retired (D249 lens model): a `str` has three diverging lengths, so leng...
nova_tests/strings/plan137_p14_display_protocol.nv	STALE	CODEGEN-FAIL	CODEGEN-FAIL: \\?\D:\Sources\nv-lang\nova-198\nova_tests\strings\plan139_1_str_lang_item_basic_ok.nv:16:12: error: [E_STR_NO_LEN] `str.len()` was retired (D249 lens model): a `str` has three diverging lengths, so leng...
nova_tests/strings/plan137_p15_debug_protocol.nv	STALE	CODEGEN-FAIL	CODEGEN-FAIL: \\?\D:\Sources\nv-lang\nova-198\nova_tests\strings\plan139_1_str_lang_item_basic_ok.nv:16:12: error: [E_STR_NO_LEN] `str.len()` was retired (D249 lens model): a `str` has three diverging lengths, so leng...
nova_tests/strings/plan139_1_str_lang_item_basic_ok.nv	STALE	CODEGEN-FAIL	CODEGEN-FAIL: \\?\D:\Sources\nv-lang\nova-198\nova_tests\strings\plan139_1_str_lang_item_basic_ok.nv:16:12: error: [E_STR_NO_LEN] `str.len()` was retired (D249 lens model): a `str` has three diverging lengths, so leng...
nova_tests/strings/plan139_2_block_expr_value_type_ok.nv	STALE	CODEGEN-FAIL	CODEGEN-FAIL: \\?\D:\Sources\nv-lang\nova-198\nova_tests\strings\plan139_1_str_lang_item_basic_ok.nv:16:12: error: [E_STR_NO_LEN] `str.len()` was retired (D249 lens model): a `str` has three diverging lengths, so leng...
nova_tests/strings/plan139_2_byte_at_ok.nv	STALE	CODEGEN-FAIL	CODEGEN-FAIL: \\?\D:\Sources\nv-lang\nova-198\nova_tests\strings\plan139_1_str_lang_item_basic_ok.nv:16:12: error: [E_STR_NO_LEN] `str.len()` was retired (D249 lens model): a `str` has three diverging lengths, so leng...
nova_tests/strings/plan139_2_compare_ok.nv	STALE	CODEGEN-FAIL	CODEGEN-FAIL: \\?\D:\Sources\nv-lang\nova-198\nova_tests\strings\plan139_1_str_lang_item_basic_ok.nv:16:12: error: [E_STR_NO_LEN] `str.len()` was retired (D249 lens model): a `str` has three diverging lengths, so leng...
nova_tests/strings/plan139_2_concat_ok.nv	STALE	CODEGEN-FAIL	CODEGEN-FAIL: \\?\D:\Sources\nv-lang\nova-198\nova_tests\strings\plan139_1_str_lang_item_basic_ok.nv:16:12: error: [E_STR_NO_LEN] `str.len()` was retired (D249 lens model): a `str` has three diverging lengths, so leng...
nova_tests/strings/plan139_2_from_bytes_ok.nv	STALE	CODEGEN-FAIL	CODEGEN-FAIL: \\?\D:\Sources\nv-lang\nova-198\nova_tests\strings\plan139_1_str_lang_item_basic_ok.nv:16:12: error: [E_STR_NO_LEN] `str.len()` was retired (D249 lens model): a `str` has three diverging lengths, so leng...
nova_tests/strings/plan139_2_len_ok.nv	STALE	CODEGEN-FAIL	CODEGEN-FAIL: \\?\D:\Sources\nv-lang\nova-198\nova_tests\strings\plan139_1_str_lang_item_basic_ok.nv:16:12: error: [E_STR_NO_LEN] `str.len()` was retired (D249 lens model): a `str` has three diverging lengths, so leng...
nova_tests/strings/plan139_2_operator_str_ok.nv	STALE	CODEGEN-FAIL	CODEGEN-FAIL: \\?\D:\Sources\nv-lang\nova-198\nova_tests\strings\plan139_1_str_lang_item_basic_ok.nv:16:12: error: [E_STR_NO_LEN] `str.len()` was retired (D249 lens model): a `str` has three diverging lengths, so leng...
nova_tests/strings/plan139_2_split_ok.nv	STALE	CODEGEN-FAIL	CODEGEN-FAIL: \\?\D:\Sources\nv-lang\nova-198\nova_tests\strings\plan139_1_str_lang_item_basic_ok.nv:16:12: error: [E_STR_NO_LEN] `str.len()` was retired (D249 lens model): a `str` has three diverging lengths, so leng...
nova_tests/strings/plan139_neg_t1_char_at_oob.nv	STALE	CODEGEN-FAIL	CODEGEN-FAIL: \\?\D:\Sources\nv-lang\nova-198\nova_tests\strings\plan139_1_str_lang_item_basic_ok.nv:16:12: error: [E_STR_NO_LEN] `str.len()` was retired (D249 lens model): a `str` has three diverging lengths, so leng...
nova_tests/strings/plan139_neg_t2_as_bytes_mutate.nv	STALE	CODEGEN-FAIL	CODEGEN-FAIL: \\?\D:\Sources\nv-lang\nova-198\nova_tests\strings\plan139_1_str_lang_item_basic_ok.nv:16:12: error: [E_STR_NO_LEN] `str.len()` was retired (D249 lens model): a `str` has three diverging lengths, so leng...
nova_tests/strings/plan139_neg_t3_hashmap_miss.nv	STALE	CODEGEN-FAIL	CODEGEN-FAIL: \\?\D:\Sources\nv-lang\nova-198\nova_tests\strings\plan139_1_str_lang_item_basic_ok.nv:16:12: error: [E_STR_NO_LEN] `str.len()` was retired (D249 lens model): a `str` has three diverging lengths, so leng...
nova_tests/strings/plan139_neg_t3_ne_different_bytes.nv	STALE	CODEGEN-FAIL	CODEGEN-FAIL: \\?\D:\Sources\nv-lang\nova-198\nova_tests\strings\plan139_1_str_lang_item_basic_ok.nv:16:12: error: [E_STR_NO_LEN] `str.len()` was retired (D249 lens model): a `str` has three diverging lengths, so leng...
nova_tests/strings/plan139_neg_t6_intern_no_aliasing_bug.nv	STALE	CODEGEN-FAIL	CODEGEN-FAIL: \\?\D:\Sources\nv-lang\nova-198\nova_tests\strings\plan139_1_str_lang_item_basic_ok.nv:16:12: error: [E_STR_NO_LEN] `str.len()` was retired (D249 lens model): a `str` has three diverging lengths, so leng...
nova_tests/strings/plan139_t0_str_concat_gate.nv	STALE	CODEGEN-FAIL	CODEGEN-FAIL: \\?\D:\Sources\nv-lang\nova-198\nova_tests\strings\plan139_1_str_lang_item_basic_ok.nv:16:12: error: [E_STR_NO_LEN] `str.len()` was retired (D249 lens model): a `str` has three diverging lengths, so leng...
nova_tests/strings/plan139_t0_str_empty.nv	STALE	CODEGEN-FAIL	CODEGEN-FAIL: \\?\D:\Sources\nv-lang\nova-198\nova_tests\strings\plan139_1_str_lang_item_basic_ok.nv:16:12: error: [E_STR_NO_LEN] `str.len()` was retired (D249 lens model): a `str` has three diverging lengths, so leng...
nova_tests/strings/plan139_t0_str_interp.nv	STALE	CODEGEN-FAIL	CODEGEN-FAIL: \\?\D:\Sources\nv-lang\nova-198\nova_tests\strings\plan139_1_str_lang_item_basic_ok.nv:16:12: error: [E_STR_NO_LEN] `str.len()` was retired (D249 lens model): a `str` has three diverging lengths, so leng...
nova_tests/strings/plan139_t0_str_literal.nv	STALE	CODEGEN-FAIL	CODEGEN-FAIL: \\?\D:\Sources\nv-lang\nova-198\nova_tests\strings\plan139_1_str_lang_item_basic_ok.nv:16:12: error: [E_STR_NO_LEN] `str.len()` was retired (D249 lens model): a `str` has three diverging lengths, so leng...
nova_tests/strings/plan139_t0_str_pass_byvalue.nv	STALE	CODEGEN-FAIL	CODEGEN-FAIL: \\?\D:\Sources\nv-lang\nova-198\nova_tests\strings\plan139_1_str_lang_item_basic_ok.nv:16:12: error: [E_STR_NO_LEN] `str.len()` was retired (D249 lens model): a `str` has three diverging lengths, so leng...
nova_tests/strings/plan139_t1_byte_at.nv	STALE	CODEGEN-FAIL	CODEGEN-FAIL: \\?\D:\Sources\nv-lang\nova-198\nova_tests\strings\plan139_1_str_lang_item_basic_ok.nv:16:12: error: [E_STR_NO_LEN] `str.len()` was retired (D249 lens model): a `str` has three diverging lengths, so leng...
nova_tests/strings/plan139_t1_case.nv	STALE	CODEGEN-FAIL	CODEGEN-FAIL: \\?\D:\Sources\nv-lang\nova-198\nova_tests\strings\plan139_1_str_lang_item_basic_ok.nv:16:12: error: [E_STR_NO_LEN] `str.len()` was retired (D249 lens model): a `str` has three diverging lengths, so leng...
nova_tests/strings/plan139_t1_char_at_utf8.nv	STALE	CODEGEN-FAIL	CODEGEN-FAIL: \\?\D:\Sources\nv-lang\nova-198\nova_tests\strings\plan139_1_str_lang_item_basic_ok.nv:16:12: error: [E_STR_NO_LEN] `str.len()` was retired (D249 lens model): a `str` has three diverging lengths, so leng...
nova_tests/strings/plan139_t1_char_len_utf8.nv	STALE	CODEGEN-FAIL	CODEGEN-FAIL: \\?\D:\Sources\nv-lang\nova-198\nova_tests\strings\plan139_1_str_lang_item_basic_ok.nv:16:12: error: [E_STR_NO_LEN] `str.len()` was retired (D249 lens model): a `str` has three diverging lengths, so leng...
nova_tests/strings/plan139_t1_compare_ordering.nv	STALE	CODEGEN-FAIL	CODEGEN-FAIL: \\?\D:\Sources\nv-lang\nova-198\nova_tests\strings\plan139_1_str_lang_item_basic_ok.nv:16:12: error: [E_STR_NO_LEN] `str.len()` was retired (D249 lens model): a `str` has three diverging lengths, so leng...
nova_tests/strings/plan139_t1_concat.nv	STALE	CODEGEN-FAIL	CODEGEN-FAIL: \\?\D:\Sources\nv-lang\nova-198\nova_tests\strings\plan139_1_str_lang_item_basic_ok.nv:16:12: error: [E_STR_NO_LEN] `str.len()` was retired (D249 lens model): a `str` has three diverging lengths, so leng...
nova_tests/strings/plan139_t1_find_rfind.nv	STALE	CODEGEN-FAIL	CODEGEN-FAIL: \\?\D:\Sources\nv-lang\nova-198\nova_tests\strings\plan139_1_str_lang_item_basic_ok.nv:16:12: error: [E_STR_NO_LEN] `str.len()` was retired (D249 lens model): a `str` has three diverging lengths, so leng...
nova_tests/strings/plan139_t1_starts_ends_contains.nv	STALE	CODEGEN-FAIL	CODEGEN-FAIL: \\?\D:\Sources\nv-lang\nova-198\nova_tests\strings\plan139_1_str_lang_item_basic_ok.nv:16:12: error: [E_STR_NO_LEN] `str.len()` was retired (D249 lens model): a `str` has three diverging lengths, so leng...
nova_tests/strings/plan139_t1_trim.nv	STALE	CODEGEN-FAIL	CODEGEN-FAIL: \\?\D:\Sources\nv-lang\nova-198\nova_tests\strings\plan139_1_str_lang_item_basic_ok.nv:16:12: error: [E_STR_NO_LEN] `str.len()` was retired (D249 lens model): a `str` has three diverging lengths, so leng...
nova_tests/strings/plan139_t2_to_bytes_roundtrip.nv	STALE	CODEGEN-FAIL	CODEGEN-FAIL: \\?\D:\Sources\nv-lang\nova-198\nova_tests\strings\plan139_1_str_lang_item_basic_ok.nv:16:12: error: [E_STR_NO_LEN] `str.len()` was retired (D249 lens model): a `str` has three diverging lengths, so leng...
nova_tests/strings/plan139_t2_to_chars.nv	STALE	CODEGEN-FAIL	CODEGEN-FAIL: \\?\D:\Sources\nv-lang\nova-198\nova_tests\strings\plan139_1_str_lang_item_basic_ok.nv:16:12: error: [E_STR_NO_LEN] `str.len()` was retired (D249 lens model): a `str` has three diverging lengths, so leng...
nova_tests/strings/plan139_t3_clone_independent.nv	STALE	CODEGEN-FAIL	CODEGEN-FAIL: \\?\D:\Sources\nv-lang\nova-198\nova_tests\strings\plan139_1_str_lang_item_basic_ok.nv:16:12: error: [E_STR_NO_LEN] `str.len()` was retired (D249 lens model): a `str` has three diverging lengths, so leng...
nova_tests/strings/plan139_t3_eq_distinct_buffers.nv	STALE	CODEGEN-FAIL	CODEGEN-FAIL: \\?\D:\Sources\nv-lang\nova-198\nova_tests\strings\plan139_1_str_lang_item_basic_ok.nv:16:12: error: [E_STR_NO_LEN] `str.len()` was retired (D249 lens model): a `str` has three diverging lengths, so leng...
nova_tests/strings/plan139_t3_eq_literal_vs_built.nv	STALE	CODEGEN-FAIL	CODEGEN-FAIL: \\?\D:\Sources\nv-lang\nova-198\nova_tests\strings\plan139_1_str_lang_item_basic_ok.nv:16:12: error: [E_STR_NO_LEN] `str.len()` was retired (D249 lens model): a `str` has three diverging lengths, so leng...
nova_tests/strings/plan139_t3_hash_eq_consistency.nv	STALE	CODEGEN-FAIL	CODEGEN-FAIL: \\?\D:\Sources\nv-lang\nova-198\nova_tests\strings\plan139_1_str_lang_item_basic_ok.nv:16:12: error: [E_STR_NO_LEN] `str.len()` was retired (D249 lens model): a `str` has three diverging lengths, so leng...
nova_tests/strings/plan139_t3_hashmap_str_key.nv	STALE	CODEGEN-FAIL	CODEGEN-FAIL: \\?\D:\Sources\nv-lang\nova-198\nova_tests\strings\plan139_1_str_lang_item_basic_ok.nv:16:12: error: [E_STR_NO_LEN] `str.len()` was retired (D249 lens model): a `str` has three diverging lengths, so leng...
nova_tests/strings/plan139_t4_ffi_roundtrip.nv	STALE	CODEGEN-FAIL	CODEGEN-FAIL: \\?\D:\Sources\nv-lang\nova-198\nova_tests\strings\plan139_1_str_lang_item_basic_ok.nv:16:12: error: [E_STR_NO_LEN] `str.len()` was retired (D249 lens model): a `str` has three diverging lengths, so leng...
nova_tests/strings/plan139_t4_from_cstr.nv	STALE	CODEGEN-FAIL	CODEGEN-FAIL: \\?\D:\Sources\nv-lang\nova-198\nova_tests\strings\plan139_1_str_lang_item_basic_ok.nv:16:12: error: [E_STR_NO_LEN] `str.len()` was retired (D249 lens model): a `str` has three diverging lengths, so leng...
nova_tests/strings/plan139_t4_slice_not_nul_terminated.nv	STALE	CODEGEN-FAIL	CODEGEN-FAIL: \\?\D:\Sources\nv-lang\nova-198\nova_tests\strings\plan139_1_str_lang_item_basic_ok.nv:16:12: error: [E_STR_NO_LEN] `str.len()` was retired (D249 lens model): a `str` has three diverging lengths, so leng...
nova_tests/strings/plan139_t4_to_cstr_ffi.nv	STALE	CODEGEN-FAIL	CODEGEN-FAIL: \\?\D:\Sources\nv-lang\nova-198\nova_tests\strings\plan139_1_str_lang_item_basic_ok.nv:16:12: error: [E_STR_NO_LEN] `str.len()` was retired (D249 lens model): a `str` has three diverging lengths, so leng...
nova_tests/strings/plan139_t6_intern_dedup.nv	STALE	CODEGEN-FAIL	CODEGEN-FAIL: \\?\D:\Sources\nv-lang\nova-198\nova_tests\strings\plan139_1_str_lang_item_basic_ok.nv:16:12: error: [E_STR_NO_LEN] `str.len()` was retired (D249 lens model): a `str` has three diverging lengths, so leng...
nova_tests/strings/plan139_t6_intern_eq_unaffected.nv	STALE	CODEGEN-FAIL	CODEGEN-FAIL: \\?\D:\Sources\nv-lang\nova-198\nova_tests\strings\plan139_1_str_lang_item_basic_ok.nv:16:12: error: [E_STR_NO_LEN] `str.len()` was retired (D249 lens model): a `str` has three diverging lengths, so leng...
nova_tests/strings/plan139_t6_intern_large.nv	STALE	CODEGEN-FAIL	CODEGEN-FAIL: \\?\D:\Sources\nv-lang\nova-198\nova_tests\strings\plan139_1_str_lang_item_basic_ok.nv:16:12: error: [E_STR_NO_LEN] `str.len()` was retired (D249 lens model): a `str` has three diverging lengths, so leng...
nova_tests/strings/plan91_18_ascii_rename.nv	STALE	CODEGEN-FAIL	CODEGEN-FAIL: \\?\D:\Sources\nv-lang\nova-198\nova_tests\strings\plan139_1_str_lang_item_basic_ok.nv:16:12: error: [E_STR_NO_LEN] `str.len()` was retired (D249 lens model): a `str` has three diverging lengths, so leng...
nova_tests/strings/plan91_18_case_methods.nv	STALE	CODEGEN-FAIL	CODEGEN-FAIL: \\?\D:\Sources\nv-lang\nova-198\nova_tests\strings\plan139_1_str_lang_item_basic_ok.nv:16:12: error: [E_STR_NO_LEN] `str.len()` was retired (D249 lens model): a `str` has three diverging lengths, so leng...
nova_tests/strings/plan91_18_char_overloads.nv	STALE	CODEGEN-FAIL	CODEGEN-FAIL: \\?\D:\Sources\nv-lang\nova-198\nova_tests\strings\plan139_1_str_lang_item_basic_ok.nv:16:12: error: [E_STR_NO_LEN] `str.len()` was retired (D249 lens model): a `str` has three diverging lengths, so leng...
nova_tests/strings/plan91_18_collate_doc.nv	STALE	CODEGEN-FAIL	CODEGEN-FAIL: \\?\D:\Sources\nv-lang\nova-198\nova_tests\strings\plan139_1_str_lang_item_basic_ok.nv:16:12: error: [E_STR_NO_LEN] `str.len()` was retired (D249 lens model): a `str` has three diverging lengths, so leng...
nova_tests/strings/plan91_18_join_buffered.nv	STALE	CODEGEN-FAIL	CODEGEN-FAIL: \\?\D:\Sources\nv-lang\nova-198\nova_tests\strings\plan139_1_str_lang_item_basic_ok.nv:16:12: error: [E_STR_NO_LEN] `str.len()` was retired (D249 lens model): a `str` has three diverging lengths, so leng...
nova_tests/strings/plan91_18_normalize_methods.nv	STALE	CODEGEN-FAIL	CODEGEN-FAIL: \\?\D:\Sources\nv-lang\nova-198\nova_tests\strings\plan139_1_str_lang_item_basic_ok.nv:16:12: error: [E_STR_NO_LEN] `str.len()` was retired (D249 lens model): a `str` has three diverging lengths, so leng...
nova_tests/strings/plan91_18_parse_int_convention.nv	STALE	CODEGEN-FAIL	CODEGEN-FAIL: \\?\D:\Sources\nv-lang\nova-198\nova_tests\strings\plan139_1_str_lang_item_basic_ok.nv:16:12: error: [E_STR_NO_LEN] `str.len()` was retired (D249 lens model): a `str` has three diverging lengths, so leng...
nova_tests/strings/plan91_18_rfind_fix.nv	STALE	CODEGEN-FAIL	CODEGEN-FAIL: \\?\D:\Sources\nv-lang\nova-198\nova_tests\strings\plan139_1_str_lang_item_basic_ok.nv:16:12: error: [E_STR_NO_LEN] `str.len()` was retired (D249 lens model): a `str` has three diverging lengths, so leng...
nova_tests/strings/plan91_18_sentences_is_empty_fix.nv	STALE	CODEGEN-FAIL	CODEGEN-FAIL: \\?\D:\Sources\nv-lang\nova-198\nova_tests\strings\plan139_1_str_lang_item_basic_ok.nv:16:12: error: [E_STR_NO_LEN] `str.len()` was retired (D249 lens model): a `str` has three diverging lengths, so leng...
nova_tests/strings/plan91_18_sentences_iter_lazy.nv	STALE	CODEGEN-FAIL	CODEGEN-FAIL: \\?\D:\Sources\nv-lang\nova-198\nova_tests\strings\plan139_1_str_lang_item_basic_ok.nv:16:12: error: [E_STR_NO_LEN] `str.len()` was retired (D249 lens model): a `str` has three diverging lengths, so leng...
nova_tests/strings/plan91_18_split_at.nv	STALE	CODEGEN-FAIL	CODEGEN-FAIL: \\?\D:\Sources\nv-lang\nova-198\nova_tests\strings\plan139_1_str_lang_item_basic_ok.nv:16:12: error: [E_STR_NO_LEN] `str.len()` was retired (D249 lens model): a `str` has three diverging lengths, so leng...
nova_tests/strings/plan91_18_split_empty_defined.nv	STALE	CODEGEN-FAIL	CODEGEN-FAIL: \\?\D:\Sources\nv-lang\nova-198\nova_tests\strings\plan139_1_str_lang_item_basic_ok.nv:16:12: error: [E_STR_NO_LEN] `str.len()` was retired (D249 lens model): a `str` has three diverging lengths, so leng...
nova_tests/strings/plan91_18_trim_ascii_fix.nv	STALE	CODEGEN-FAIL	CODEGEN-FAIL: \\?\D:\Sources\nv-lang\nova-198\nova_tests\strings\plan139_1_str_lang_item_basic_ok.nv:16:12: error: [E_STR_NO_LEN] `str.len()` was retired (D249 lens model): a `str` has three diverging lengths, so leng...
nova_tests/strings/plan91_18_unicode_trim.nv	STALE	CODEGEN-FAIL	CODEGEN-FAIL: \\?\D:\Sources\nv-lang\nova-198\nova_tests\strings\plan139_1_str_lang_item_basic_ok.nv:16:12: error: [E_STR_NO_LEN] `str.len()` was retired (D249 lens model): a `str` has three diverging lengths, so leng...
nova_tests/strings/plan91_18_words_iter_lazy.nv	STALE	CODEGEN-FAIL	CODEGEN-FAIL: \\?\D:\Sources\nv-lang\nova-198\nova_tests\strings\plan139_1_str_lang_item_basic_ok.nv:16:12: error: [E_STR_NO_LEN] `str.len()` was retired (D249 lens model): a `str` has three diverging lengths, so leng...
nova_tests/strings/str_builder_append_ops.nv	STALE	CODEGEN-FAIL	CODEGEN-FAIL: \\?\D:\Sources\nv-lang\nova-198\nova_tests\strings\plan139_1_str_lang_item_basic_ok.nv:16:12: error: [E_STR_NO_LEN] `str.len()` was retired (D249 lens model): a `str` has three diverging lengths, so leng...
nova_tests/strings/str_builder_clone.nv	STALE	CODEGEN-FAIL	CODEGEN-FAIL: \\?\D:\Sources\nv-lang\nova-198\nova_tests\strings\plan139_1_str_lang_item_basic_ok.nv:16:12: error: [E_STR_NO_LEN] `str.len()` was retired (D249 lens model): a `str` has three diverging lengths, so leng...
nova_tests/strings/str_builder_constructors.nv	STALE	CODEGEN-FAIL	CODEGEN-FAIL: \\?\D:\Sources\nv-lang\nova-198\nova_tests\strings\plan139_1_str_lang_item_basic_ok.nv:16:12: error: [E_STR_NO_LEN] `str.len()` was retired (D249 lens model): a `str` has three diverging lengths, so leng...
nova_tests/strings/str_builder_consume_test.nv	STALE	CODEGEN-FAIL	CODEGEN-FAIL: \\?\D:\Sources\nv-lang\nova-198\nova_tests\strings\plan139_1_str_lang_item_basic_ok.nv:16:12: error: [E_STR_NO_LEN] `str.len()` was retired (D249 lens model): a `str` has three diverging lengths, so leng...
nova_tests/strings/str_builder_inspection.nv	STALE	CODEGEN-FAIL	CODEGEN-FAIL: \\?\D:\Sources\nv-lang\nova-198\nova_tests\strings\plan139_1_str_lang_item_basic_ok.nv:16:12: error: [E_STR_NO_LEN] `str.len()` was retired (D249 lens model): a `str` has three diverging lengths, so leng...
nova_tests/strings/str_builder_metrics.nv	STALE	CODEGEN-FAIL	CODEGEN-FAIL: \\?\D:\Sources\nv-lang\nova-198\nova_tests\strings\plan139_1_str_lang_item_basic_ok.nv:16:12: error: [E_STR_NO_LEN] `str.len()` was retired (D249 lens model): a `str` has three diverging lengths, so leng...
nova_tests/strings/str_builder_unicode.nv	STALE	CODEGEN-FAIL	CODEGEN-FAIL: \\?\D:\Sources\nv-lang\nova-198\nova_tests\strings\plan139_1_str_lang_item_basic_ok.nv:16:12: error: [E_STR_NO_LEN] `str.len()` was retired (D249 lens model): a `str` has three diverging lengths, so leng...
nova_tests/sync/neg/plan103_3_mutex_double_unlock_neg.nv	MIGRATE	PASS	compiles+passes; target spec_tests/conformance (language-feature test) unless std-module-shaped
nova_tests/sync/neg/plan103_3_mutex_with_lock_in_realtime_neg.nv	MIGRATE	PASS	compiles+passes; target spec_tests/conformance (language-feature test) unless std-module-shaped
nova_tests/sync/neg/plan103_3_reentrant_unlock_from_wrong_fiber_neg.nv	STALE	TIMEOUT	TIMEOUT: killed after 17056ms
nova_tests/sync/neg/plan103_3_reentrant_unlock_not_locked_neg.nv	MIGRATE	PASS	compiles+passes; target spec_tests/conformance (language-feature test) unless std-module-shaped
nova_tests/sync/neg/plan103_3_rwlock_mix_read_write_lock_neg.nv	MIGRATE	PASS	compiles+passes; target spec_tests/conformance (language-feature test) unless std-module-shaped
nova_tests/sync/neg/plan103_3_rwlock_read_unlock_without_lock_neg.nv	MIGRATE	PASS	compiles+passes; target spec_tests/conformance (language-feature test) unless std-module-shaped
nova_tests/sync/neg/plan103_3_rwlock_write_unlock_without_lock_neg.nv	MIGRATE	PASS	compiles+passes; target spec_tests/conformance (language-feature test) unless std-module-shaped
nova_tests/sync/neg/plan103_4_barrier_zero_parties_neg.nv	MIGRATE	PASS	compiles+passes; target spec_tests/conformance (language-feature test) unless std-module-shaped
nova_tests/sync/neg/plan103_4_condvar_in_realtime_neg.nv	MIGRATE	PASS	compiles+passes; target spec_tests/conformance (language-feature test) unless std-module-shaped
nova_tests/sync/neg/plan103_4_condvar_wait_without_lock_neg.nv	MIGRATE	PASS	compiles+passes; target spec_tests/conformance (language-feature test) unless std-module-shaped
nova_tests/sync/neg/plan103_4_countdown_init_zero_or_negative_neg.nv	MIGRATE	PASS	compiles+passes; target spec_tests/conformance (language-feature test) unless std-module-shaped
nova_tests/sync/neg/plan103_4_semaphore_negative_init_permits_neg.nv	MIGRATE	PASS	compiles+passes; target spec_tests/conformance (language-feature test) unless std-module-shaped
nova_tests/sync/neg/plan103_5_lazy_in_realtime_neg.nv	MIGRATE	PASS	compiles+passes; target spec_tests/conformance (language-feature test) unless std-module-shaped
nova_tests/sync/neg/plan103_5_once_call_once_in_realtime_neg.nv	MIGRATE	PASS	compiles+passes; target spec_tests/conformance (language-feature test) unless std-module-shaped
nova_tests/sync/neg/plan103_5_once_done_without_run_neg.nv	MIGRATE	PASS	compiles+passes; target spec_tests/conformance (language-feature test) unless std-module-shaped
nova_tests/sync/neg/plan103_5_oncecell_in_realtime_neg.nv	MIGRATE	PASS	compiles+passes; target spec_tests/conformance (language-feature test) unless std-module-shaped
nova_tests/sync/plan103_3_mutex_reentrant_deadlock_doc.nv	STALE	RUN-FAIL	RUN-FAIL:   PASS: mutex released via Fail handler on throw |   FAIL: write lock released on panic via defer — test panic in write block |   PASS: count_down at count==0 is no-op, never panics (saturating semantic) |...
nova_tests/sync/plan103_3_mutex_try_lock_for_success.nv	STALE	RUN-FAIL	RUN-FAIL:   PASS: mutex released via Fail handler on throw |   FAIL: write lock released on panic via defer — test panic in write block |   PASS: count_down at count==0 is no-op, never panics (saturating semantic) |...
nova_tests/sync/plan103_3_mutex_with_lock_panic_safety.nv	STALE	RUN-FAIL	RUN-FAIL:   PASS: mutex released via Fail handler on throw |   FAIL: write lock released on panic via defer — test panic in write block |   PASS: count_down at count==0 is no-op, never panics (saturating semantic) |...
nova_tests/sync/plan103_3_reentrant_count_invariant.nv	STALE	RUN-FAIL	RUN-FAIL:   PASS: mutex released via Fail handler on throw |   FAIL: write lock released on panic via defer — test panic in write block |   PASS: count_down at count==0 is no-op, never panics (saturating semantic) |...
nova_tests/sync/plan103_3_reentrant_recursive_same_fiber.nv	STALE	RUN-FAIL	RUN-FAIL:   PASS: mutex released via Fail handler on throw |   FAIL: write lock released on panic via defer — test panic in write block |   PASS: count_down at count==0 is no-op, never panics (saturating semantic) |...
nova_tests/sync/plan103_3_rwlock_with_read_with_write_helpers.nv	STALE	RUN-FAIL	RUN-FAIL:   PASS: mutex released via Fail handler on throw |   FAIL: write lock released on panic via defer — test panic in write block |   PASS: count_down at count==0 is no-op, never panics (saturating semantic) |...
nova_tests/sync/plan103_4_countdown_count_down_at_zero_neg.nv	STALE	RUN-FAIL	RUN-FAIL:   PASS: mutex released via Fail handler on throw |   FAIL: write lock released on panic via defer — test panic in write block |   PASS: count_down at count==0 is no-op, never panics (saturating semantic) |...
nova_tests/sync/plan103_4_semaphore_release_more_than_acquired_neg.nv	STALE	RUN-FAIL	RUN-FAIL:   PASS: mutex released via Fail handler on throw |   FAIL: write lock released on panic via defer — test panic in write block |   PASS: count_down at count==0 is no-op, never panics (saturating semantic) |...
nova_tests/sync/plan103_4_semaphore_with_permit_panic_safety.nv	STALE	RUN-FAIL	RUN-FAIL:   PASS: mutex released via Fail handler on throw |   FAIL: write lock released on panic via defer — test panic in write block |   PASS: count_down at count==0 is no-op, never panics (saturating semantic) |...
nova_tests/sync/plan103_5_lazy_force_idempotent.nv	STALE	RUN-FAIL	RUN-FAIL:   PASS: mutex released via Fail handler on throw |   FAIL: write lock released on panic via defer — test panic in write block |   PASS: count_down at count==0 is no-op, never panics (saturating semantic) |...
nova_tests/sync/plan103_5_lazy_is_forced.nv	STALE	RUN-FAIL	RUN-FAIL:   PASS: mutex released via Fail handler on throw |   FAIL: write lock released on panic via defer — test panic in write block |   PASS: count_down at count==0 is no-op, never panics (saturating semantic) |...
nova_tests/sync/plan103_5_lazy_no_double_init_prop.nv	STALE	RUN-FAIL	RUN-FAIL:   PASS: mutex released via Fail handler on throw |   FAIL: write lock released on panic via defer — test panic in write block |   PASS: count_down at count==0 is no-op, never panics (saturating semantic) |...
nova_tests/sync/plan103_5_lazy_panic_poisons.nv	STALE	RUN-FAIL	RUN-FAIL:   PASS: mutex released via Fail handler on throw |   FAIL: write lock released on panic via defer — test panic in write block |   PASS: count_down at count==0 is no-op, never panics (saturating semantic) |...
nova_tests/sync/plan103_5_once_call_once_exactly_once.nv	STALE	RUN-FAIL	RUN-FAIL:   PASS: mutex released via Fail handler on throw |   FAIL: write lock released on panic via defer — test panic in write block |   PASS: count_down at count==0 is no-op, never panics (saturating semantic) |...
nova_tests/sync/plan103_5_once_call_once_panic_poisons.nv	STALE	RUN-FAIL	RUN-FAIL:   PASS: mutex released via Fail handler on throw |   FAIL: write lock released on panic via defer — test panic in write block |   PASS: count_down at count==0 is no-op, never panics (saturating semantic) |...
nova_tests/sync/plan103_5_once_is_completed_observable.nv	STALE	RUN-FAIL	RUN-FAIL:   PASS: mutex released via Fail handler on throw |   FAIL: write lock released on panic via defer — test panic in write block |   PASS: count_down at count==0 is no-op, never panics (saturating semantic) |...
nova_tests/sync/plan103_5_oncecell_get_or_init_exactly_once.nv	STALE	RUN-FAIL	RUN-FAIL:   PASS: mutex released via Fail handler on throw |   FAIL: write lock released on panic via defer — test panic in write block |   PASS: count_down at count==0 is no-op, never panics (saturating semantic) |...
nova_tests/sync/plan103_5_oncecell_get_or_init_recursive_neg.nv	STALE	RUN-FAIL	RUN-FAIL:   PASS: mutex released via Fail handler on throw |   FAIL: write lock released on panic via defer — test panic in write block |   PASS: count_down at count==0 is no-op, never panics (saturating semantic) |...
nova_tests/sync/plan103_5_oncecell_init_exactly_once_under_contention.nv	STALE	RUN-FAIL	RUN-FAIL:   PASS: mutex released via Fail handler on throw |   FAIL: write lock released on panic via defer — test panic in write block |   PASS: count_down at count==0 is no-op, never panics (saturating semantic) |...
nova_tests/sync/plan103_5_oncecell_panic_in_init_retries.nv	STALE	RUN-FAIL	RUN-FAIL:   PASS: mutex released via Fail handler on throw |   FAIL: write lock released on panic via defer — test panic in write block |   PASS: count_down at count==0 is no-op, never panics (saturating semantic) |...
nova_tests/sync/plan103_5_oncecell_set_first_wins.nv	STALE	RUN-FAIL	RUN-FAIL:   PASS: mutex released via Fail handler on throw |   FAIL: write lock released on panic via defer — test panic in write block |   PASS: count_down at count==0 is no-op, never panics (saturating semantic) |...
nova_tests/sync/plan103_5_oncecell_set_then_take_then_set_seq.nv	STALE	RUN-FAIL	RUN-FAIL:   PASS: mutex released via Fail handler on throw |   FAIL: write lock released on panic via defer — test panic in write block |   PASS: count_down at count==0 is no-op, never panics (saturating semantic) |...
nova_tests/sync/plan103_5_oncecell_take_resets.nv	STALE	RUN-FAIL	RUN-FAIL:   PASS: mutex released via Fail handler on throw |   FAIL: write lock released on panic via defer — test panic in write block |   PASS: count_down at count==0 is no-op, never panics (saturating semantic) |...
nova_tests/syntax/anonymous_embed.nv	STALE	CODEGEN-FAIL	CODEGEN-FAIL: \\?\D:\Sources\nv-lang\nova-198\nova_tests\syntax\methods_on_primitives.nv:14:1: error: [E_METHOD_REDEFINITION] метод `int.is_positive` уже определён (std/prelude или импортир...
nova_tests/syntax/as_cast.nv	STALE	CODEGEN-FAIL	CODEGEN-FAIL: \\?\D:\Sources\nv-lang\nova-198\nova_tests\syntax\methods_on_primitives.nv:14:1: error: [E_METHOD_REDEFINITION] метод `int.is_positive` уже определён (std/prelude или импортир...
nova_tests/syntax/as_cast_char_literal.nv	STALE	CODEGEN-FAIL	CODEGEN-FAIL: \\?\D:\Sources\nv-lang\nova-198\nova_tests\syntax\methods_on_primitives.nv:14:1: error: [E_METHOD_REDEFINITION] метод `int.is_positive` уже определён (std/prelude или импортир...
nova_tests/syntax/as_cast_float.nv	STALE	CODEGEN-FAIL	CODEGEN-FAIL: \\?\D:\Sources\nv-lang\nova-198\nova_tests\syntax\methods_on_primitives.nv:14:1: error: [E_METHOD_REDEFINITION] метод `int.is_positive` уже определён (std/prelude или импортир...
nova_tests/syntax/as_cast_restrictions.nv	STALE	CODEGEN-FAIL	CODEGEN-FAIL: \\?\D:\Sources\nv-lang\nova-198\nova_tests\syntax\methods_on_primitives.nv:14:1: error: [E_METHOD_REDEFINITION] метод `int.is_positive` уже определён (std/prelude или импортир...
nova_tests/syntax/closure_bidir_inference.nv	STALE	CODEGEN-FAIL	CODEGEN-FAIL: \\?\D:\Sources\nv-lang\nova-198\nova_tests\syntax\methods_on_primitives.nv:14:1: error: [E_METHOD_REDEFINITION] метод `int.is_positive` уже определён (std/prelude или импортир...
nova_tests/syntax/closure_bidir_typed_explicit.nv	STALE	CODEGEN-FAIL	CODEGEN-FAIL: \\?\D:\Sources\nv-lang\nova-198\nova_tests\syntax\methods_on_primitives.nv:14:1: error: [E_METHOD_REDEFINITION] метод `int.is_positive` уже определён (std/prelude или импортир...
nova_tests/syntax/closure_capture_through_fnparam.nv	STALE	CODEGEN-FAIL	CODEGEN-FAIL: \\?\D:\Sources\nv-lang\nova-198\nova_tests\syntax\methods_on_primitives.nv:14:1: error: [E_METHOD_REDEFINITION] метод `int.is_positive` уже определён (std/prelude или импортир...
nova_tests/syntax/closure_corner_cases.nv	STALE	CODEGEN-FAIL	CODEGEN-FAIL: \\?\D:\Sources\nv-lang\nova-198\nova_tests\syntax\methods_on_primitives.nv:14:1: error: [E_METHOD_REDEFINITION] метод `int.is_positive` уже определён (std/prelude или импортир...
nova_tests/syntax/closure_free_var_resolution.nv	STALE	CODEGEN-FAIL	CODEGEN-FAIL: \\?\D:\Sources\nv-lang\nova-198\nova_tests\syntax\methods_on_primitives.nv:14:1: error: [E_METHOD_REDEFINITION] метод `int.is_positive` уже определён (std/prelude или импортир...
nova_tests/syntax/closure_mut_capture_escape.nv	STALE	CODEGEN-FAIL	CODEGEN-FAIL: \\?\D:\Sources\nv-lang\nova-198\nova_tests\syntax\methods_on_primitives.nv:14:1: error: [E_METHOD_REDEFINITION] метод `int.is_positive` уже определён (std/prelude или импортир...
nova_tests/syntax/closure_rev.nv	STALE	CODEGEN-FAIL	CODEGEN-FAIL: \\?\D:\Sources\nv-lang\nova-198\nova_tests\syntax\methods_on_primitives.nv:14:1: error: [E_METHOD_REDEFINITION] метод `int.is_positive` уже определён (std/prelude или импортир...
nova_tests/syntax/closure_unit_return_inference.nv	STALE	CODEGEN-FAIL	CODEGEN-FAIL: \\?\D:\Sources\nv-lang\nova-198\nova_tests\syntax\methods_on_primitives.nv:14:1: error: [E_METHOD_REDEFINITION] метод `int.is_positive` уже определён (std/prelude или импортир...
nova_tests/syntax/closures.nv	STALE	CODEGEN-FAIL	CODEGEN-FAIL: \\?\D:\Sources\nv-lang\nova-198\nova_tests\syntax\methods_on_primitives.nv:14:1: error: [E_METHOD_REDEFINITION] метод `int.is_positive` уже определён (std/prelude или импортир...
nova_tests/syntax/coalesce_and_annotations.nv	STALE	CODEGEN-FAIL	CODEGEN-FAIL: \\?\D:\Sources\nv-lang\nova-198\nova_tests\syntax\methods_on_primitives.nv:14:1: error: [E_METHOD_REDEFINITION] метод `int.is_positive` уже определён (std/prelude или импортир...
nova_tests/syntax/compound_assign.nv	STALE	CODEGEN-FAIL	CODEGEN-FAIL: \\?\D:\Sources\nv-lang\nova-198\nova_tests\syntax\methods_on_primitives.nv:14:1: error: [E_METHOD_REDEFINITION] метод `int.is_positive` уже определён (std/prelude или импортир...
nova_tests/syntax/const_complex.nv	STALE	CODEGEN-FAIL	CODEGEN-FAIL: \\?\D:\Sources\nv-lang\nova-198\nova_tests\syntax\methods_on_primitives.nv:14:1: error: [E_METHOD_REDEFINITION] метод `int.is_positive` уже определён (std/prelude или импортир...
nova_tests/syntax/defer_advanced.nv	STALE	CODEGEN-FAIL	CODEGEN-FAIL: \\?\D:\Sources\nv-lang\nova-198\nova_tests\syntax\methods_on_primitives.nv:14:1: error: [E_METHOD_REDEFINITION] метод `int.is_positive` уже определён (std/prelude или импортир...
nova_tests/syntax/defer_basic.nv	STALE	CODEGEN-FAIL	CODEGEN-FAIL: \\?\D:\Sources\nv-lang\nova-198\nova_tests\syntax\methods_on_primitives.nv:14:1: error: [E_METHOD_REDEFINITION] метод `int.is_positive` уже определён (std/prelude или импортир...
nova_tests/syntax/defer_edge_cases.nv	STALE	CODEGEN-FAIL	CODEGEN-FAIL: \\?\D:\Sources\nv-lang\nova-198\nova_tests\syntax\methods_on_primitives.nv:14:1: error: [E_METHOD_REDEFINITION] метод `int.is_positive` уже определён (std/prelude или импортир...
nova_tests/syntax/defer_in_blocks.nv	STALE	CODEGEN-FAIL	CODEGEN-FAIL: \\?\D:\Sources\nv-lang\nova-198\nova_tests\syntax\methods_on_primitives.nv:14:1: error: [E_METHOD_REDEFINITION] метод `int.is_positive` уже определён (std/prelude или импортир...
nova_tests/syntax/defer_in_generic.nv	STALE	CODEGEN-FAIL	CODEGEN-FAIL: \\?\D:\Sources\nv-lang\nova-198\nova_tests\syntax\methods_on_primitives.nv:14:1: error: [E_METHOD_REDEFINITION] метод `int.is_positive` уже определён (std/prelude или импортир...
nova_tests/syntax/defer_nested_in_body.nv	STALE	CODEGEN-FAIL	CODEGEN-FAIL: \\?\D:\Sources\nv-lang\nova-198\nova_tests\syntax\methods_on_primitives.nv:14:1: error: [E_METHOD_REDEFINITION] метод `int.is_positive` уже определён (std/prelude или импортир...
nova_tests/syntax/defer_with_closure_callback.nv	STALE	CODEGEN-FAIL	CODEGEN-FAIL: \\?\D:\Sources\nv-lang\nova-198\nova_tests\syntax\methods_on_primitives.nv:14:1: error: [E_METHOD_REDEFINITION] метод `int.is_positive` уже определён (std/prelude или импортир...
nova_tests/syntax/fn_first_class.nv	STALE	CODEGEN-FAIL	CODEGEN-FAIL: \\?\D:\Sources\nv-lang\nova-198\nova_tests\syntax\methods_on_primitives.nv:14:1: error: [E_METHOD_REDEFINITION] метод `int.is_positive` уже определён (std/prelude или импортир...
nova_tests/syntax/for_in_array.nv	STALE	CODEGEN-FAIL	CODEGEN-FAIL: \\?\D:\Sources\nv-lang\nova-198\nova_tests\syntax\methods_on_primitives.nv:14:1: error: [E_METHOD_REDEFINITION] метод `int.is_positive` уже определён (std/prelude или импортир...
nova_tests/syntax/for_in_iter_resolution.nv	STALE	CODEGEN-FAIL	CODEGEN-FAIL: \\?\D:\Sources\nv-lang\nova-198\nova_tests\syntax\methods_on_primitives.nv:14:1: error: [E_METHOD_REDEFINITION] метод `int.is_positive` уже определён (std/prelude или импортир...
nova_tests/syntax/for_in_range_iter.nv	STALE	CODEGEN-FAIL	CODEGEN-FAIL: \\?\D:\Sources\nv-lang\nova-198\nova_tests\syntax\methods_on_primitives.nv:14:1: error: [E_METHOD_REDEFINITION] метод `int.is_positive` уже определён (std/prelude или импортир...
nova_tests/syntax/for_iter.nv	STALE	CODEGEN-FAIL	CODEGEN-FAIL: \\?\D:\Sources\nv-lang\nova-198\nova_tests\syntax\methods_on_primitives.nv:14:1: error: [E_METHOD_REDEFINITION] метод `int.is_positive` уже определён (std/prelude или импортир...
nova_tests/syntax/for_iter_implicit.nv	STALE	CODEGEN-FAIL	CODEGEN-FAIL: \\?\D:\Sources\nv-lang\nova-198\nova_tests\syntax\methods_on_primitives.nv:14:1: error: [E_METHOD_REDEFINITION] метод `int.is_positive` уже определён (std/prelude или импортир...
nova_tests/syntax/for_iter_tuple.nv	STALE	CODEGEN-FAIL	CODEGEN-FAIL: \\?\D:\Sources\nv-lang\nova-198\nova_tests\syntax\methods_on_primitives.nv:14:1: error: [E_METHOD_REDEFINITION] метод `int.is_positive` уже определён (std/prelude или импортир...
nova_tests/syntax/for_iter_typed.nv	STALE	CODEGEN-FAIL	CODEGEN-FAIL: \\?\D:\Sources\nv-lang\nova-198\nova_tests\syntax\methods_on_primitives.nv:14:1: error: [E_METHOD_REDEFINITION] метод `int.is_positive` уже определён (std/prelude или импортир...
nova_tests/syntax/higher_order.nv	STALE	CODEGEN-FAIL	CODEGEN-FAIL: \\?\D:\Sources\nv-lang\nova-198\nova_tests\syntax\methods_on_primitives.nv:14:1: error: [E_METHOD_REDEFINITION] метод `int.is_positive` уже определён (std/prelude или импортир...
nova_tests/syntax/if_let.nv	STALE	CODEGEN-FAIL	CODEGEN-FAIL: \\?\D:\Sources\nv-lang\nova-198\nova_tests\syntax\methods_on_primitives.nv:14:1: error: [E_METHOD_REDEFINITION] метод `int.is_positive` уже определён (std/prelude или импортир...
nova_tests/syntax/is_sum.nv	STALE	CODEGEN-FAIL	CODEGEN-FAIL: \\?\D:\Sources\nv-lang\nova-198\nova_tests\syntax\methods_on_primitives.nv:14:1: error: [E_METHOD_REDEFINITION] метод `int.is_positive` уже определён (std/prelude или импортир...
nova_tests/syntax/let_destructure_channel_dedup.nv	STALE	CODEGEN-FAIL	CODEGEN-FAIL: \\?\D:\Sources\nv-lang\nova-198\nova_tests\syntax\methods_on_primitives.nv:14:1: error: [E_METHOD_REDEFINITION] метод `int.is_positive` уже определён (std/prelude или импортир...
nova_tests/syntax/let_destructure_mutable.nv	STALE	CODEGEN-FAIL	CODEGEN-FAIL: \\?\D:\Sources\nv-lang\nova-198\nova_tests\syntax\methods_on_primitives.nv:14:1: error: [E_METHOD_REDEFINITION] метод `int.is_positive` уже определён (std/prelude или импортир...
nova_tests/syntax/let_destructure_record.nv	STALE	CODEGEN-FAIL	CODEGEN-FAIL: \\?\D:\Sources\nv-lang\nova-198\nova_tests\syntax\methods_on_primitives.nv:14:1: error: [E_METHOD_REDEFINITION] метод `int.is_positive` уже определён (std/prelude или импортир...
nova_tests/syntax/match_advanced.nv	STALE	CODEGEN-FAIL	CODEGEN-FAIL: \\?\D:\Sources\nv-lang\nova-198\nova_tests\syntax\methods_on_primitives.nv:14:1: error: [E_METHOD_REDEFINITION] метод `int.is_positive` уже определён (std/prelude или импортир...
nova_tests/syntax/method_values.nv	STALE	CODEGEN-FAIL	CODEGEN-FAIL: \\?\D:\Sources\nv-lang\nova-198\nova_tests\syntax\methods_on_primitives.nv:14:1: error: [E_METHOD_REDEFINITION] метод `int.is_positive` уже определён (std/prelude или импортир...
nova_tests/syntax/methods.nv	STALE	CODEGEN-FAIL	CODEGEN-FAIL: \\?\D:\Sources\nv-lang\nova-198\nova_tests\syntax\methods_on_primitives.nv:14:1: error: [E_METHOD_REDEFINITION] метод `int.is_positive` уже определён (std/prelude или импортир...
nova_tests/syntax/methods_on_primitives.nv	STALE	CODEGEN-FAIL	CODEGEN-FAIL: \\?\D:\Sources\nv-lang\nova-198\nova_tests\syntax\methods_on_primitives.nv:14:1: error: [E_METHOD_REDEFINITION] метод `int.is_positive` уже определён (std/prelude или импортир...
nova_tests/syntax/misc_ops.nv	STALE	CODEGEN-FAIL	CODEGEN-FAIL: \\?\D:\Sources\nv-lang\nova-198\nova_tests\syntax\methods_on_primitives.nv:14:1: error: [E_METHOD_REDEFINITION] метод `int.is_positive` уже определён (std/prelude или импортир...
nova_tests/syntax/overload.nv	STALE	CODEGEN-FAIL	CODEGEN-FAIL: \\?\D:\Sources\nv-lang\nova-198\nova_tests\syntax\methods_on_primitives.nv:14:1: error: [E_METHOD_REDEFINITION] метод `int.is_positive` уже определён (std/prelude или импортир...
nova_tests/syntax/overload_free_fn.nv	STALE	CODEGEN-FAIL	CODEGEN-FAIL: \\?\D:\Sources\nv-lang\nova-198\nova_tests\syntax\methods_on_primitives.nv:14:1: error: [E_METHOD_REDEFINITION] метод `int.is_positive` уже определён (std/prelude или импортир...
nova_tests/syntax/overload_method_values.nv	STALE	CODEGEN-FAIL	CODEGEN-FAIL: \\?\D:\Sources\nv-lang\nova-198\nova_tests\syntax\methods_on_primitives.nv:14:1: error: [E_METHOD_REDEFINITION] метод `int.is_positive` уже определён (std/prelude или импортир...
nova_tests/syntax/pattern_matching.nv	STALE	CODEGEN-FAIL	CODEGEN-FAIL: \\?\D:\Sources\nv-lang\nova-198\nova_tests\syntax\methods_on_primitives.nv:14:1: error: [E_METHOD_REDEFINITION] метод `int.is_positive` уже определён (std/prelude или импортир...
nova_tests/syntax/postfix_bang_bang.nv	STALE	CODEGEN-FAIL	CODEGEN-FAIL: \\?\D:\Sources\nv-lang\nova-198\nova_tests\syntax\methods_on_primitives.nv:14:1: error: [E_METHOD_REDEFINITION] метод `int.is_positive` уже определён (std/prelude или импортир...
nova_tests/syntax/record_literal_type_once.nv	STALE	CODEGEN-FAIL	CODEGEN-FAIL: \\?\D:\Sources\nv-lang\nova-198\nova_tests\syntax\methods_on_primitives.nv:14:1: error: [E_METHOD_REDEFINITION] метод `int.is_positive` уже определён (std/prelude или импортир...
nova_tests/syntax/self_in_expr.nv	STALE	CODEGEN-FAIL	CODEGEN-FAIL: \\?\D:\Sources\nv-lang\nova-198\nova_tests\syntax\methods_on_primitives.nv:14:1: error: [E_METHOD_REDEFINITION] метод `int.is_positive` уже определён (std/prelude или импортир...
nova_tests/syntax/step_by_cross_file.nv	STALE	CODEGEN-FAIL	CODEGEN-FAIL: \\?\D:\Sources\nv-lang\nova-198\nova_tests\syntax\methods_on_primitives.nv:14:1: error: [E_METHOD_REDEFINITION] метод `int.is_positive` уже определён (std/prelude или импортир...
nova_tests/syntax/strict_if_bool.nv	STALE	CODEGEN-FAIL	CODEGEN-FAIL: \\?\D:\Sources\nv-lang\nova-198\nova_tests\syntax\methods_on_primitives.nv:14:1: error: [E_METHOD_REDEFINITION] метод `int.is_positive` уже определён (std/prelude или импортир...
nova_tests/syntax/throw_in_expression.nv	STALE	CODEGEN-FAIL	CODEGEN-FAIL: \\?\D:\Sources\nv-lang\nova-198\nova_tests\syntax\methods_on_primitives.nv:14:1: error: [E_METHOD_REDEFINITION] метод `int.is_positive` уже определён (std/prelude или импортир...
nova_tests/syntax/variadic.nv	STALE	CODEGEN-FAIL	CODEGEN-FAIL: \\?\D:\Sources\nv-lang\nova-198\nova_tests\syntax\methods_on_primitives.nv:14:1: error: [E_METHOD_REDEFINITION] метод `int.is_positive` уже определён (std/prelude или импортир...
nova_tests/syntax_probe/named_tuple_singleline_ok.nv	MIGRATE	PASS	compiles+passes; target spec_tests/conformance (language-feature test) unless std-module-shaped
nova_tests/syntax_probe/record_multiline_ok.nv	MIGRATE	PASS	compiles+passes; target spec_tests/conformance (language-feature test) unless std-module-shaped
nova_tests/types/alias_tagged.nv	STALE	CODEGEN-FAIL	CODEGEN-FAIL: D:\Sources\nv-lang\nova-198\nova_tests/types\alias_tagged.nv:48:12: error: undefined identifier `sql`
nova_tests/types/arrays.nv	STALE	CODEGEN-FAIL	CODEGEN-FAIL: D:\Sources\nv-lang\nova-198\nova_tests/types\alias_tagged.nv:48:12: error: undefined identifier `sql`
nova_tests/types/bitwise.nv	STALE	CODEGEN-FAIL	CODEGEN-FAIL: D:\Sources\nv-lang\nova-198\nova_tests/types\alias_tagged.nv:48:12: error: undefined identifier `sql`
nova_tests/types/char_literals.nv	STALE	CODEGEN-FAIL	CODEGEN-FAIL: D:\Sources\nv-lang\nova-198\nova_tests/types\alias_tagged.nv:48:12: error: undefined identifier `sql`
nova_tests/types/generic_bounds.nv	STALE	CODEGEN-FAIL	CODEGEN-FAIL: D:\Sources\nv-lang\nova-198\nova_tests/types\alias_tagged.nv:48:12: error: undefined identifier `sql`
nova_tests/types/generic_default_d88.nv	STALE	CODEGEN-FAIL	CODEGEN-FAIL: D:\Sources\nv-lang\nova-198\nova_tests/types\alias_tagged.nv:48:12: error: undefined identifier `sql`
nova_tests/types/generic_record_mono.nv	STALE	CODEGEN-FAIL	CODEGEN-FAIL: D:\Sources\nv-lang\nova-198\nova_tests/types\alias_tagged.nv:48:12: error: undefined identifier `sql`
nova_tests/types/generics.nv	STALE	CODEGEN-FAIL	CODEGEN-FAIL: D:\Sources\nv-lang\nova-198\nova_tests/types\alias_tagged.nv:48:12: error: undefined identifier `sql`
nova_tests/types/handler_flow_inference.nv	STALE	CODEGEN-FAIL	CODEGEN-FAIL: D:\Sources\nv-lang\nova-198\nova_tests/types\alias_tagged.nv:48:12: error: undefined identifier `sql`
nova_tests/types/mut_state.nv	STALE	CODEGEN-FAIL	CODEGEN-FAIL: D:\Sources\nv-lang\nova-198\nova_tests/types\alias_tagged.nv:48:12: error: undefined identifier `sql`
nova_tests/types/numeric_constants.nv	STALE	CODEGEN-FAIL	CODEGEN-FAIL: D:\Sources\nv-lang\nova-198\nova_tests/types\alias_tagged.nv:48:12: error: undefined identifier `sql`
nova_tests/types/ranges_for.nv	STALE	CODEGEN-FAIL	CODEGEN-FAIL: D:\Sources\nv-lang\nova-198\nova_tests/types\alias_tagged.nv:48:12: error: undefined identifier `sql`
nova_tests/types/record_variants.nv	STALE	CODEGEN-FAIL	CODEGEN-FAIL: D:\Sources\nv-lang\nova-198\nova_tests/types\alias_tagged.nv:48:12: error: undefined identifier `sql`
nova_tests/types/records.nv	STALE	CODEGEN-FAIL	CODEGEN-FAIL: D:\Sources\nv-lang\nova-198\nova_tests/types\alias_tagged.nv:48:12: error: undefined identifier `sql`
nova_tests/types/self_universal.nv	STALE	CODEGEN-FAIL	CODEGEN-FAIL: D:\Sources\nv-lang\nova-198\nova_tests/types\alias_tagged.nv:48:12: error: undefined identifier `sql`
nova_tests/types/str_compare.nv	STALE	CODEGEN-FAIL	CODEGEN-FAIL: D:\Sources\nv-lang\nova-198\nova_tests/types\alias_tagged.nv:48:12: error: undefined identifier `sql`
nova_tests/types/str_search.nv	STALE	CODEGEN-FAIL	CODEGEN-FAIL: D:\Sources\nv-lang\nova-198\nova_tests/types\alias_tagged.nv:48:12: error: undefined identifier `sql`
nova_tests/types/string_interpolation.nv	STALE	CODEGEN-FAIL	CODEGEN-FAIL: D:\Sources\nv-lang\nova-198\nova_tests/types\alias_tagged.nv:48:12: error: undefined identifier `sql`
nova_tests/types/strings.nv	STALE	CODEGEN-FAIL	CODEGEN-FAIL: D:\Sources\nv-lang\nova-198\nova_tests/types\alias_tagged.nv:48:12: error: undefined identifier `sql`
nova_tests/types/strings_extended.nv	STALE	CODEGEN-FAIL	CODEGEN-FAIL: D:\Sources\nv-lang\nova-198\nova_tests/types\alias_tagged.nv:48:12: error: undefined identifier `sql`
nova_tests/types/sum_types.nv	STALE	CODEGEN-FAIL	CODEGEN-FAIL: D:\Sources\nv-lang\nova-198\nova_tests/types\alias_tagged.nv:48:12: error: undefined identifier `sql`
nova_tests/unicode/neg/plan152_1_n_str_int_index.nv	MIGRATE	PASS	compiles+passes; target spec_tests/conformance (language-feature test) unless std-module-shaped
nova_tests/unicode/neg/plan152_3_n_char_unicode_opt_in.nv	MIGRATE	PASS	compiles+passes; target spec_tests/conformance (language-feature test) unless std-module-shaped
nova_tests/unicode/neg/plan152_4_n_case_opt_in.nv	MIGRATE	PASS	compiles+passes; target spec_tests/conformance (language-feature test) unless std-module-shaped
nova_tests/unicode/neg/plan152_4_n_ro_constexpr_prefers_const.nv	MIGRATE	PASS	compiles+passes; target spec_tests/conformance (language-feature test) unless std-module-shaped
nova_tests/unicode/neg/plan152_4_n_sentences_opt_in.nv	MIGRATE	PASS	compiles+passes; target spec_tests/conformance (language-feature test) unless std-module-shaped
nova_tests/unicode/neg/plan152_4_n_unicode_opt_in.nv	MIGRATE	PASS	compiles+passes; target spec_tests/conformance (language-feature test) unless std-module-shaped
nova_tests/unicode/neg/plan152_4_n_words_opt_in.nv	MIGRATE	PASS	compiles+passes; target spec_tests/conformance (language-feature test) unless std-module-shaped
nova_tests/unicode/neg/plan152_5_n_collation_opt_in.nv	MIGRATE	PASS	compiles+passes; target spec_tests/conformance (language-feature test) unless std-module-shaped
nova_tests/unicode/neg/plan152_7_n_bad_format_spec.nv	MIGRATE	PASS	compiles+passes; target spec_tests/conformance (language-feature test) unless std-module-shaped
nova_tests/unicode/neg/plan152_7_n_display_wrong_param.nv	MIGRATE	PASS	compiles+passes; target spec_tests/conformance (language-feature test) unless std-module-shaped
nova_tests/unicode/plan152_0_folder_split_golden.nv	STALE	CC-FAIL	CC-FAIL: D:\Sources\nv-lang\nova-198\nova_tests/unicode\plan152_0_folder_split_golden.c:79537:22: error: initializing 'NovaOpt_nova_str' (aka 'struct NovaOpt_nova_str') with an expression of incompatible type 'NovaOpt...
nova_tests/unicode/plan152_0_interpolation_intact.nv	STALE	CC-FAIL	CC-FAIL: D:\Sources\nv-lang\nova-198\nova_tests/unicode\plan152_0_folder_split_golden.c:79537:22: error: initializing 'NovaOpt_nova_str' (aka 'struct NovaOpt_nova_str') with an expression of incompatible type 'NovaOpt...
nova_tests/unicode/plan152_1_chars_iter.nv	STALE	CC-FAIL	CC-FAIL: D:\Sources\nv-lang\nova-198\nova_tests/unicode\plan152_0_folder_split_golden.c:79537:22: error: initializing 'NovaOpt_nova_str' (aka 'struct NovaOpt_nova_str') with an expression of incompatible type 'NovaOpt...
nova_tests/unicode/plan152_1_find_byte_offset.nv	STALE	CC-FAIL	CC-FAIL: D:\Sources\nv-lang\nova-198\nova_tests/unicode\plan152_0_folder_split_golden.c:79537:22: error: initializing 'NovaOpt_nova_str' (aka 'struct NovaOpt_nova_str') with an expression of incompatible type 'NovaOpt...
nova_tests/unicode/plan152_1_n_slice_split_codepoint.nv	STALE	CC-FAIL	CC-FAIL: D:\Sources\nv-lang\nova-198\nova_tests/unicode\plan152_0_folder_split_golden.c:79537:22: error: initializing 'NovaOpt_nova_str' (aka 'struct NovaOpt_nova_str') with an expression of incompatible type 'NovaOpt...
nova_tests/unicode/plan152_1_str_slice_byte.nv	STALE	CC-FAIL	CC-FAIL: D:\Sources\nv-lang\nova-198\nova_tests/unicode\plan152_0_folder_split_golden.c:79537:22: error: initializing 'NovaOpt_nova_str' (aka 'struct NovaOpt_nova_str') with an expression of incompatible type 'NovaOpt...
nova_tests/unicode/plan152_1_str_slice_methods.nv	STALE	CC-FAIL	CC-FAIL: D:\Sources\nv-lang\nova-198\nova_tests/unicode\plan152_0_folder_split_golden.c:79537:22: error: initializing 'NovaOpt_nova_str' (aka 'struct NovaOpt_nova_str') with an expression of incompatible type 'NovaOpt...
nova_tests/unicode/plan152_2_search_transform.nv	STALE	CC-FAIL	CC-FAIL: D:\Sources\nv-lang\nova-198\nova_tests/unicode\plan152_0_folder_split_golden.c:79537:22: error: initializing 'NovaOpt_nova_str' (aka 'struct NovaOpt_nova_str') with an expression of incompatible type 'NovaOpt...
nova_tests/unicode/plan152_2_split_family.nv	STALE	CC-FAIL	CC-FAIL: D:\Sources\nv-lang\nova-198\nova_tests/unicode\plan152_0_folder_split_golden.c:79537:22: error: initializing 'NovaOpt_nova_str' (aka 'struct NovaOpt_nova_str') with an expression of incompatible type 'NovaOpt...
nova_tests/unicode/plan152_2_trim_strip.nv	STALE	CC-FAIL	CC-FAIL: D:\Sources\nv-lang\nova-198\nova_tests/unicode\plan152_0_folder_split_golden.c:79537:22: error: initializing 'NovaOpt_nova_str' (aka 'struct NovaOpt_nova_str') with an expression of incompatible type 'NovaOpt...
nova_tests/unicode/plan152_3_category_conformance.nv	STALE	CC-FAIL	CC-FAIL: D:\Sources\nv-lang\nova-198\nova_tests/unicode\plan152_0_folder_split_golden.c:79537:22: error: initializing 'NovaOpt_nova_str' (aka 'struct NovaOpt_nova_str') with an expression of incompatible type 'NovaOpt...
nova_tests/unicode/plan152_3_char_ascii.nv	STALE	CC-FAIL	CC-FAIL: D:\Sources\nv-lang\nova-198\nova_tests/unicode\plan152_0_folder_split_golden.c:79537:22: error: initializing 'NovaOpt_nova_str' (aka 'struct NovaOpt_nova_str') with an expression of incompatible type 'NovaOpt...
nova_tests/unicode/plan152_3_char_unicode.nv	STALE	CC-FAIL	CC-FAIL: D:\Sources\nv-lang\nova-198\nova_tests/unicode\plan152_0_folder_split_golden.c:79537:22: error: initializing 'NovaOpt_nova_str' (aka 'struct NovaOpt_nova_str') with an expression of incompatible type 'NovaOpt...
nova_tests/unicode/plan152_4_case.nv	STALE	CC-FAIL	CC-FAIL: D:\Sources\nv-lang\nova-198\nova_tests/unicode\plan152_0_folder_split_golden.c:79537:22: error: initializing 'NovaOpt_nova_str' (aka 'struct NovaOpt_nova_str') with an expression of incompatible type 'NovaOpt...
nova_tests/unicode/plan152_4_case_conformance.nv	STALE	CC-FAIL	CC-FAIL: D:\Sources\nv-lang\nova-198\nova_tests/unicode\plan152_0_folder_split_golden.c:79537:22: error: initializing 'NovaOpt_nova_str' (aka 'struct NovaOpt_nova_str') with an expression of incompatible type 'NovaOpt...
nova_tests/unicode/plan152_4_grapheme_conformance.nv	STALE	CC-FAIL	CC-FAIL: D:\Sources\nv-lang\nova-198\nova_tests/unicode\plan152_0_folder_split_golden.c:79537:22: error: initializing 'NovaOpt_nova_str' (aka 'struct NovaOpt_nova_str') with an expression of incompatible type 'NovaOpt...
nova_tests/unicode/plan152_4_graphemes.nv	STALE	CC-FAIL	CC-FAIL: D:\Sources\nv-lang\nova-198\nova_tests/unicode\plan152_0_folder_split_golden.c:79537:22: error: initializing 'NovaOpt_nova_str' (aka 'struct NovaOpt_nova_str') with an expression of incompatible type 'NovaOpt...
nova_tests/unicode/plan152_4_lazy_static_global.nv	STALE	CC-FAIL	CC-FAIL: D:\Sources\nv-lang\nova-198\nova_tests/unicode\plan152_0_folder_split_golden.c:79537:22: error: initializing 'NovaOpt_nova_str' (aka 'struct NovaOpt_nova_str') with an expression of incompatible type 'NovaOpt...
nova_tests/unicode/plan152_4_normalization_conformance.nv	STALE	CC-FAIL	CC-FAIL: D:\Sources\nv-lang\nova-198\nova_tests/unicode\plan152_0_folder_split_golden.c:79537:22: error: initializing 'NovaOpt_nova_str' (aka 'struct NovaOpt_nova_str') with an expression of incompatible type 'NovaOpt...
nova_tests/unicode/plan152_4_normalize.nv	STALE	CC-FAIL	CC-FAIL: D:\Sources\nv-lang\nova-198\nova_tests/unicode\plan152_0_folder_split_golden.c:79537:22: error: initializing 'NovaOpt_nova_str' (aka 'struct NovaOpt_nova_str') with an expression of incompatible type 'NovaOpt...
nova_tests/unicode/plan152_4_sentence_conformance.nv	STALE	CC-FAIL	CC-FAIL: D:\Sources\nv-lang\nova-198\nova_tests/unicode\plan152_0_folder_split_golden.c:79537:22: error: initializing 'NovaOpt_nova_str' (aka 'struct NovaOpt_nova_str') with an expression of incompatible type 'NovaOpt...
nova_tests/unicode/plan152_4_sentences.nv	STALE	CC-FAIL	CC-FAIL: D:\Sources\nv-lang\nova-198\nova_tests/unicode\plan152_0_folder_split_golden.c:79537:22: error: initializing 'NovaOpt_nova_str' (aka 'struct NovaOpt_nova_str') with an expression of incompatible type 'NovaOpt...
nova_tests/unicode/plan152_4_word_conformance.nv	STALE	CC-FAIL	CC-FAIL: D:\Sources\nv-lang\nova-198\nova_tests/unicode\plan152_0_folder_split_golden.c:79537:22: error: initializing 'NovaOpt_nova_str' (aka 'struct NovaOpt_nova_str') with an expression of incompatible type 'NovaOpt...
nova_tests/unicode/plan152_4_words.nv	STALE	CC-FAIL	CC-FAIL: D:\Sources\nv-lang\nova-198\nova_tests/unicode\plan152_0_folder_split_golden.c:79537:22: error: initializing 'NovaOpt_nova_str' (aka 'struct NovaOpt_nova_str') with an expression of incompatible type 'NovaOpt...
nova_tests/unicode/plan152_5_bench_operators_slow.nv	STALE	CC-FAIL	CC-FAIL: D:\Sources\nv-lang\nova-198\nova_tests/unicode\plan152_0_folder_split_golden.c:79537:22: error: initializing 'NovaOpt_nova_str' (aka 'struct NovaOpt_nova_str') with an expression of incompatible type 'NovaOpt...
nova_tests/unicode/plan152_5_collation.nv	STALE	CC-FAIL	CC-FAIL: D:\Sources\nv-lang\nova-198\nova_tests/unicode\plan152_0_folder_split_golden.c:79537:22: error: initializing 'NovaOpt_nova_str' (aka 'struct NovaOpt_nova_str') with an expression of incompatible type 'NovaOpt...
nova_tests/unicode/plan152_5_collation_conformance.nv	STALE	CC-FAIL	CC-FAIL: D:\Sources\nv-lang\nova-198\nova_tests/unicode\plan152_0_folder_split_golden.c:79537:22: error: initializing 'NovaOpt_nova_str' (aka 'struct NovaOpt_nova_str') with an expression of incompatible type 'NovaOpt...
nova_tests/unicode/plan152_5_comparison.nv	STALE	CC-FAIL	CC-FAIL: D:\Sources\nv-lang\nova-198\nova_tests/unicode\plan152_0_folder_split_golden.c:79537:22: error: initializing 'NovaOpt_nova_str' (aka 'struct NovaOpt_nova_str') with an expression of incompatible type 'NovaOpt...
nova_tests/unicode/plan152_5_n_eq_ignore_case_ascii_boundary.nv	STALE	CC-FAIL	CC-FAIL: D:\Sources\nv-lang\nova-198\nova_tests/unicode\plan152_0_folder_split_golden.c:79537:22: error: initializing 'NovaOpt_nova_str' (aka 'struct NovaOpt_nova_str') with an expression of incompatible type 'NovaOpt...
nova_tests/unicode/plan152_5_t5_eq_ignore_case.nv	STALE	CC-FAIL	CC-FAIL: D:\Sources\nv-lang\nova-198\nova_tests/unicode\plan152_0_folder_split_golden.c:79537:22: error: initializing 'NovaOpt_nova_str' (aka 'struct NovaOpt_nova_str') with an expression of incompatible type 'NovaOpt...
nova_tests/unicode/plan152_6_utf16_interop.nv	STALE	CC-FAIL	CC-FAIL: D:\Sources\nv-lang\nova-198\nova_tests/unicode\plan152_0_folder_split_golden.c:79537:22: error: initializing 'NovaOpt_nova_str' (aka 'struct NovaOpt_nova_str') with an expression of incompatible type 'NovaOpt...
nova_tests/unicode/plan152_7_t1_pos_width_align.nv	STALE	CC-FAIL	CC-FAIL: D:\Sources\nv-lang\nova-198\nova_tests/unicode\plan152_0_folder_split_golden.c:79537:22: error: initializing 'NovaOpt_nova_str' (aka 'struct NovaOpt_nova_str') with an expression of incompatible type 'NovaOpt...
nova_tests/unicode/plan152_7_t2_pos_zero_pad_sign.nv	STALE	CC-FAIL	CC-FAIL: D:\Sources\nv-lang\nova-198\nova_tests/unicode\plan152_0_folder_split_golden.c:79537:22: error: initializing 'NovaOpt_nova_str' (aka 'struct NovaOpt_nova_str') with an expression of incompatible type 'NovaOpt...
nova_tests/unicode/plan152_7_t3_pos_radix.nv	STALE	CC-FAIL	CC-FAIL: D:\Sources\nv-lang\nova-198\nova_tests/unicode\plan152_0_folder_split_golden.c:79537:22: error: initializing 'NovaOpt_nova_str' (aka 'struct NovaOpt_nova_str') with an expression of incompatible type 'NovaOpt...
nova_tests/unicode/plan152_7_t4_pos_precision.nv	STALE	CC-FAIL	CC-FAIL: D:\Sources\nv-lang\nova-198\nova_tests/unicode\plan152_0_folder_split_golden.c:79537:22: error: initializing 'NovaOpt_nova_str' (aka 'struct NovaOpt_nova_str') with an expression of incompatible type 'NovaOpt...
nova_tests/unicode/plan152_7_t6_write_sink_str.nv	STALE	CC-FAIL	CC-FAIL: D:\Sources\nv-lang\nova-198\nova_tests/unicode\plan152_0_folder_split_golden.c:79537:22: error: initializing 'NovaOpt_nova_str' (aka 'struct NovaOpt_nova_str') with an expression of incompatible type 'NovaOpt...
nova_tests/unicode/plan152_7_t7_write_sink_custom.nv	STALE	CC-FAIL	CC-FAIL: D:\Sources\nv-lang\nova-198\nova_tests/unicode\plan152_0_folder_split_golden.c:79537:22: error: initializing 'NovaOpt_nova_str' (aka 'struct NovaOpt_nova_str') with an expression of incompatible type 'NovaOpt...
nova_tests/unicode/plan152_7_t8_interp_unchanged.nv	STALE	CC-FAIL	CC-FAIL: D:\Sources\nv-lang\nova-198\nova_tests/unicode\plan152_0_folder_split_golden.c:79537:22: error: initializing 'NovaOpt_nova_str' (aka 'struct NovaOpt_nova_str') with an expression of incompatible type 'NovaOpt...
nova_tests/unicode/plan152_8_t1_normalize_nfc_ok.nv	STALE	CC-FAIL	CC-FAIL: D:\Sources\nv-lang\nova-198\nova_tests/unicode\plan152_0_folder_split_golden.c:79537:22: error: initializing 'NovaOpt_nova_str' (aka 'struct NovaOpt_nova_str') with an expression of incompatible type 'NovaOpt...
nova_tests/unicode/plan152_8_t2_case_fold_ok.nv	STALE	CC-FAIL	CC-FAIL: D:\Sources\nv-lang\nova-198\nova_tests/unicode\plan152_0_folder_split_golden.c:79537:22: error: initializing 'NovaOpt_nova_str' (aka 'struct NovaOpt_nova_str') with an expression of incompatible type 'NovaOpt...
nova_tests/unicode/plan152_8_t3_graphemes_ok.nv	STALE	CC-FAIL	CC-FAIL: D:\Sources\nv-lang\nova-198\nova_tests/unicode\plan152_0_folder_split_golden.c:79537:22: error: initializing 'NovaOpt_nova_str' (aka 'struct NovaOpt_nova_str') with an expression of incompatible type 'NovaOpt...
nova_tests/unicode/plan152_8_t4_collate_ok.nv	STALE	CC-FAIL	CC-FAIL: D:\Sources\nv-lang\nova-198\nova_tests/unicode\plan152_0_folder_split_golden.c:79537:22: error: initializing 'NovaOpt_nova_str' (aka 'struct NovaOpt_nova_str') with an expression of incompatible type 'NovaOpt...
nova_tests/unicode/plan152_8_t5_category_ok.nv	STALE	CC-FAIL	CC-FAIL: D:\Sources\nv-lang\nova-198\nova_tests/unicode\plan152_0_folder_split_golden.c:79537:22: error: initializing 'NovaOpt_nova_str' (aka 'struct NovaOpt_nova_str') with an expression of incompatible type 'NovaOpt...
nova_tests/unicode/plan152_8_t6_char_u32_ok.nv	STALE	CC-FAIL	CC-FAIL: D:\Sources\nv-lang\nova-198\nova_tests/unicode\plan152_0_folder_split_golden.c:79537:22: error: initializing 'NovaOpt_nova_str' (aka 'struct NovaOpt_nova_str') with an expression of incompatible type 'NovaOpt...
nova_tests/vec_elem_type/neg/n_user_generic_int_to_u32.nv	MIGRATE	PASS	compiles+passes; target spec_tests/conformance (language-feature test) unless std-module-shaped
nova_tests/vec_elem_type/neg/n_user_generic_record_mismatch.nv	MIGRATE	PASS	compiles+passes; target spec_tests/conformance (language-feature test) unless std-module-shaped
nova_tests/vec_elem_type/neg/n_vec_int_to_u32.nv	MIGRATE	PASS	compiles+passes; target spec_tests/conformance (language-feature test) unless std-module-shaped
nova_tests/vec_elem_type/pos.nv	MIGRATE	PASS	compiles+passes; target spec_tests/conformance (language-feature test) unless std-module-shaped
nova_tests/xmodule_struct_variant_ctor_a/kind.nv	STALE	CODEGEN-FAIL	CODEGEN-FAIL: [E_D78_MODULE_PATH_MISMATCH] module declaration does not match file path (D29 rev-3 + legacy)
nova_tests/xmodule_struct_variant_ctor_b/kind.nv	STALE	CODEGEN-FAIL	CODEGEN-FAIL: [E_D78_MODULE_PATH_MISMATCH] module declaration does not match file path (D29 rev-3 + legacy)
nova_tests/xmodule_struct_variant_ctor_test.nv	MIGRATE	PASS	compiles+passes; target spec_tests/conformance (language-feature test) unless std-module-shaped
